{"version":94,"hash":{"type":"Buffer","data":"fChGV9S7caBGVFw4kOC7uzRZLA7/ivVrwo4Nh/GdkGsL3t60utFHdBptffFz2vjbGERlGDYL1RoUX+8Di9l6YS7y/Z97CrkOKN3+LnQZX3+k7v4V6MJ3Nb2Lr8hv6dPp7nV7HIi6Zn24+LMAYbRH1kuOIxfoAcq6yYzDOnkdZpY="},"indexValueMap":{"CUeOvhr92s9TKa8yzjis4hdQA3RWDZm0CdD0dbM9/F8=":{"valueMac":{"type":"Buffer","data":"STeVMQ+P6V9Tix8aSHTHx4F7NRbNF5Pe7hrCbemxhWg="}},"DI9cLHCj40oLnHyrNEooXdRhGzufYQ34hYHB3UCxwZM=":{"valueMac":{"type":"Buffer","data":"90Ygxlq/bNb5dXjltMjGxaE/pMFhcV8aarfv0S902Fg="}},"DXM3DYb73kl42V9vxAaMT10zGlkmwdzBFlN94aHDkmE=":{"valueMac":{"type":"Buffer","data":"eeDDhuZIVCb6iDKSqJR5wijnSwZ+s5B5752Pb1bzd4U="}},"JUAJcLzP8KZuijWmnemm+CZLqss1TWrh++PUNeR72Cw=":{"valueMac":{"type":"Buffer","data":"MDVpv6n0AeqcFoR3mzLxMMduwgMiE1xD9QoDmKbCDTE="}},"LYNGtKLbzT0vB5PSsoVH8s0aUz2X1as1FFjTJxjYcpQ=":{"valueMac":{"type":"Buffer","data":"V4kGv0nk5NN1L97fUDfd/1TRrQaJsTa8annVmBnEml4="}},"LiTiShuSu5FJrvur6hLFiM6fTcLyV3jaO1EpOhAgoN0=":{"valueMac":{"type":"Buffer","data":"zePNTe0NYTQ2SDlWDUBTD+bBrjp8NDqaKVZaDBO8f5U="}},"LpctVyAk94d0YS5ibqs/jPt/DMSRcJmQJzZd8Ddm5pA=":{"valueMac":{"type":"Buffer","data":"OTrPAl311MyIpke7CKopyJpzBst+z4vkQ5GlV5zkYtk="}},"M+sU4sG2iH/1XTvHcwXyKKepqlIE3zZRmZtHnPubE4g=":{"valueMac":{"type":"Buffer","data":"vww9aUz7vk0ebfP+w5Dqptd4NEEzkCMTSKrzFkMUYf0="}},"Nm9UmpkGotZXpZOOGu34d8S1T53/k/YR5EhtNNYjNPU=":{"valueMac":{"type":"Buffer","data":"sHlTuygxiIrK0X0khHkgHX7af6CyJlcnWSm3w5hq3EY="}},"OgZARuFeXTGg52H0iG5y28Qe4cuTlEgjLX6piIsEnek=":{"valueMac":{"type":"Buffer","data":"FawZeIafCcQoKlfeYyH8miSzNZienAWLJAx7hymbk0Y="}},"SRT2ZzvRDhmqLRIUT1VQIDSJFDAXF24ncbPfxZ4hEcY=":{"valueMac":{"type":"Buffer","data":"ne8GesUQWjPXnWgXEo0rxVVCP4QvRw4qnfcHYy+4ojM="}},"Wp4z/nTGba6DnOpNnRPgUAmUs6s5KnGdVvDU0/UJxNc=":{"valueMac":{"type":"Buffer","data":"fFCqOhAjYlfzvjjQE4+P9Q55YUkxeVMRqC7pGL0o+uk="}},"Yei03gnDocpRUPhoZ3gL0SW9+3YDKmUWUtR3qs52uco=":{"valueMac":{"type":"Buffer","data":"EawC/s8qUqkVB1A0cudhufJtxuAXzP5kgGFIoCVmLas="}},"d6nZMJdf1/wUV8wvv6tmvmoC4h73W0Z/5IxW2TT5uss=":{"valueMac":{"type":"Buffer","data":"jTZm1GtrZ/LJxc9vT1crQFTaK1CHfdcYbg3ddLJPmJo="}},"d8/xt1P7nAujc5Tq7yUlVviD0kA/vMUnMAfHI6dsQqU=":{"valueMac":{"type":"Buffer","data":"qsxrzcHVoN8NWEgq5TUn/e85kFI4Sr/t4Tu8fLsC6Y0="}},"fWmNPvDHwy8A57JjmjoGovg25n/w3fL2I6aD+TOYHa4=":{"valueMac":{"type":"Buffer","data":"bnHSNXL09UK9wKgiT7nh8gxn/scihNrLnHeAtNP35LY="}},"jvuIPduN412JMcMNfsF3iGfVReqt9vlB2P4YrUTjLlY=":{"valueMac":{"type":"Buffer","data":"6HMA48AtFqokYo1XvpUHEky+5BU0gZL4bqGupQ0S+Y8="}},"nddd8JNIzcxv3T6z6qJQsfQ8GSmTCZEeqxrahwnYOkA=":{"valueMac":{"type":"Buffer","data":"CHnS1YTmeXXi5zajtGsPR/Tm9/7WkrdWAeKlu1C59yE="}},"pgbyg3wUDvpRBJOQeTPg4I+XUojM3XBjuVtaFaVJisE=":{"valueMac":{"type":"Buffer","data":"2QQfkNQuRTgDpgycdWDgItwGd3sp9SGytNurqmQFjfw="}},"uiDzZNF9asu/0W7bA1m5KVmJrQFvyMR3HTeCgE/+72U=":{"valueMac":{"type":"Buffer","data":"TE0o6JoYnuQ45LSVJLjL0AWyzpo6cETDVjzQ+zReG+A="}},"3RskkLVGbFQMxsO5/Yv8K/0pwa59zhie7LXxzodgnRw=":{"valueMac":{"type":"Buffer","data":"4LRphLvWGRMgmyu3v3H14yeZf7zJ98rrbCwnOUbNP7o="}},"5D6w8Wn5b4V8H7bI7jjkWedHLBvAig2dSEK17G5FEwQ=":{"valueMac":{"type":"Buffer","data":"FfTBPpsGyw29XF4bPmyPSwymSjAHLcUf0vqXumP6lnw="}},"8iJfjVo6mDNg5ZgVYLUGZ7BXhyY6J9IF2c/dG43/dkA=":{"valueMac":{"type":"Buffer","data":"FQtY/jgLM41mYXVDymasqUp8LWgi9cQ1Hc+dE4IKvZM="}},"9AyH+5kpwKdKiD67L5Tm0ghzFznu92Q6HCXgVvROm+I=":{"valueMac":{"type":"Buffer","data":"wkRmTozJizmwhL7axtRTJ4DG4zw4bPyOQVbmziJY9Og="}},"9l1wmL4Ca2x0t8ZFO23K0zOljS6l9blcDc9kFFcQCcM=":{"valueMac":{"type":"Buffer","data":"3JIMhb1KAaAHWzxlv2ciq06rvtihtbDpB3qfkpRqagc="}}}}