{"version":42,"hash":{"type":"Buffer","data":"2xyuNP5pGR6/dU9yTm3d+ubXftZCIEeEnbL5mHg5zgOdODwn6cYS2uMNN730SX6cIYFlmeTv5TkZfuvXIcX/DeujrSxtg+kASukXmrQ5ZC/jcpMLsglNrZtErk5J2cnR9Ol1jiVA+4MD2J0JnLNQjbn2DEPr8Oa6zk5x/dJYZN0="},"indexValueMap":{"sZl2e5q0lVoFyxSRV8Z45x8+W5WYWZH40IHBHF+Ph5A=":{"valueMac":{"type":"Buffer","data":"bX1EvDVJRl2v2dCg2E8obw4E2WjT37MY/IcA/S0KG+s="}},"xea9+BHm/EGXVHIpk59BeaPct7VsJJpe5edO+vsVlmI=":{"valueMac":{"type":"Buffer","data":"bxlnwuh9HfGuZJjNV2HfJoDeksK2KJ5oMuOlssiMcjg="}}}}