{"version":61,"hash":{"type":"Buffer","data":"Cg765tAXz6jXF3ey0FVSE+WC05DZNaeaE8CXNWlRB6xCTmlq9OvBVxcAgVHMSvS7fvDIuyIkjq6HhHptxiMrawrfyib11RAKoSD7/xa7Npj5wdR67en9WWJYA1VMNGtdC/6TkqBlPyKNtiEYBxbn6NtUXyRYl7HIZVspnxPhFAg="},"indexValueMap":{"A6hnxpDn39uaJoNLIy4qPn8qoNJGt7e6wxaX1tBVesY=":{"valueMac":{"type":"Buffer","data":"ju3GQoRclSE/SeqJgtVvmDNCKQT9p4iWtUcwt07R1Gs="}},"BET9Pi2ysEj4+JgRv4sBXRfBwihHAQSfKEQZi1jckaQ=":{"valueMac":{"type":"Buffer","data":"V/sOtasSL2JRfVDGeVZqAHRqHUBZdZmAkz5/xlZ7tAo="}},"BZr+Q+14Ye29a24/RwizFCNCiLeVildMqZLeTvj9GOg=":{"valueMac":{"type":"Buffer","data":"k0HGqkr/qm6Tq6JJ9OTUx2KsJdWA7fw9JrKyxayPULg="}},"BpsEXDYxg7QzjFalFyYlr9OXbJSYND2bniWdUI+LpvQ=":{"valueMac":{"type":"Buffer","data":"OYWpWVEocEmGJp1AHX8+gDSFF3wceg/MBYjSf9JZaIo="}},"CQNvN3sSI724Kidu+gnrAHeMGRu8+x/seWvElVdMqWQ=":{"valueMac":{"type":"Buffer","data":"c5/tehuE+k6QSThCGAjSlBS4C4wR1DIMzKFUEHUMQ+k="}},"CSaG3fG8Juy3IxE1w3A/7wa+UPJDdUC+jph8liqHe5g=":{"valueMac":{"type":"Buffer","data":"x9yaDSZ3WV2nhipoQIEMdczLvEuqbNq25npxkQE8Fvc="}},"CcYJu9Ld5HvsGh/qHHR/mlsWGoY3zcZ6MSZR6UVqeEU=":{"valueMac":{"type":"Buffer","data":"u2UN9AllP3G+WyNMVM4OnM9XZHO+kcGaGMoajC0yFTA="}},"C/lahb+BfSKVTkTT6Wgzl9cwVlnB3FB1CdscaJUmlXA=":{"valueMac":{"type":"Buffer","data":"Lsmtegzqwt6PnuiQzqsMU1T/QzoVCjeyTajYm8Jrkvc="}},"DPajwm2T25Re9+jmeqTCtZsNtIcuw0n+YiSh21tNpAE=":{"valueMac":{"type":"Buffer","data":"BzpRioF1XVnS1Lw6Z4Ru8EtQATU3+xtPMBKv/abnWa0="}},"DXYKuHwa7/dpP4Wu7XdAqeA/tRI3rll5NKFjlEConUk=":{"valueMac":{"type":"Buffer","data":"tPWFihTuHI0bN/7NNxlYzPgl6enPAWCS2yl2B7Nw7Y0="}},"D67BFNNKrQliJGRgyesOjQAV4PX5GGe6Dnr+RMQVHwk=":{"valueMac":{"type":"Buffer","data":"PvSptx0U7HHsJEL430vPJOBaJPxbvv3f8plP2sL4ntM="}},"FQUczSbZ67HWzLCbXKwttEVkzyOEPoDRite6u+CRfK8=":{"valueMac":{"type":"Buffer","data":"BzvYa7hfK7/B+qzZnongm2UFTJxb8XV61kw6R+AMBG4="}},"F4r4AxeHth/p9BrixguNhP6X1phEWJSCM88wKOfNe98=":{"valueMac":{"type":"Buffer","data":"Bang7BoiADTYfIyOfC2sr3BK7uvX53t7Jo13CWwjL5w="}},"GAsvLh8PAwT/AypPLb4nj0jvqonbe2lfPHJKR3QfKBo=":{"valueMac":{"type":"Buffer","data":"mMLCs5TOCYCwhSeeod7F4MgMC7Tdh8eQlgNn9o0KrJk="}},"Gpqkr5ekJ7u8FKFIBkqE+kQ7tnpeqZcGLCPzffsPssw=":{"valueMac":{"type":"Buffer","data":"pPZ69vubuXU6t0KfhmbOkmb2tBY3N/m0Tgpbm4POEKI="}},"Hi8gB+mMtI73Nmbamd3CalOmcWmHflwz3r9GpPP/HaU=":{"valueMac":{"type":"Buffer","data":"PM6+iK8SQztCOKkrXOb0IJ+uCcJcRf1mzSd7nIR/JbQ="}},"H8F9YXH+ull39AObGvpZzC/L6R2g6cn3hAu4LtrK0T0=":{"valueMac":{"type":"Buffer","data":"7j8XQ1+NKBCPpVThn2AnsXD862+6XmvKKPP5S2NmUJg="}},"IvNFqOedzWH7+CXfWzVSJVe3LpuTuRze3m9E9EGOKww=":{"valueMac":{"type":"Buffer","data":"AReM8VRikHJr6AiANLlTl6hFZjZ0AD99O0u5RHDz53s="}},"JGBZpLPWYuGEyDVFqjznB/RsmxjXpFXnswZzfCUgQso=":{"valueMac":{"type":"Buffer","data":"dXKuZT6H8rHUzJxZbtxeR3Cafo8pw9hQByJXiYh2Kp8="}},"JNZL7d97hSJ6PpwMcOQM0tYZpSS/2xEkZcONXtxWLeU=":{"valueMac":{"type":"Buffer","data":"P+llKTdMZOlpJB2VSxgEs/eQ5Psi6FTw5Gsu3YJ2h/I="}},"JdFiqA56kghH5SRwm7JnuEt83Bi2G/PAVTzLViGfv2I=":{"valueMac":{"type":"Buffer","data":"QGRi92zGvslaxn/7C7Fyd+YROZe4mO0nMGU0r5yi5Ac="}},"JyuucpDLrX+gTZLGbkFsOuudM102218TMxyHYHS3Ock=":{"valueMac":{"type":"Buffer","data":"Vgxp+CHI/nayyoDfNuzOWhGLgvGKS5kySRvIu79Zezw="}},"KT6+f5LYxEwQpc6HhnjQJOgrG6YJ4dtqkQsiAZWp2r4=":{"valueMac":{"type":"Buffer","data":"+QF3j2wXZxYP4zKSO1GF6YS0mJLelazJiuIszHrF9Xg="}},"K0xNxl2gMPl4L351X7FBM0rYQl/s4pkcQ3e76a4Fy+c=":{"valueMac":{"type":"Buffer","data":"iW30d4MxNffnM2spsXLCXR9qQCWeBNGyy8mjSzHl2SI="}},"LIC+l1mXl7Qv6wLxuwmX9+ndmSAp4gUeJ0ZgWHNRWnY=":{"valueMac":{"type":"Buffer","data":"f5Ryg7XtfkwbQLhYIy5r8KK6vwRZSymU8vy+WWMdXuw="}},"LOTYxHkJKZvU7dOHpQnDEys+TbzjITlSGNK0KVdDCDo=":{"valueMac":{"type":"Buffer","data":"sau/k/MuuSKBdMyrKdX6qKbNbwwMZQ19iqj6SZuR+XI="}},"LuItV0CIvfa7ROhymdAdD7XExVUdFyxJzHzmFaba6eQ=":{"valueMac":{"type":"Buffer","data":"to9w+mNltUfYsayxAff8FGkxWOmnO53JxdufnoieKRs="}},"LyVq6ybSsm39hb46EDhukO5DAGWFXga/NWPFNPhhhTI=":{"valueMac":{"type":"Buffer","data":"UhTyBzqkXgIN7wTMcG3llgswbmi/gG+lG8JVMgy4u18="}},"L+zqKCDkV2BO+clImn3032c5z3jfveyI9y9M/WCYjuQ=":{"valueMac":{"type":"Buffer","data":"Ha4j7xdLLoGvm/71z0fRn8vOaOMUoeYwhiZYU349VQs="}},"MRNVS9L9AdWsUpdZlwo9WUBxTgLOJHvVuBFdNxEsRY0=":{"valueMac":{"type":"Buffer","data":"BQbYKTOORJOB0I8TskuMJygd8yuB+JCctbeGJYvxaMQ="}},"MlT4WRKfYIldYpJFO4RPEq0Wx2EmgujogLlPdwZdBEY=":{"valueMac":{"type":"Buffer","data":"LyxSR7gXCZlpBsyEgEDGwDpnMT2ZFkGnwyzdGV8xJi0="}},"Mn8PebloSncn243JZBTzjWZiPNxLg065XLNST9Mq7ac=":{"valueMac":{"type":"Buffer","data":"g4yKR/v1pCNsI7y+g2YD1S0vm4kMHu8DjzIVCpkNTJE="}},"M7AjP53Ep93VEO+z0nJldsDDTRsYqwlldiyFq/aOEss=":{"valueMac":{"type":"Buffer","data":"nQCwxWjlDE8vZ9if3CXD/Mi/QRiEXFimrTCzi3xbtAs="}},"Na/WA6oJh9RNHw0RXZyJhzplziltZOoaY3zXVqLshQs=":{"valueMac":{"type":"Buffer","data":"1rFTuSxjp2pbR3a3tfTNSI+6HNecR0JdOGmty2oD1rE="}},"NjPBarDHUnLZOrTxoQiWXONYr19a7mE52JX0AJ0uq8s=":{"valueMac":{"type":"Buffer","data":"T74NfUiDOhMwBSETaytDEp7NYkwPhjNCRndUGd29U4Q="}},"N2fPLB7XavgCje2O42CcBvdZ4In/gfEUv6F06n3GI/Y=":{"valueMac":{"type":"Buffer","data":"YWFwUs3YVaVER6EQH8TTUTuna1FlCx7vLWuFfevOoD0="}},"ODH6X4oXIlskbM0+DFMpOgQKZl4Wd7oO/sQmcBh45nc=":{"valueMac":{"type":"Buffer","data":"pENQ5EjzA5eA0A2DWWSu+0yW5fGJsQ43ekjLZqBxnc4="}},"OIU1f8JGEVTWN6sN9mieNmiumx6raRjh2grfjTXqrNk=":{"valueMac":{"type":"Buffer","data":"+/wGufiR5EAVUxDxIobgitM6QCdbzPSAqTyEAneeN04="}},"OSdHGHQ+D1YQkZzkNd//N4hN3rEy4B6pTfTxDXZirgo=":{"valueMac":{"type":"Buffer","data":"4+ErR+fBnhvDiwG7dx78w1ycF6yFkMd88zVsfTQh41A="}},"OW0AVxk3o9kOAMnPfX8xMXLUk/hZUI5nxxsYjTRsuo0=":{"valueMac":{"type":"Buffer","data":"EqL2OEsOKQSx0a1dJXG0NFTl8SqMCKk5BZUyPMokWkM="}},"Ow18Sh5kFWBILLnrYHu5q7AoLI/qyreLrBBUsmLvYRA=":{"valueMac":{"type":"Buffer","data":"s45uHFSwzsZ87XpcdmHdMZTJlpqnR0xbC0+LHxhenb4="}},"PLXwvJTYgZA5YYvUiyEkX2LyCbxcspGvfLnftUziIHs=":{"valueMac":{"type":"Buffer","data":"QjEre+h0eXAaGbJ1ZCpGgiHpd1HTe7K+bQ8SYwvaY7I="}},"PTvj/+XaJcF+X7rDSbePvQOM+7eCGJ9fWUhHStbzEIU=":{"valueMac":{"type":"Buffer","data":"zX77dJmzuspZYuoz6RHkhh6iEuvPuQJUBMu18Hingn8="}},"PkKrQKQYxTa4HxrgtSFwciPjPnMamRkitijYuZe22Xw=":{"valueMac":{"type":"Buffer","data":"f58VvySd9Rbss1MH4UI4MNz9ekDfU3BBxP+7zAyIsbY="}},"PzenQF3WPngVVfI/Qz1rkqRR64plgatOKqY56Hdd6v0=":{"valueMac":{"type":"Buffer","data":"JT454YIiC3V9s29AGUyVOXyiG+egBfKVwSIWV6iZ98Y="}},"RvH4mLZxOmFSG1Xtyx+bB5Gz5epcXRMAV2rkg4B7W/A=":{"valueMac":{"type":"Buffer","data":"hZQB5/t7IsFOAr2LBvpN5Aku8Egn2dpA/qXXn/u5t0I="}},"SxjTUKw0Nusb4tUi3JSEFnSn4MAhvc470FsqLLrtu9w=":{"valueMac":{"type":"Buffer","data":"zHM+PCeFBLP+z/49Eqm7eNRB3pSY6Hv2ZYqLTj9VU+w="}},"T7ZVeVwnq7XA3eWcry2FL1yEo/skffe7kSY7S02B0Wo=":{"valueMac":{"type":"Buffer","data":"GpeDCqGcxM6HyAhiU/a7iw3UiUlN4QQ0o3bYP53bfpE="}},"UEZ8CME3eIyHawhA6WKH/sSa97KHcY6WPxysaOkHKbE=":{"valueMac":{"type":"Buffer","data":"HKM0ubrMFHHz1ia3yDLy07OzGmXVohktSb7A+UQjyZo="}},"UHXEf/Iv1PZg9J5fNFQuEP3eXg3IdeHzbbQZrTUFVoI=":{"valueMac":{"type":"Buffer","data":"wOR8bemNXeFvwqC3zh/qH1SjcDh5n32UU6tuZ7U/76g="}},"U/T6fToLbUY8LMANcd2XoJwqlEGsNvsBGC5MrzY9RtI=":{"valueMac":{"type":"Buffer","data":"tEVjT3iAd9vO2AKa70nmRhQSZtBI6EVUmpUfz0Svz6A="}},"U/0S4JdmHwgvH7z2g6vA/+8qqQvMm0jQTFvr/muqaM8=":{"valueMac":{"type":"Buffer","data":"DFVCiYG9unkdRz2C+2uTD5Uy4W/9vdOErm59GnwtLJw="}},"WBCMjiR4mnB/uPQM1PNzoxCJXIhYLoBDJ5POoFCcdvo=":{"valueMac":{"type":"Buffer","data":"aEtOnMP6z7cJ4scWlTJxIxzaDY3zmoJbSiTCTHm9f2Q="}},"WBwotq/qKG1i722rd03HuUFUTEQ60sn6Tvc4fb+aJAE=":{"valueMac":{"type":"Buffer","data":"DtMwb+N3SbpwF6gPqy+Wiu6Z2XYHLzQAPVFLZJ2yO+I="}},"WUkHOUKGOdMGKvsU/I1V+uvJqtiMdI2VAuPYaTnWzqA=":{"valueMac":{"type":"Buffer","data":"DUXHep6jxtlGEo9Vh7lLKl5KyWAYNuyDg0vaIqQ2Jak="}},"WdWikSbd6mw98j8vjDAiT1gLXAsZ/CvoMclaUH8VNfo=":{"valueMac":{"type":"Buffer","data":"YirRlCitd1mWOFWAolQFcJJkpKoZ+7UxspmsAR6Hbso="}},"Wk5NTcVH/iSDiMoJQjmLLEBdfYSQ8vXPwktTcwUc7ns=":{"valueMac":{"type":"Buffer","data":"BwEFdT8WMjF/QFVUKIAcNqtn6hEJHAuvlPup953dYmA="}},"XLPNr5wR9ovaMl8IiqwXZOuv3gsyrdgfPjAndIB0LN0=":{"valueMac":{"type":"Buffer","data":"ATWiW0cXf9llmH7ocOQVHxZEMZXgOKbV3eH3KHPQCaQ="}},"XXweI1UV3FcIygvUwLqYHSMbxqvTtt+oA4LfYKHP/1E=":{"valueMac":{"type":"Buffer","data":"YO1ww4rEjp+j1m8G2uYwhOoJUDvVnwPdud7mOpoFIDM="}},"XogbkkmqFfUWr5XkSILHY8YuokdOABkH8YBUHr/imyA=":{"valueMac":{"type":"Buffer","data":"9IIba7kdWyxvyZ+YWia2KsEvLohrmMI5DKv9rKAsiHg="}},"Ynh2nLgQea2n/h9JJ8lzAO1KwS5SRW2LNmpjtxy/yMQ=":{"valueMac":{"type":"Buffer","data":"rAIJuEzqXpAK17maYPfh9app5yyPSl8SdJtI1AJXwcU="}},"YrmpA91HMX7k/bgnF9adAlzO+ArR4HOWh4n7wp99xMQ=":{"valueMac":{"type":"Buffer","data":"2qO98l/hxIiZ5EBbGg4qs3hzIJcnL232+CRuEov8U0g="}},"ZFjmv627O2Kq3a0ARLsWbft30QJEbs1ivKiqsc60QtM=":{"valueMac":{"type":"Buffer","data":"gXgx9JyjPukQwHEwkz9BksUzOJbsZXx6P4u2ca9btw4="}},"ZUAr5x9fxubNCI4rQzQf2iJKoFQXHFDqyh3WY9Bfans=":{"valueMac":{"type":"Buffer","data":"tQ4air47uB6sxoLvYCo2w3emEryxfsQLzv7SphgyqTU="}},"agO5ZW1ccOJrexhjWe0qR2LfWPZKQ/tvZX7BYA14VHE=":{"valueMac":{"type":"Buffer","data":"cNbuUSacTCDdj9Kl4UDROByh3KVFGKbfnqa9LNrYT+c="}},"bQUUvCf94EuQsxH6fZoE8UGFzCnRp4lgztP6bA8+XvM=":{"valueMac":{"type":"Buffer","data":"D4yCchHzWXIrb6YurCQpf9MXXFdmDAhUhPYnORoZK8g="}},"b9olKDV+flLGeTxSR4myswqt8FuU6bjltcTmebMUQzg=":{"valueMac":{"type":"Buffer","data":"sMItJob10xkLml981H2Ev58xBtseOaVaHMwOcPOJKJg="}},"chqrQwwZa5vg2RsPaHwlflo7BvUUBRuIz88BJCOc7Ps=":{"valueMac":{"type":"Buffer","data":"4DeO5xiXNlIrwGNtDn0cyyhKS/FWpkYk95lSi/uZDS4="}},"cxE1NpJXstwjpkpTIu1zn69gG7eWl0QRtiTuvnI+nI8=":{"valueMac":{"type":"Buffer","data":"EX8LHcMM1WzdkQFwemEJRIPJXzp1Sgl66Mp4fgMH63w="}},"c/RkAEA9CAAhrZIUfhrMRXLhY4HxV41Q/p9e9n05UhE=":{"valueMac":{"type":"Buffer","data":"q4sECaVv+wyPfQJ3cS6VlFpZNSS54b2prxep2XXbmZA="}},"dErrtDt53f3KO/TAwLyFL/MM55JvGyZpzYHrIjLkF/M=":{"valueMac":{"type":"Buffer","data":"/Ipz+l5/L7n9/SZN1iZPZktypJlX7RPFtTpJQApSMkU="}},"ePaxibjpVbbWKd6kaMGBJ39N/ukKWEIMg4R0OQkJGIg=":{"valueMac":{"type":"Buffer","data":"hg0HP5wlZUMV7lOs8WutRxrNAZlE8WefgtHRe0ROfEE="}},"eYKMfEaKDpuF3XbYmjfbvyweX3hkJtSEzJJn6LLw3nk=":{"valueMac":{"type":"Buffer","data":"UZF9IjGsDrvISnr30op5YYYG2AJ/0vtsP3lmqPtZQWU="}},"flZocYXnsoWQHUhvLV6UsKL3WSoSHB+x3ShubmnDV+A=":{"valueMac":{"type":"Buffer","data":"iizptabPzkHEsXfLOpMus0ev00Oj4En8jeuJPjxshDY="}},"f1QbXK6OdciaJiBdoMb59pjvAQMfjLVoSG0QNKHafz0=":{"valueMac":{"type":"Buffer","data":"MFW1aun5+ej4Xsrd1ZB8/2eP6YfDmMLBeqoZmytCcrc="}},"f4jyTwTZpXSe8Wdd1/gMYzYRCZoJcHfb/pOrFjwuhWI=":{"valueMac":{"type":"Buffer","data":"QerI9RzB0owNwYCmwsjoJ9gDANtGv8itI0hjwlJFBFY="}},"gPsD6fMT7ws1bKtwyTp9UkWYErIVOf+c/w3MQKp77hQ=":{"valueMac":{"type":"Buffer","data":"BQWviIzDYXk7Oyuwf682cWdkSe4dJ0x4ceHSePcO7k0="}},"g8Cmm+98gVYTTN8S3r8GtVQR80N7h9N+Rdc/DYaUDiU=":{"valueMac":{"type":"Buffer","data":"o19OzFgf2LUwkd7Ob0PPYdcS0j6Z23vL3ZvQVA53Qys="}},"hgLsr6ilDZ7tExcNHKPeuiZX8fSvYoFuxzvim5eXFZk=":{"valueMac":{"type":"Buffer","data":"0bvZr/reLBr7GASmd8bc29UtmPkwcFaG7+6T0GHkZw0="}},"h6rX+QQsbUnCTGLFbLdN4e3ZtrfoH+UEAwx41UuOeW8=":{"valueMac":{"type":"Buffer","data":"MFfxjtitrTbmT+5W1r7931j+SjBWJ5ZXs6Eux1CAhYY="}},"jFEuh//Vzfm+XEw+3F8v2Y0QA5ydKK1it/AQTeKf8P0=":{"valueMac":{"type":"Buffer","data":"2QzaZcQkuxwru12OCSCTdY5aF+eQzPDpAhZyalt5PAk="}},"kHorVUQRQFGZ1SGI1wpW8kV73X5lseomIS9LM+oTyz4=":{"valueMac":{"type":"Buffer","data":"kjkh/E0U2ItiRx6LJ/LMgqt+/7fElE6rfoe006rLVzY="}},"kPUImjozzlqPRRLcMdJJi34oTe6+maZnfCSKRKudpXY=":{"valueMac":{"type":"Buffer","data":"t8Rsxtz8uPBlm/ODFtrSyS0P235XMGBdg3g0iWrMUeU="}},"k48as6z8JgXLoCUHelKe2tK1mx1QXIeb4z9MeyVSVTc=":{"valueMac":{"type":"Buffer","data":"lM16vjaTQ6GGZeAFuRkm19bQhtX9FJltp8yQyEK+h68="}},"lOSR+ftd4XyOQwrI5KZRxIeUVP3cRZlr4WXQjsmZBbE=":{"valueMac":{"type":"Buffer","data":"lzgK4jok4xdiDWvbA6yIazqwVY9yrIyp5cJi2bjdP7o="}},"lYBveM6NCB+3VNpgJZhIY39AFXVBctgC7BhqpE9QUfE=":{"valueMac":{"type":"Buffer","data":"tzPlsQ6a1GJyMhh1EFpl0eYlRb/9+gkgpBvfKCh+5YY="}},"mpIRRPDG4Zu2Suu6VDuHK2pT+a3SSe2sqDq+staJTV0=":{"valueMac":{"type":"Buffer","data":"oVuPgDIqrSqDQ8Fq0JIZ/uzOoDwE4IdbPIgnSZhXhMw="}},"mwfaNPyY7hASIBszhkriazTkB0mAX/ELMsK64ys0hwA=":{"valueMac":{"type":"Buffer","data":"ts4gc6hBsvJq03CeJsEDgpFZXeMDZn9Ypxn31DDS3pA="}},"m0UGQWjuFPSf0ZRXi58LXrZE71+1sdjhcdbSILv9+VE=":{"valueMac":{"type":"Buffer","data":"PGW9OkMfapnJZDJfZzfaTydrTtubD4/5qdqa+N7Pbuw="}},"nNo3MxXYjsj6oQ9dQogq+YskFVXsytJzEkNK2og0ID0=":{"valueMac":{"type":"Buffer","data":"V6Sw7M+lQ2r2N7ywi5yX1Z6Hg+MgCDzMTh35H3yWJas="}},"naHJmYkTaCyoOzrXt9izFD1IjiAas3Mscx6hUbFtOP8=":{"valueMac":{"type":"Buffer","data":"5hEopoeUctaTQZZY5JsPP3IbU48EdHZ/pqCDH9Y1XQk="}},"ntO4e85CBSMvxa69L5olFkuPuEdAvN/KhgClcHG7WcI=":{"valueMac":{"type":"Buffer","data":"XwvJdjCJG3EG/P/CUorQJ/8OpTySBQnjqqELFeZxCd8="}},"n/YZyIGJhYD6Zt1bTgIIlo9+OO4VmtWNXuqYM6mu1RM=":{"valueMac":{"type":"Buffer","data":"UDqozQDkeCf7TpjQgJMj3+g5hvu8CkkSJ1dGEkb/aa4="}},"oBzRMpzNWTlejPcajzRmiSvDB+21xFOUq9oIpIW2N0I=":{"valueMac":{"type":"Buffer","data":"fRPmoFyIeNRLGO9GX0aboC/217/Rd7862vEG251hEnQ="}},"oz9nQpDQwaY2VMI4sNC7c4ks9ADhDDrdkPZKUg7oTmA=":{"valueMac":{"type":"Buffer","data":"t/rdaRyCenuXuXgePrOVJma25g+rneMzd5mGcz1Uafs="}},"o2QZ9pfd9P3BEsjmI2CEPc5kIQeDSqMN3yHMlBw7ACU=":{"valueMac":{"type":"Buffer","data":"rzaEzx9YD2YP9Yx+16ZmijaIGSdfwbnqfnBFV3MdLjI="}},"o/1TeRQbSdU7vaHLh2WeVE393FVVTauq1VCwBh6Ij8M=":{"valueMac":{"type":"Buffer","data":"tCXKPBT4ipYAaMw2hsIM++LpM7+U0DAwzIQmq+xpvx0="}},"pD5TugoUwp7mfWLLcduiz5qCc78oXHZGnTfOdTrunvI=":{"valueMac":{"type":"Buffer","data":"hth9JtqmD6WWRMjsoXg7Qhoj+tSsX29J7WpqNNnVejU="}},"p2rQrlg9S3OxioQ06Ljfh0ShJUjllgaq7N6QcSiek6E=":{"valueMac":{"type":"Buffer","data":"50OA/WrFMdd7v40k2tFJroBTGACNUWLecYJesYwlvLM="}},"rOCJJjNGrM+mlBGZc7tuL5T4VjcWge2kEMirAP3O5UA=":{"valueMac":{"type":"Buffer","data":"dw/ncwUcBSn3HBOOhRztcK08x+H609UvHmUZXZo3AHg="}},"rRNOordQW1glb6BlKLCuEOm2uw95XGLrHuYe0ztwq+k=":{"valueMac":{"type":"Buffer","data":"4itQNAWX14tGSNh4d6a/fTTkV7i7TYr5dXNG7TGEoP0="}},"rYHR4pjdYn6vEM+i4OJnE6kmB6lvispHKo7YomqJH18=":{"valueMac":{"type":"Buffer","data":"YmhmIr0XdCcpXqbD8RtHdoL5Kdcg+c4InxVwZctKT8Y="}},"rdwCjdZe3Mo2mqcAuR3j8v/GL/Qno4w/onQPgTHBcl0=":{"valueMac":{"type":"Buffer","data":"HvKY99suCEBXqiyzatz2ah1cNw49hghXP9jRndBUEFU="}},"riknVV/RIDcMF4BO85KOiaHafZhgImcwBxccoVjNY0c=":{"valueMac":{"type":"Buffer","data":"Iw9ulsdT//1xlXsoNK2ku/KvQbyCYSj140F6t7uAW2g="}},"rleqvot6azwErVgAmkj1e7EeQ4Y/Y3eJS2REEUWrvss=":{"valueMac":{"type":"Buffer","data":"lmt6gxDfgK3QWQ5taa0/G+V/Vh5EnSt9RJLaCrX+V0Q="}},"r+5DW5O2y5dEW3/JdI8Ar8ZBMv/J136RzMSErqXrUh0=":{"valueMac":{"type":"Buffer","data":"R+V8hVnSyPOFGq0Oaq7kY1Xim0wGzBsvYGD+hslbKbY="}},"tfCrzbRhpPgzxfE1RYghUG7mOaa9Se/UhBviqNoyDqg=":{"valueMac":{"type":"Buffer","data":"VO1ohXwNGTb8TdcDlYPRoioNh2EqTQPezm4GPZYpYes="}},"tr1qz24eg6YzxrFBX6SUrUpu9sfjgCy4WYsPFlGZ5BA=":{"valueMac":{"type":"Buffer","data":"E0mbfD2Ox9emeq7u//aInuUNscjjJfgHFOw53lEV8nc="}},"ubnsOvlS/hgsqF4dUDXs8aSpwU3Hxnyy89b27/zBNpQ=":{"valueMac":{"type":"Buffer","data":"Jv1ar+9AFiBcCUHAu3KDF/elC6wVP71hbP4y5qM01PI="}},"ufQBYo0NCGs3CtsYxD/+vHKpZ7IwDxtL/Gm5+RtIBUk=":{"valueMac":{"type":"Buffer","data":"1zkbMm1sx9Frj0QG432p6CbzbRUwz2+2X40y6FcSlQQ="}},"uuscb01mAYkxErrxbOPdKDJ5msWIqugRltw31gwwxzY=":{"valueMac":{"type":"Buffer","data":"4JbZTZUod7aZ5vh4E+7hNL9rHAQMlY//Ozf8v98j8ro="}},"u5kOoqny+9uuWNKgcZ5cHkTmeVoxN05zBXZtn59vqs8=":{"valueMac":{"type":"Buffer","data":"CbCDd1fUeTsAkIEBSmpLg3PWPh0Kde5TdYKqK/8T+wA="}},"u9nNbIImOjjj9UZduqpPfngM0R6CjYwmZoNAo/BZFwA=":{"valueMac":{"type":"Buffer","data":"Hpfigo3Qfd1y1c5itbb3AuvSoAURuEbqUPrcrwMw8BE="}},"vYIIuOR+ylTNE6OmIv5KIlARlsh8fOQPafLMXgiXEV8=":{"valueMac":{"type":"Buffer","data":"Jcb5qlZBgv2X/IKQ4o6kWEZSqcnAwNBUMa6JNNPE8QU="}},"vcv69ibIyFjPar1roNSnehfOkiZwvjppwd0u5Ig1i6g=":{"valueMac":{"type":"Buffer","data":"PuAgCi68fsq6MiEGuIn9y1ZyMxRonxe7qkTy55m25jQ="}},"vycVWxjvbNMBjMZaYnCzzRfyEGhDIsgqbEo0eowz5GQ=":{"valueMac":{"type":"Buffer","data":"A7dRFwsxGT6blsI4aYixtVxhSKPTv0OB2uBvdZXurmI="}},"v6jwANaq3xSpJZswFvToLISGxMkcCNLy5VYuNS5mW/E=":{"valueMac":{"type":"Buffer","data":"q3fk6gI/bmgTdq5bWU/1/rNPcR9Tw0TdKc6ZUy60pPI="}},"v/hCSC0NPWdjOn0GO4sOvs8JK8T4bsPgpJQfjiCWVTo=":{"valueMac":{"type":"Buffer","data":"N62TuPuVNwXYEUuK1b2luezIORIDaEsWMnaTf67mGiU="}},"wHvd0TSddtVWlTa8dXVDrR21GVf5HLQGmX4bfXg/Km0=":{"valueMac":{"type":"Buffer","data":"uPZ5SQX4uP2bRS2haxaE2V6HEg3FlhIzdyBqGaRmCLY="}},"wQSeJb/4tbbTLoZKCTasKzoygwOvj9gcAigO6dytlVo=":{"valueMac":{"type":"Buffer","data":"Kk8ZePt6t3C8zrVx1fC7pkZ4LORr9PO8JKEej9e16iU="}},"wa2uQcU9bMdwaKmIQ/3sQgBKvCaciN9WR422nMTcNqI=":{"valueMac":{"type":"Buffer","data":"YfYdK5tNHFXHYUyCQXDZ9FpNUUVEQ9tA3PFCCqlQ8eE="}},"xIKTRKm0MO2FHfa3LRL05XlqQU+xWL1dSHuiymS6Yy4=":{"valueMac":{"type":"Buffer","data":"mVOC2VGzZnRJIDPifRBmOs7rNZW7fjQjQ24Ct037eDQ="}},"y+MggxdIRL+MpYZpRVyC99DR8GcB7+Jb6zfWdweVUwY=":{"valueMac":{"type":"Buffer","data":"wN7ndf7BqUjO03YBCFZ54zzHnJmxZ3pKrEvCwNosgVo="}},"zImW2FsNjTOloxYC+TrUPDCUuFsl2BOWCSYZElA69gU=":{"valueMac":{"type":"Buffer","data":"PivcHuzlPjW3jk6kUQCYIW6xpH7SNIA1SyisWdeCiOU="}},"zJS2FYMloZJ2+oPHEV9HT0hPWVAN+UGLM8USRVIIpzg=":{"valueMac":{"type":"Buffer","data":"P46Vt2H2f7L9A4Qp3QoqDViGTvkpQ5S7pPoYAPMWx58="}},"0SmrXSHSV6Rux5Ehtl+d33u3xI99gL4staDDkSgKptM=":{"valueMac":{"type":"Buffer","data":"kZLrakah+LEroQNmTk6x+Bh0gpXMIQpn891ltoWQ7x8="}},"0fPLzeeLZ2cO8BSF64wgE1sYeQaKfIaqr/9jBWaWuC8=":{"valueMac":{"type":"Buffer","data":"Ims/YVO1mzfUeixIkVLVU3NQ1wG6Faixb7xH8DhJaDc="}},"0h/gOG7LdmjeGlj5NcTPF0P2ub0AUivS4d632ST0aSw=":{"valueMac":{"type":"Buffer","data":"M5HGfCqU+Fx7pAM2SBTyftHdRgUdGPTE5FbwW74y2KY="}},"07TDYhSn/eC1XM6Qc490aOAU6aUNnpuCA/OqR5nNnAY=":{"valueMac":{"type":"Buffer","data":"KYg8XwpXFvj3zY3Y2NpCJNqa7vvGPjH3FfSExYmG4ys="}},"0/NaW6lMhsNnQrMq6weGqbnkhZzBEmmf4MYpgzoV2rY=":{"valueMac":{"type":"Buffer","data":"gkbejOIhheZG7vnvGZEVODKa1xeNmE0nhUGemFUN7Oc="}},"1ZF5ZPfneWRM0vh92GCeaabL/NzXT+vyxrLEQnZIq50=":{"valueMac":{"type":"Buffer","data":"viEbVxEEbaMxGf4A3xb/OJTHe0jQNN2EUkVZbRBnfYY="}},"2D2JMq7fSrrbmhQV6tYevJ+++cKnDpiTOpjqKV6kkXA=":{"valueMac":{"type":"Buffer","data":"GGnI+Dg5hOCEfzszwsMYjSHPdgsvfmZKT4yXDGKmdHc="}},"2m5e5xbdzGOG25S8d+DJ9Yj+1cOBJKptwgCxSxXH61k=":{"valueMac":{"type":"Buffer","data":"y347UTiw0U3iwiaBvjuIj6PDVkgFR8frOiI+GitnL8k="}},"209eEmmRXa+IGM7fpcvmegLntTko9AUBfjYr4Y3YHzU=":{"valueMac":{"type":"Buffer","data":"JjykRcEPwAjqbQ7+mwN8tyTWTDTf4OD04hUEQvbSImc="}},"3Fu73l/scD7rCvNTblDanNYTNNOuboWI9jDz9zKFP28=":{"valueMac":{"type":"Buffer","data":"36pO0jUhBK5TrOplIVbtGqGBnGFqT00pXBAV/Y9RX6Y="}},"3GqiVnTUVIa7h6CUERpcVQNh1K52tah43D57d1O8uLw=":{"valueMac":{"type":"Buffer","data":"waG/56u7JF1p+0T3qj49RhlvH7jkVjFNzWmkHlWWwqc="}},"4mCGL/sR0nj/gr2Pg97x+sJFE3i6m65oXqmqM8ZJ9j0=":{"valueMac":{"type":"Buffer","data":"AjA+40+LicLPK8skHW8DruQUC17o0noi3kqnsbIaEFc="}},"5WqtWCriHXW7bWZhCeOjHfx7knUVVcd9iWDpO74K55o=":{"valueMac":{"type":"Buffer","data":"P+C3BT+d0kZtc28UiXdp9V6xbFH3VVtSSfK2a2pRI2c="}},"5gBk3r0v44ZxCkcrf7Ju/qh8z6i3xoPl9dyWdvbzQXI=":{"valueMac":{"type":"Buffer","data":"5e7GrthyvXpQ5c4nAinVwFyIRHwr41XtIVkCvaI1mAY="}},"59ck/C0M+G541RjW3xwpC4BFU48etlpx7ZqmYQFepEg=":{"valueMac":{"type":"Buffer","data":"3+bXweH6q4veDZyjcmuui0MbxcV1B7qSGtUfRiI+L1M="}},"6ejKm8TRpuARUEh6e+a88/YoBHr2M5wLV49tUqvIAFM=":{"valueMac":{"type":"Buffer","data":"VmImyP4yDhyG5s+94bVdlKDWiNoonYVfsEHDJ+X2oYE="}},"7MwNLnfVyZUYQb9jz28zcujuBcFO2dfJAikTwq+JAQg=":{"valueMac":{"type":"Buffer","data":"zfBrQb0FzVv2ylbn6n6R8TGmWbBLvn/EZ+Dnj8aD19c="}},"7l+yeVKjP7tNv1zh9doESGHrGZcob9y+gouE9+u4Vzk=":{"valueMac":{"type":"Buffer","data":"PFZVDCaLOOKMWKz1zQjuoPOd3BU5km9Vof90Iw9I97E="}},"75nYWfgqf+iuHV/Pwo9UjJ8BiLE+JkQ8//E/To2KvVo=":{"valueMac":{"type":"Buffer","data":"9+JdcNOofRaP7Q9jxDYThZjALPqrEkW0e+HBtAhsW/Q="}},"8DVZ6JCPLouBmnQ3IYcHV22gAJocWSPMBjA5xu5UJZk=":{"valueMac":{"type":"Buffer","data":"BpviZwR4jCgeo5OOsCXn/Vyu67owTxZbRs+Sw20C7uo="}},"8eLlKsvZpFhZ24tvBjQ0iARbUo9Z5Jx4HmJz2KdrjxU=":{"valueMac":{"type":"Buffer","data":"5cdH0NS7vU2eqYOmS4WUE/6EbgyCBt59LScCaa8Uug8="}},"87AcWdiQoR2fC+QKtvuyxGkSlwUfzmIMsPRE4rAuft8=":{"valueMac":{"type":"Buffer","data":"uzD2vDtOjJbICgkhJx0BbIPX1p3uCvb0ZeRSpyKU8hM="}},"9UxS7MDLxsW0uCFDNG9h1RpQ2ZF8jdtazu+k0kSjzJ0=":{"valueMac":{"type":"Buffer","data":"11TM5aKT7gZymrHi0quv61OQ26d7tuVokNrCLc0K+b4="}},"9vFA7Px0k+SqQssjnnmII1icfW9LNQh/qcAsV05LOLo=":{"valueMac":{"type":"Buffer","data":"JZt7OdFgmq6hQaxFId8Vg4vTUApAoHKqxDs7RoPK2CY="}},"+eOWPiVyTwak6mTKspuRYYd5F6m3lx+XWpZBIKxJIHs=":{"valueMac":{"type":"Buffer","data":"4XoK+EbAwk3u9hUUFX4xp7nvvTv0hhisTieMXjN7wXQ="}},"+48GCbz14L7M8RfnFvvWycSX6F/fIth5A075H4o1OjY=":{"valueMac":{"type":"Buffer","data":"DoSBaSgRBdCzSD3a4WAiKDyas+Hb63Qf1Ll107jYcEQ="}},"/Kl6L8sZErXpm2WG29bqHFUdcR+cI2mgHMV8sJdAjig=":{"valueMac":{"type":"Buffer","data":"myZIQ59RmdSlkuacGjSpYo14vcP3jyOymmcYAI2M3ug="}},"/MMT0E6HkzQ5wkTSJM7aD2GtjEyJufiql4f4QXiJZdk=":{"valueMac":{"type":"Buffer","data":"A2SSjVPHI+v38bXPdJceVFP+Il+Rd8S4q7fgrSVkEVc="}},"/qRSwr3IIZ6oh9RVbZnQY6MmM92r+DvU5L+wUzNF6Y0=":{"valueMac":{"type":"Buffer","data":"BsNu0n2Zeb4NnsV1FplIPRQvOo4nL2pC0NOSWYbVlwY="}},"/q4NzXfrrrXm0o9I74uKLsRwMw/QdxtI0QbIxZX5yPI=":{"valueMac":{"type":"Buffer","data":"FY+wxvI4TEqCSkfrOtWRAX0nYUul1tSDL7G9vDzOoK8="}},"/2m//12BDFy3SIDmZhlD55bkrhzMri+Qka7f3jpeb3Y=":{"valueMac":{"type":"Buffer","data":"CDfLRlI4eQ/L44ZjuoAcq84VcCHEKlbVmi6XDy8cxyQ="}},"/71T7+4HS1eUtVwVzZo5uB4w27MRkQOkkxf3+1vhXf0=":{"valueMac":{"type":"Buffer","data":"gr/BP+7j31U53Wsex+Yb2ESzR85Swd31WfrUXXt6HbY="}},"JS0Onh8ocYp8U+HbRz3/TtwNWgtJ48pSiBaoLIEiYuQ=":{"valueMac":{"type":"Buffer","data":"baU5+NeiIJTZ/dWX+FA+BrfIuYp4sMrVItZUHudyGx0="}},"Fd76KRETNCYQrVFvZnamscUzYANuzMcAXewQUZP5/IQ=":{"valueMac":{"type":"Buffer","data":"evuaHNDlzjjKcOT7eAzC7ppZCU8952+vXxExeWt4KCw="}},"MvQ2FgwDZ3RTLSM4eXkn+d4ayH0oOXtuMRvH5Eg3OQ4=":{"valueMac":{"type":"Buffer","data":"eCihK18PmUEG0cHtxftkcIPsafrg5WMcWxLFGxuYdvM="}},"F1EohYXnUKVEVpVnOeOiYjq6m9uFuGiaKa31i7v62A8=":{"valueMac":{"type":"Buffer","data":"obEF6LuTpG0Pp8r9G/iLBYg+nHURWOq4z6GchWkq2C0="}}}}