{"version":68,"hash":{"type":"Buffer","data":"irj58hD2hEHmrfN4+v62bF/AS3XFkk5YFFfCl2YFK8NM8anKnDZSXXyZupOOteMEbl0VsaJHp9SIjQA97s0xbgTjBkHD3neOKov+/FADLFrwtTUEbpGoEaE442YN+BHO/poCEm7CpEQmF66eUXT05jeG7aoCxn53L6t7fxQ65zk="},"indexValueMap":{"AFKv+s5JGo03cu8jDcHluG+7hN8qUSZdYXhk8d6hDmA=":{"valueMac":{"type":"Buffer","data":"7ylHSwdg2YliMSBtizRnQfMcXu1tlMW2Qtrbh6sJMsk="}},"A7+G3D4niUOD3eLg9+/X7YBxejCpldBulSeIvb11uFs=":{"valueMac":{"type":"Buffer","data":"sv77555cMBkEHQPX7Ppr1ieIp13sH/IaPEAWEvFcRog="}},"A9hn3P5uuG/WC+jKSoorsKVFcxAiljAttavWdrQPN/U=":{"valueMac":{"type":"Buffer","data":"UoopqzRb4hXsathiu3fHW8+i6URl/8jsdHrS46nm84w="}},"A+e9hOz0MKVGeFzkRawm4Nzs5BifuNmx65xT+OzcoY8=":{"valueMac":{"type":"Buffer","data":"T5bCUG/RX4xukrp7/NmvBESMGc6k16S+rdr9gqMIntA="}},"BDOzbkoPQDJIxzVIp5tjiBrwlUY80lxoZ6xi7aK/HVs=":{"valueMac":{"type":"Buffer","data":"Z+HHtXTJauJQgAf+MgU3f9/jj/D/EU6icu9EbzPPp90="}},"BGhKZdWgzCRKRXFH805MXB2lXjeZXpMfpvJhnC5qLfk=":{"valueMac":{"type":"Buffer","data":"aaHx8PzmDArUhomyaYLMcTkXHq0gHTG42yG5u4poXOU="}},"BNVRuwASpwFzi7TwnCTu8osw3dJ/w0r5AWBVnenZ5hA=":{"valueMac":{"type":"Buffer","data":"kt3foqUzwIMdU/MUpcVG3pIhRS9sHgYcy2Ow+7k63gg="}},"BOVU04NNhbbFskt1EnXCEhag+drazTxWT9TIk1HMwj0=":{"valueMac":{"type":"Buffer","data":"7XzWCpp2jN80zSOXc68uZCbkI3RAbySG9CEWhTJVs2E="}},"BQmbfA+Nm+ILdulJvU1kjWied0cWxA3mr2VHSBTVxZY=":{"valueMac":{"type":"Buffer","data":"q3XeTLGVnV7FnlIzTMWip8wtZmHfoitSThwESTcqPZE="}},"BSnboRn7Nwl21TovZSvhRXwQNHD46QXn030XxdQgqC4=":{"valueMac":{"type":"Buffer","data":"00FI/2TjWVpwBOMMtPrL+lE4ta0Lyr/37FIVW3rGvmk="}},"BTPX5JKI0i0OPSyPVfsat3+AHL0cKj5k9+k7HkfDagk=":{"valueMac":{"type":"Buffer","data":"551ke5/LnUy3CXS12wuILAmX8uQCdmjfi5VAbngiqaA="}},"BlpQ/GQFf/bCExi2odXRP1p1lOA3A4w08bX2piRBWM4=":{"valueMac":{"type":"Buffer","data":"VoQRpSn35celtpP1R2/V1wHibWERdp2j1zN7VZEsSWA="}},"B42w+OlgmUhh4riZxjI2hutKiZttxjKS3FuUNqgB1V4=":{"valueMac":{"type":"Buffer","data":"vJ0w3htH5Z4haHNb0brMOU/5/wLdpRS7fJh0jwIQosA="}},"CHX1H5i49dz8aw2EANLyneGCFkpANDEjXp7WuVlm7Pw=":{"valueMac":{"type":"Buffer","data":"IJxDRcgittLdVfP3J47Ao7oC76mmdyjXYKSxCc8kHWg="}},"CJSztjSctze/JuNaLuf3qRuMENlX1cQoX7lVCJaPfLE=":{"valueMac":{"type":"Buffer","data":"9NePq+caWlBZmike1pdY5Ty66zM4LBc88NbT9xN72wI="}},"CNGxweVtDzi75NjN7lxExW6Jo2dEi9soXy9EjjCkA3U=":{"valueMac":{"type":"Buffer","data":"OFOLYdV5ZIFo+H81J9dCydQLbJQMp4Y2VyHDe2v1CIQ="}},"CNMU/WZertfIJF6+eA7GI/0TXvjapBAoCElP0kx3GS8=":{"valueMac":{"type":"Buffer","data":"6bIhUecqQoL6P0jaD2vx3CYIfjPT4BBjhnMONlvJHzA="}},"COuBPLbk6ZouhezGJFISKBsQTACtdp9kRrEbEPtjjas=":{"valueMac":{"type":"Buffer","data":"5RnbyDTLO9YNXqvZV2FGDvm0sLOl689HG/MB5TYtXj0="}},"CRF8InQE6AZuE6DCH9Bm+F5u4kYUK2mozWNWm3xUzWw=":{"valueMac":{"type":"Buffer","data":"6tWDnHYdcWf0wOjwp2i8Nak7rn7pEBpEDHc/il6QYdw="}},"CVLKoFWKQCZtHCYgLNhula9Xl4T7z+akQS30sJfEVO0=":{"valueMac":{"type":"Buffer","data":"CEM8oLCMN4UN6tLc8b9CmSU1VjNDRto58nhhrFd8WQE="}},"CixB0v8BZd4VI2rLdEbpU1pFukZE4zVBcoBH8i8DK0E=":{"valueMac":{"type":"Buffer","data":"GuvpdYAqxjSANBoIe8hgtCLdQw2MaWrmlVsIybTngW8="}},"CjljAabFzk0zxiZIQDejEcy7zC+TArBIu0fiBQzeJhg=":{"valueMac":{"type":"Buffer","data":"4AP3D2cDquZH8RSOcM4Tz/Vwtpt1OX8VIOmsQGU84mY="}},"CpqwT4C4xOf+IgYqH9rorZcRI2f6irQDup6RMCmlra4=":{"valueMac":{"type":"Buffer","data":"Koy/vPrYcTHlSoX2ayCOzhvANMZSrEmV3ut+QxCqi74="}},"C+oX/OKMaNdAPTVmNORw4IO5e9yHk+AvOwTXZ03GU/I=":{"valueMac":{"type":"Buffer","data":"KZDxa9+60xpoOIamCJE9cpUq2QCSXeK7nOuU1s0dx80="}},"DVuES6NhUCRYsQX0ew6m10I5R/BRdlSKgjASNoL13N4=":{"valueMac":{"type":"Buffer","data":"+WhwROwNAVCCrIy81Z4Pox2GcgPs3+bsDo6i/v1T4Yg="}},"DmLKmMJl4c2HIgStwkjqT+4ebnuRftJj6xdNNNRjfL8=":{"valueMac":{"type":"Buffer","data":"+1d8ZIn700BitgswB0TovxGY43/VTKEc1atoYUyrSXg="}},"DslnMTT9boSsve7ElpbnDsBKSDgPcdsMETpCHSvB3Ts=":{"valueMac":{"type":"Buffer","data":"gvyJ3vIM9MGg+TcxTdKRHvGFfX5f+/ystQHIxbh/14Y="}},"DtBKKTPKlVay1HQsXdpWQa4wZvrdNCId+Wt0ATFK+Tg=":{"valueMac":{"type":"Buffer","data":"3gjBzOiho9tKjnYpN+j8tGvTNu+Z40ZixUxhrHt7Bec="}},"DtFmhiBw+NvA0yC9hz+sn5h6oVht80zJUuV9uAH1t8Q=":{"valueMac":{"type":"Buffer","data":"ZiFmgXaHm9qZJqKo6luHS2t5Yg4aCv+JJbNpZS+viG0="}},"DwmaLeeQstEWCtVplz62lzX2/x2E8ERbIyJ5lTelHiM=":{"valueMac":{"type":"Buffer","data":"KRQYlOklg/PBaZPUKPRppdpeMJIDx544415YWEwuWEg="}},"D6HxSo59BwrLeNrEvOpqYicJ1fpIDdqUiWqrKwK/F3w=":{"valueMac":{"type":"Buffer","data":"UGsU90ir1jaNOv585d94tZPLLhVSUBvNm79d+wML0vw="}},"D/tgasytQkCMxU/AS/GONVNzq1hpoU8s3st3uazD5xY=":{"valueMac":{"type":"Buffer","data":"YaNjvMwDKgW8AJTa3Ur1z9Z8JgbvszEuqPGuh6vY/4w="}},"EBiB37YNBODJjcgYGz35RV7jByKrE2+YbKGsPUPI7k0=":{"valueMac":{"type":"Buffer","data":"EYzv8Vxxprx8QQ9B07Bi1LpA+wj4AnngF95noy8MReE="}},"EEa0K9W3qm71Q739tXIwtSfj5A8G3G0MgACTzISf0JQ=":{"valueMac":{"type":"Buffer","data":"15Y/g7kpa8U3C1VpC7PgXikcFP3J2XLhZCxAAcen1ng="}},"Ew+qf5cjwHuZjZxre4E7m1GkS0/dgII3XrqbvEoi3kU=":{"valueMac":{"type":"Buffer","data":"n/wo1dBTJiJd7AoNLqIAL+/LSdEcu0wyiOTVkWrKkdM="}},"Ex32Vv7E5fad4qs8uhjzfLglT2YllwYQoSJ7uK3Azbw=":{"valueMac":{"type":"Buffer","data":"eo/3hGGHS8IJiEisKRyww97KnMzihdRIKOJqNrpPhYw="}},"Eyt3SparE4/1xGup7kHuZoJnMahwg2FgXQkAGS7JxnA=":{"valueMac":{"type":"Buffer","data":"YFQVBOCJLosjKKApQlMyIb+ovWwgUUT5WcMC2lEPUp4="}},"E3/DUj0Z1v2dthdU/LAqH415BopRfzNsoAA6qEAiT3M=":{"valueMac":{"type":"Buffer","data":"p6H4sddxLZh8XTOPcFywlSrfo/tcwi+KScItrIZFUOY="}},"FazW4Kd7xGVItmfnRf1IzWgFO7LUknygHwzbaXL6HHQ=":{"valueMac":{"type":"Buffer","data":"6WRx2JdRF22Ig4x3Z58FF8WAO6KFJ0X3PNHEXPwsEtk="}},"FcrZbof1pXgeBK641EDR6e1YtX4np1XcI8UEmbonm2U=":{"valueMac":{"type":"Buffer","data":"GyJNxEdxxSyJ0aWNz2YDIwZ2R1PrD1vWlPjKNPFUu6E="}},"FePu53mpTT/DWW23ULk86YoSh28LY3qX0flTDIl8J2E=":{"valueMac":{"type":"Buffer","data":"3nffdI1WcSOlW6DTmgmliJP4XBhIvmKWPxHW3vEz+KQ="}},"F0ufR3uUHv5bCeOtnnQEpzl86ge/MgVz0w6IBS4q+MU=":{"valueMac":{"type":"Buffer","data":"UMUvfWaJzbEXeMn4w5zyjo9wxvx+WzT1t7IWU8AGtD8="}},"F2w8xt0sUTKe8tty3RsW0of8Km2mqHFlwFNqi3TrCWY=":{"valueMac":{"type":"Buffer","data":"qqJHhbAjigI52YO3qU9KDdxnJYuf8+dzBl0INhQCvxc="}},"F/AAbINp7tOZT+UJ7S0noqTLIZcLHRURDQaPttFX+H4=":{"valueMac":{"type":"Buffer","data":"1meNkPooZ9GqaF6Xv4edxdRm4EUkUPIyClITuNqh59E="}},"GBlwOUbTwPvk5lPoBHWtbFPpa/5inYtsRS7ZVQs2G+w=":{"valueMac":{"type":"Buffer","data":"MhMx5jLgJQTo4YLq2wNIWOwvSRMTHm14Ql28vvC0pcw="}},"GD5u2xmwSgpHx+Rcz7ym+37M8d4/JK5jRQ382L//AV4=":{"valueMac":{"type":"Buffer","data":"ooeAjYidH1om368e0EufJCWA/7PwF9SjIdciJrrq5r4="}},"GUXbkh2dW2rmB3Vs6XSI82RHsNY5XLei+p42SNPjuvo=":{"valueMac":{"type":"Buffer","data":"BeOj1NYmLMKkJanTZpjxZRiOyxw6bR7nK7CBmCQTm6I="}},"GWqUiI4lzS582FZAQDFLMn/iO7lQeRkfr5wFbaflSDs=":{"valueMac":{"type":"Buffer","data":"j/1Bb/PMKInt8Orpm3h9/lWDj6OrghWa2oXs8Yt5ozM="}},"GamA3+U5wWmn010liutJTILDYXmcbIpmGHZde3Efq18=":{"valueMac":{"type":"Buffer","data":"BQX5b5SvJ2jCbdacFxAI+TskYnJS2U4PeNGYqk1T3Dc="}},"Gqp8yTZQJXqkTUqzl/g1gY2A/M67w7gnFKOyjQq5AWE=":{"valueMac":{"type":"Buffer","data":"hXgqiW9NZcRsBZer9LXhe6Bev1FIOpITCX8yzeAcovU="}},"GwKRluNJ4QMz/CIzacfycVIqqrX1PvlE0LSrlI4Mxkc=":{"valueMac":{"type":"Buffer","data":"bU0YB582xts7AeNifTv/hadEzBreVIHuKA6KAYTslGs="}},"Gz7YA6M7KQKVvNXR/sApDqSZWhrpDdG1pSQcmce50UY=":{"valueMac":{"type":"Buffer","data":"zddlsWXhOj9G1SSWxPWuUv8Kuc8UNypZi2C8ok7Hz18="}},"HBJCpSocgRcCYdUxQnukT44jll2Bwy0uXS/mv3uc5vc=":{"valueMac":{"type":"Buffer","data":"WFBZtLPHQXepXvsGSHYapA0RH8YCpz89C+/P/Xy6Hp0="}},"HMjkVP6KK2vfzQiphjKGe2gmDSaelgPx3oQXyrw2F8I=":{"valueMac":{"type":"Buffer","data":"+Jo9CH3My3j1KZUDDE1/QTpVku/mMddHMVh58bU65FY="}},"HT8PDYgKZjsnb9E7qJICS0NGaLM713AkMEh3sYL8whA=":{"valueMac":{"type":"Buffer","data":"+zIVLYc7/h9cNkgvYrUEJisOC/2CRnbPd0ptDzildw4="}},"HWNMUGHSaX/f8aL90JW1YmAffJjyDHUYGdjOjH2fptE=":{"valueMac":{"type":"Buffer","data":"VxGwNLlkoVDOx18c5/uWRe/zCwOvhPG0ntPo/fJjouo="}},"HXyvSg13vyjd7qqOCpEAC2O5EMzANsh4ITth3h4RHOs=":{"valueMac":{"type":"Buffer","data":"3F4j7afwgt/mwVKMxxbcMPN2gdRj01NQnO6Xzxg19bg="}},"H1OrdTKeqL3D2OaDvL/BTYsearCPrH5lc/+0OSqhX1E=":{"valueMac":{"type":"Buffer","data":"EILThWRwrFDj0PkZNYXwSk6W00bOu6LmAmmwl7tbwQY="}},"H7oAYCQhRPzsW18O7vQ7KFKIEnDQawMurrDTuCIJeis=":{"valueMac":{"type":"Buffer","data":"gS9FvgM7R7jKM6LTg+LiOMDFYwVYOM+aFPc6Sdg5EfI="}},"H8tAC3PD4c1K2wNP3SWoT/CPwmSOhdq9QPn83BA7OQ4=":{"valueMac":{"type":"Buffer","data":"v1nkyo3ZtTZ0tY5WgqTY/CbQr+zBJoxQNVh7CiQ0Lvg="}},"IChPsQ+ipGTT5D8ci3B300n9aBix5uGgJXIAlLmO/Ww=":{"valueMac":{"type":"Buffer","data":"zAOZrrTxCjByatOwzDP3d/LTwbEmt4b0iUdjx38fUTQ="}},"IKxwc2O6mp28wz9cmAPXKaChxclx3X29wLZq/ow/T7U=":{"valueMac":{"type":"Buffer","data":"5BhFd21+8p4dc6nHDh3fjvNAUfWMMOmkfC7HfsZ0/O8="}},"IWZMLqOeY5ZcwerMiaypxkUW+pjU0UjzG++wyg038yY=":{"valueMac":{"type":"Buffer","data":"5rRD4PV+zR51kUfWS5mYTN88q6e3jSR1WPLyC9GAUpM="}},"Ig/AdgPbmiGRWtYrIFOItB1oEFAWy0+r0ZsPqao27as=":{"valueMac":{"type":"Buffer","data":"vKQO/ImmsyKxW/tESnPYsziEMjiXorscNOhdFXK+5Zk="}},"IsEqNj+DQ9DXJmHor4IchPvScYCcH/15I+lm7FvVNXU=":{"valueMac":{"type":"Buffer","data":"ORQUgTUnti4lVVFnK0ww9o/Gx4SlHWOg0PB7MDF6fYA="}},"I85Wa04cjJstF26zH4eiYY9jxi6uosSxh6Q34G7alwY=":{"valueMac":{"type":"Buffer","data":"YFMuhtlJw2N0qUHbJG5ozUqkYKb2kdzcfQTsAUq4to8="}},"I/mh4NgvLYYHpt3v9CiU3AIKOusl9b/cdaWoLruMBBk=":{"valueMac":{"type":"Buffer","data":"5pkxB6jEsQ+Fu5dl32HdASKXGBDMrCm07k06LjIuZ7o="}},"JA75tgE41WhwpeIf6Dcn78y4O3POEkRMRRr0NvNmUHo=":{"valueMac":{"type":"Buffer","data":"z2pMkgpiMKLMSGv6XN0bVD44mgHirgxsra2pn74aI9g="}},"JMH9RGxoxk8Zthh8WmIUkDW0gKPdGAF33ZTyuHtMNS4=":{"valueMac":{"type":"Buffer","data":"TBQ6qZtvjbobi12/qIvsGralJV4F8uKmaW8eUnaa5nQ="}},"JU8DKfhXYcwyNtg2g17U2NBsnQtxIae30DjqzCzG/pI=":{"valueMac":{"type":"Buffer","data":"kQd+jseX9w3lOkEK7zFKGC5nNgV/f/PHpNllmNOz1yc="}},"JYu6LVUAWRgM32geL2GSmnX6xH0dycdjtH7XuKDOxXw=":{"valueMac":{"type":"Buffer","data":"qic5ynlMfsBInK2vom8PlZMMlAhiDU+NgHC+6ADxq6A="}},"JZld3K1RvECwUw7YbxuWmsHlhPSHgKMiPl244yF3ZU4=":{"valueMac":{"type":"Buffer","data":"lWheHQ+kqMUB14LCaWqkzWg9o9PeLxdhwU0TSTY/V4A="}},"JaKurRTl+ltGfZnC2gRzkIyvhfXE4Pay3Vgy7y2z2M8=":{"valueMac":{"type":"Buffer","data":"0cttT0aJN/kepKoFP7ZBi6DGCTrj7Y3p/L2FCn8RUqE="}},"Jh60RSxhrNeL5c4n9S7y2S3ofsLD612bWHVCEfOE38M=":{"valueMac":{"type":"Buffer","data":"fcfcSkYeVXzmV9mTCrvUPS0PnEyi6tbBnRVt6zNv6Eo="}},"JjIgWwiA2YydXMFPPhhfGkGGp3TFzWv3neFiJJUyI0o=":{"valueMac":{"type":"Buffer","data":"FShZ7FRi5xpexJ50SEbuv7ja7oKNHRZBZ6xic1stYyA="}},"Jjjro0T2nwpBy02RvK5APLV9oVlc60PbegxSeiT2Zxc=":{"valueMac":{"type":"Buffer","data":"cB/Jk9AzzMFk5biRrx8rTDdjPQiBnYiDufgzv7fcOOA="}},"JuRlx+YrMzZPLl6IG6dyQBwfyq5xgfBKSUi+Cyh71kE=":{"valueMac":{"type":"Buffer","data":"87Uy+RdiqoW61mYIKltMrO6648AGcS5layx3zbDXhXw="}},"JwDPuR1xBKyhdVfMDNp9bKQuyCaa7nlh5VAYXMkksVw=":{"valueMac":{"type":"Buffer","data":"y1CzDD612QhVHoqsWySxR1LMEDEgs/yXJ/66mbm4wps="}},"JyD01q3PdAU4d+Vy/XHiALL1/5LRCiRyHowU6c4p6Zg=":{"valueMac":{"type":"Buffer","data":"VOYZNuHlVV+TWBsMKNjrKEX0zquo9aCqVuYZhaYiRS4="}},"KA5frPh1rzBeC0uemh/S5aRolW6db+xtG1VHP4DMvag=":{"valueMac":{"type":"Buffer","data":"nC53Z7+rqPfkt6OkWvAO5VcNUL+SP/NBav+LUHnvbq4="}},"KE2KUMxhyCAIrreHcv0qE3H37xUkKn6QmJen68E0oFw=":{"valueMac":{"type":"Buffer","data":"0/P1bKKFoaK7tb1aKnCifarpLzfaMCPwtB7bzUm5uGc="}},"KFAau8+8nydMYyZFDyyHqlaOhHuDFSnOBeO+C0Fakzc=":{"valueMac":{"type":"Buffer","data":"VJHtt2wHOzhZJRDjNQYmvhhgZp5i6dwg4NkIR6cF5Rk="}},"KS+M+Ee20ChHKt0bf7h+SOrA4+fF3tgGSwcKeblAeU8=":{"valueMac":{"type":"Buffer","data":"bvHgCPo8aoWI37uCY7BDQD8kSEXQ3UhCe/eghaaUDgc="}},"KWzPK+HeZeDcjRzxsPkDZfhMpLZqA+qVk3pwPTtw/t0=":{"valueMac":{"type":"Buffer","data":"ulEYqqwRqGuFPeh7P2ltozWH+24U5lmr9rClN9Xh12k="}},"KgmgegvxGEsGwR4iugGh56CiElhx66qUbKepoa+u0iY=":{"valueMac":{"type":"Buffer","data":"ESf3v5kYqPNgKoUyMinSOw1CcMwn90UABkW0/xQSFEU="}},"KotylER/+X0iIfAPE0WSnI36wzct1w9IG5eWHLv9T/Q=":{"valueMac":{"type":"Buffer","data":"27ZitPUF9/rGKKRFAfgc8r+s3+MjiOSmtQh9bGGX85U="}},"Kq+jI00wQ/9t738oMrzoXRNVXb0cDoLPYdTbIB4WcXY=":{"valueMac":{"type":"Buffer","data":"RTH/bT3dqtXmE4ggKqI+jiLhJefqlMBAX1oWdz58rfM="}},"KrqSXGzFc6lK4AxE0vL0XMBSHPIiTaPov+TqapkKIBs=":{"valueMac":{"type":"Buffer","data":"KaThnf/4pfmnbkLBBT9PA33oH4HbnZeEi+VLabuHL2c="}},"KwbAipbNMNu0zuBdaD/D94U6dTPns0VDafthYyWSqJM=":{"valueMac":{"type":"Buffer","data":"XOhund+u1JN8jwIxCKIxsUf7Ikt71sfqpt70vqR/Dqo="}},"K23HjaR8EwiYf7JDVn8GCm7M6odDLt3XUnwBa2syXIc=":{"valueMac":{"type":"Buffer","data":"IdKdE+4JeNFg+AM5Av8ELkbiSoBpFTvYeligeadk8mU="}},"K36eLUZAejrGOLAC8KjTZvmvvfNsYhOmx4w9zYoaqzk=":{"valueMac":{"type":"Buffer","data":"tt1UqWews5htDUXxmZZMW6HjPBMMmINwUDmauOMzdkA="}},"LBbO89JHawycWSoU2CZUfcAPRXJPqPl1Bc9qTdiq9dI=":{"valueMac":{"type":"Buffer","data":"98TGFMBdQfattRuZqkQf6lqXa+W51mGxudNpKXgZvSM="}},"LDb687qlwQavEENJTAdmeW8UINQ0I76wKwmDTJ8kbwY=":{"valueMac":{"type":"Buffer","data":"VqdOI3nl3LnrhJsZre9LUshu5fSkpviH6ZIelsxx+L0="}},"LEetGkbVgfcFlzG2HpMwqtlI7/VU8hgJPEL40hsKtYk=":{"valueMac":{"type":"Buffer","data":"/6oEjbXuf3n+dfvAzhFWA5itIwtKYQeiOg4YzvJECqM="}},"LFrynlZX0TAJFW1bugZLLxb3wdGVm5tmcCen6B5XM+8=":{"valueMac":{"type":"Buffer","data":"SY0mGmjqayWu6c0tu8FaGahS6Z74Z3Ti4T5vofTZpJE="}},"LJt+lD1nEvy3dqMfcSGAKEx3KEhmR3nTtUMmJ1OITiE=":{"valueMac":{"type":"Buffer","data":"fiY4xCgNTBJytICVjQvAG5FVbuLnrj1nlaFzxnJApMA="}},"LLQ84fT8WbMx3ljpC1qfaRxNSQ8iE4TehVD+yLD2S7w=":{"valueMac":{"type":"Buffer","data":"dQR6taYS6uVN4IyiDGyMw9tM8muQyTJg1rL1T6RWjK8="}},"LL2s/r6WdXKv/RIyTGZ709jXszVzAxuyLUpjntdB9S8=":{"valueMac":{"type":"Buffer","data":"wKtoc9vOerW3iaO3Wtelb6oidEWShbX1g2OB7j5vSj0="}},"LMz5hMyPQ9rRkDlMWb8kym1s3s2hiHwMS4Jfpsm3LgI=":{"valueMac":{"type":"Buffer","data":"Di6B2CZGiBl7nESbNPlB0KYf0L5YnLObGpiSmFhEQGI="}},"LQQL7BrnK6L23ZeGRRJnV3IQ78QGwFCzdQFwys8H5z4=":{"valueMac":{"type":"Buffer","data":"UaINrUfzROYuD6jxj6bNPxh7dRAIwbx8ak+zDWjbtOY="}},"LS28gqGvz8JHxYMGqzUbVzfdemWHMk3xiMEFXtP3mgQ=":{"valueMac":{"type":"Buffer","data":"rGJ05yhn4t/c/VYy/Y74xaF/EY1jNEpVKke/o9W1h98="}},"LdWH5+GJsaTsNpGIZA5Fa6HS57LD/JRl35FoU7G/Yew=":{"valueMac":{"type":"Buffer","data":"wrhDunEnOAE5sBiZUtlUVnLYh/Lcx0zxq95Ruqfa/ms="}},"LfGhUOAfH6T/ByYv/18ByuccDju8/zGBdxaCedZ5sPk=":{"valueMac":{"type":"Buffer","data":"Q+9ZmwJmgdduIL4ij4lmItUS/uBO9z58fE2knjmfPys="}},"Lhr1SzBt1TO+uoWj+fo15mSreel7P+4uqOq/qIe2Eyk=":{"valueMac":{"type":"Buffer","data":"4qNCGeAokH/Cf/sQg+wGe5a8ugHgpC4eh+giujjFVqg="}},"Lzxxgir14bWJjiE0YIil7JsLrTW2kcCx4AaA7MaAeiI=":{"valueMac":{"type":"Buffer","data":"RGIEQcDKVnsvgoQz7l2+jkEc96dxV4jQ6P1hdIihP24="}},"L44zw8jZa3xLVtUtsKvvTZrsr3i9KFHCjMU5iCIt88g=":{"valueMac":{"type":"Buffer","data":"cX19yX0FnPvKq/EkU+8eGgc0/QjN4TYUC3rl3xxEDXw="}},"MDZmdbY/VY28KtVNvcoVxS7eIbUlfIyWhPzPkte+4gs=":{"valueMac":{"type":"Buffer","data":"Fl91KKqu9wIyYt1y5UnsmuaO4fHgqH5etvMzx724c1I="}},"MW2kNiZGwOfNWr2NsicAOe1iPqYdm1DRhw4ado4zxWI=":{"valueMac":{"type":"Buffer","data":"x+xeYM0VzTCIoD0nmYRIQOTVOrrwfu6d0TaOMCW/AJ0="}},"Mbo2jokrOXKBgivks0GcCnKv5QnRRq111pphU6W92TY=":{"valueMac":{"type":"Buffer","data":"5hswGCwtmRXebQoASCaYnD+1WLaghWnzh31HT0mslnU="}},"Mj/AtAnaiozlbKORLMtst+K3bwZlOUrt89t7lGOgkz0=":{"valueMac":{"type":"Buffer","data":"uGifFuAFoBS74hUEcktxTSUt5AmC519LGugiJraDvOc="}},"Mk28tyTObyYoZ74QQuxM8mtSwpQc1qBgYQaNUxv8UZk=":{"valueMac":{"type":"Buffer","data":"n8gJ2RjE7jHpIFIFPhh0YzY+rQZu88Dl7WWaytUYDho="}},"MoBUf+D58vE2w4jBjCS7BC1CWwCVm+pMmfSGZs2t+Bg=":{"valueMac":{"type":"Buffer","data":"pd/jviEJr3gyaB6Co70e2vLvXebjFI2UYMmSOO8C9GE="}},"My6bMo3xfxMtuMryrXzcg9M655iV0cBuDtmxRAfezgg=":{"valueMac":{"type":"Buffer","data":"TWV9wQoR8Oa0TPApPryMpIW8QQNyNeoXb6tQ943RgXk="}},"M8HanpOhtPvQjblC1WF5Ac3jyrwkzitmem4XdCjMLr0=":{"valueMac":{"type":"Buffer","data":"WZUxX6r6mWC8neSmRGOLXm8NV8+ABLonGOJovrNQO3Q="}},"NAsZam8qFMeKxI5T6eMX5UZRehXOn1u3UUiQeJihtFw=":{"valueMac":{"type":"Buffer","data":"8zx3tFQTCttLzSPjou+tdA4sXyIDlUfjVXXahqP0dgg="}},"NBQAv/EtOaVa8dWZKEu+JmXMJo2fy0h2GlwyZGNUypM=":{"valueMac":{"type":"Buffer","data":"g14c0VXUWbkku41S+JXg/uVKlbt9xA847cqibQA+ffc="}},"NIzq7EiOaLyeRdjrZop7Xl07doSsE+bzgvRGyKBevHE=":{"valueMac":{"type":"Buffer","data":"uTJ3L44xHYR6oASbR2WHA1ZFOdb2C03vnFsXRWsu9Hk="}},"NJ22paRcjpNrejX4CXw5p6HIusPoTBvsAmsdrMOFTE4=":{"valueMac":{"type":"Buffer","data":"zkhTlxj3PtPKX2Dm5PEs6R8ymlT0QhxRKluMfZAZeBE="}},"Nruu1Y44LkdHrpV1KiWI6aSQIv6T4zTpKl4cHrz0M1E=":{"valueMac":{"type":"Buffer","data":"gIHiuPQ3k3mLGsqIZ1uDvNbzvgU/PWgZ/K1Q011eVDE="}},"NtuYMoNBQHLNgiRRcIaQhvlZZhn/ChLLE5ywbmXTkIQ=":{"valueMac":{"type":"Buffer","data":"S/iNL16v7h6E8TDNkqxuk0XpdrDpzqS0ml/7rYC8FcQ="}},"N1TS5i6aIC5z6X2tzPn4HhVPTcSQDkxARCXjnpsL9RY=":{"valueMac":{"type":"Buffer","data":"zSWgAY8MBy2rqyJSWwKLmP+vYZru4BnnvIyDRX5bM9M="}},"OD2RlOQ0VP7ObnmXiHY199iDP5Vd5qOzy4ntdOpQpEo=":{"valueMac":{"type":"Buffer","data":"Grtlg+sq1Q1wbenmTlFPNT7cMuXXeaT7W1qWQqkkmOY="}},"ONnYVzum9LakiTtRy+juqqmsbC4n6oyVU5HI2aK5JTo=":{"valueMac":{"type":"Buffer","data":"NXRJMiuwYgoe24Xzpq8zR7aKDjK4RiD+EXxuEgBfbyw="}},"OZTrl+t3w58ivk++V4K3TO6wewKuGwOpDWuS7Ew90GU=":{"valueMac":{"type":"Buffer","data":"o9WKDPRa0sArSJtnORlgif3c1i//8u//S30Jta+oaXo="}},"OfBG9okkOQPF+AyqLoNUc1vkHb82CA4PRnUND5Oines=":{"valueMac":{"type":"Buffer","data":"XKJA7dWo9g1JcWo+SHzwSdDTy/o05D4Oe6D49iv4P4U="}},"OgcBDk/qlZvYI9ZHwFgHpNuUlmRP++T5ST2rCCmUmh0=":{"valueMac":{"type":"Buffer","data":"Uc3m0pf8QZuZN0msqML2BhfwizeGc0Xaj10+slWVShc="}},"On/+/E3DGcOgSywJYkVbpbCMpTItSwKolTjDv1EY3/c=":{"valueMac":{"type":"Buffer","data":"7oHPFl1CH2cQbWjZW5UNE0tHDW6SVL2J8oZP/r4IC24="}},"OoKvTvIwTmioEPKGTU06dFxytdajfTZWFD+n33WgG8k=":{"valueMac":{"type":"Buffer","data":"NWMhLRFljg02HX0eD/mj+b7mu7SRxpP30A3o3hPoZvE="}},"Owh1IezwLLIPg6i5zVggspCPnU2fRqjG0kiS/s6ZOsY=":{"valueMac":{"type":"Buffer","data":"z/FTvzuOJPyIJvcmWAT7xMlyK/GTT++giZ58WHTqxfM="}},"O4ThHhhg9X8ZqwryX6eM0vCD8EjjJ8fZyhc6tTjLeiA=":{"valueMac":{"type":"Buffer","data":"VgD0VAeVg61N5Kf9t2rRSA0qDfcm1o9nkHE50alhuHk="}},"PDS/+j5gloJwMfUN05plL4TQFsxnzY9pYOgRA5uLjtQ=":{"valueMac":{"type":"Buffer","data":"y/YU9z/rI/HZzeue4Ir70Z+SBoJMp8qNCkVHOAZqaQM="}},"PHR0SguBo8+xf2MnYDfbJJ0mRU3nBctj5AvZj5tYZ38=":{"valueMac":{"type":"Buffer","data":"hr0b107uFqnbS0k7MKFnRIiK/Qnt1WHeqjAZ2/ithSU="}},"PJO9W51SY99Q2q7VHBkRt4xmt4EGREOrTeN5y0J87b8=":{"valueMac":{"type":"Buffer","data":"O8rDp9CUxSJdGD4dDtW5lD+KnlvzgfdVeLhfnCabLqY="}},"PKkZWMcLnfEL6qypmlemL093cHC4shyxvwAH+NC3+Wc=":{"valueMac":{"type":"Buffer","data":"E+U78Rlug54+hbOE3Sf6XGp2VB/Hk9Kt9p2+/VPJyEI="}},"POM+Oi2WcigvFYL4ojr28lflI/tcuc/FMi/6g6FlapI=":{"valueMac":{"type":"Buffer","data":"950Wp+9r/L53RyAdDfIS1kzuIV9mRwqbZ83qLHFr1cY="}},"PPk7hkLUOGpd2JLjBBHcyoRe6CZvGuK0pAyITr0gAN8=":{"valueMac":{"type":"Buffer","data":"gCOOXAqHRoGaParWsLugtidqHNugPaZn9kYgmmCOb0Y="}},"Pf1SxmVPyU1oyfDijzmqG9N1HfC6ykMossW8zG+rUmA=":{"valueMac":{"type":"Buffer","data":"H2BhSumZWkNTsqE8A5yeLRi1X/d35ssbn1b56bpRGzs="}},"PhQRoUR5SyhmyIHNj6jwb8RioVZ5QnhM/Fxx1foNFG0=":{"valueMac":{"type":"Buffer","data":"qxCgBVCd7ZujjtI8W+Nz2kxltvqNqjEj0SDdRiNltOE="}},"PoAmXPBZ0PJyhdzZZbwQKWgzLRFi/VjwIPgrhlx+Xws=":{"valueMac":{"type":"Buffer","data":"yArJyvfgFHbge4GWrWzTkk7h2n7kwuG0LWjWrZc9RCs="}},"Pp4b55X3zYU9aDhpypD97sXEY755tPkc+AdMgOhK5no=":{"valueMac":{"type":"Buffer","data":"qtb88zkXwNlFkumOuWXQuIOiniE7ORCZIiKxEx2sdQU="}},"Py55gaQSyzR6U6Cw48/LcpOttSpOSWFnl7UQK1kLRe4=":{"valueMac":{"type":"Buffer","data":"wuqh+3sxI9WqLLBZPhx9kd+tkWICH1LypK6veHRelek="}},"P1zbDMCgkTyjKO4aVUQ+e+oF38p4wXJhLOU/aMlgN/8=":{"valueMac":{"type":"Buffer","data":"W3V+uKQ0e3b3Jha244MoB0sJvodSAFZxQZKYCVYYWlA="}},"QHy4VICUd/HyDEPTu5GnB60qktUXuphcJYz0fdHtU6A=":{"valueMac":{"type":"Buffer","data":"yvZY9BbVzNGST+1rxNWpJaDr1YZLGRlBrVBU7amcuaI="}},"QMiLdFkFTU7eFZu+Hv2TieO+8O32yYnoSNvtkBd6LAQ=":{"valueMac":{"type":"Buffer","data":"NbfWFHKa5GYrO87cqk3pyIkHQu/5zCND68vEhe2ZWII="}},"QUIHny6Skq5e+bdAVxsMdJs9hAgsohJ2lj4sYf+Y5tg=":{"valueMac":{"type":"Buffer","data":"J67vQ0MmWMlL73WVie74g3ZRM7k6c9+G5W0qQJB0syQ="}},"QgMQXd4s2tafgc8A68wf9AZvSeKk9YjXLqjJnbtR0pY=":{"valueMac":{"type":"Buffer","data":"4glZo1C+Cg7E80EqiVyMqT+CIAuYJ0s9AyjhmvIwKUk="}},"Qg23R9UflcYYt+PVwNBJedH1BISPpllNRCg2Bhaz6mA=":{"valueMac":{"type":"Buffer","data":"UkWETZCDoDjCf9JkUbsUUvCFUCvxQrSaLaLMq30C6jI="}},"QlAiuUivIqTg9Fu/d9xBLqa/r6DOZLEeJsSxsvcZEPw=":{"valueMac":{"type":"Buffer","data":"UTHfMdUdl3zjbGO/t5VvPDqrpKIOlIvF/NqX8C77yRI="}},"QpuIrUXiHnrMvFDe7uxVAKL7ro0fYNw7/Iy3DbyXdX0=":{"valueMac":{"type":"Buffer","data":"K5mr0aUC4OL+jD/MRAQQXiWdK+f/xdtL3VEf3CpD/L8="}},"QrXAoGkT2flYklvx+HTpBT+CExdDFrAh9TA6ib1tM2w=":{"valueMac":{"type":"Buffer","data":"X1s1hgI4UNCWavIWDRVfStCn+2Tespvz1Hoqud6yEgY="}},"QuRowlVom3DqAu7tMNT40BYmV5p71CvzHp3fuHcIL9w=":{"valueMac":{"type":"Buffer","data":"yU9fcsxIpcqZQY5rU6R8Ca2ha7Tykc3AYQglPCXJNRw="}},"QvqCdaE7+EARldq1meCuQ3lCzIPzjL1X+wW1Naf7154=":{"valueMac":{"type":"Buffer","data":"CaqAR/WeHrxNEE0dyl0d+GIwye0UK5Boiiwo/2Bkxek="}},"QxS1sEA/OvCdMAiP6id20K8wdHnmPWc/p5XrVA2TpVA=":{"valueMac":{"type":"Buffer","data":"jZYPAo947pH2mqi6yqptA6RWe/ZBDeX0H/5Zl5VCj8E="}},"Q6fMh+v2PFp2H5gBmGPEaN0/Jo/7isxUVPmnl463Zw4=":{"valueMac":{"type":"Buffer","data":"YQX3ViQ7jwMwZYZKZK1rs5GaBSv5m/qX3RxBFO+U2iM="}},"Q6j4fgw3scOVQI51ziNOvnJHT7EIaY1/KZAwn/yrCak=":{"valueMac":{"type":"Buffer","data":"1q/t9Fq7X1Hs/bnXbWRFDjt24ypMA/mtEbYnG8KN0YU="}},"Q7zU0gGkyP818EeYhTMRnk/RGGc0TOsR54qhi+vCplw=":{"valueMac":{"type":"Buffer","data":"+DxWXWwmlf7y7qVhXVVMsEC0xbdj56a95SOeYPsUtZw="}},"Q90srSgkrb1wbKz11wFlAXXXr+A1ZUV8ZTaicvuGjmc=":{"valueMac":{"type":"Buffer","data":"nQG6Eq5UvYGHdxWmY9FFgYsoBVwP9wcsEUT+6IQds1s="}},"RAgEonIRpdGCpQx2kgz1LEYX3qHm31mHbFGB8JY/CPo=":{"valueMac":{"type":"Buffer","data":"tNWN5maxAwbSQ8cZFdD30w4hXjpwiV2LK4wruAPa3V0="}},"RGfrDFu7+mBGCv8LL4TIGA/zQs8bXDipR/08xQ3kiv4=":{"valueMac":{"type":"Buffer","data":"r6fq/D4l1JKwas7sj+rRJc56YixyArhz+v+8KU6LcKs="}},"RTSYNFo9zqK4a/x2UtUxTsSYCO0Io/JK8nucpdThDdk=":{"valueMac":{"type":"Buffer","data":"o/VPEHZP5+RXvJt46xDsslyhhiucrsWonpoQkGGzleE="}},"RZh1S43OGE+ukgz3lVgwBEsDrqTPnaETx2OJG8C0n6c=":{"valueMac":{"type":"Buffer","data":"ju2JcHzFW1QQEe3EpqdtRoXvsH9Wedqv9+F3SpqI9NY="}},"RgiO5OU9Qz+trLnxQrwEjNpuikf5YkFtGVMh8lyaUvA=":{"valueMac":{"type":"Buffer","data":"U+pyLdIoq+DBNdokKDgwO5pZxTOAFoX/9pteHnSuY88="}},"RiXOm+aJuogoRz2anhjy1pc4dY8KF+fLezgJaocQTH0=":{"valueMac":{"type":"Buffer","data":"zsgxrG6dbRI93ITfAwQ4qIEgLoF+Bb5N/zuoXs1SPM4="}},"RnnhhEJbEbfwlEWIDnNGw7gecWxv3+G9soLYGsgM/Hk=":{"valueMac":{"type":"Buffer","data":"z6bHK7yRlYevImuqA+A3Jie7/fHPKtVG/PYiIyTYK/A="}},"SZBqxz+DHgYUd+pYtEx7Gkz3hBDfGAsSIut4aOKlDxg=":{"valueMac":{"type":"Buffer","data":"EZXCKC/97Oom3vk6liCHLP8k6h807qJ9wdpggHZ5N1w="}},"SdCej+yl1ZWDXw4ZY6geS18D9bmEQebvfScd5XdhoA0=":{"valueMac":{"type":"Buffer","data":"zSbYtL6wdJEtMcQI9ytr7s23Llercv3/toTmsFNFcjg="}},"SqGGIiZxlbVRUiFxgrQboJm7gUQbDiFjq22lyWNWQ/M=":{"valueMac":{"type":"Buffer","data":"3th7oR4ywDoe3eIcrpjaw+Vj0PtbCR/hwGsQOP5OGZM="}},"SssJAWscnO497hBrs+IbUzdJOaETZ7R7dGkiC11roVg=":{"valueMac":{"type":"Buffer","data":"9sfKyqs3B1fNEDPNdTz4T6bKi0ULDJvrRlO8ol/DyGU="}},"S0C+YAGd2XMPb1yETMrAIq32J+WLGHXAqc/+etOrZGY=":{"valueMac":{"type":"Buffer","data":"YvkhCmz3H9Ru1bPBE7eb7xKZSVdQQJJ85bYfdp6MtmE="}},"S479M7Uo5XgOcAypAG+jQ1VXqE5tjg/NLDgqDJ4ETnw=":{"valueMac":{"type":"Buffer","data":"mfscIAewDYCRLn3OMdd1h93vqMyFD6P8sY8AH6nohMU="}},"S65jh+1q+DF0xKgRFi1cEH6WeT+jsTL1Gim678oyc6E=":{"valueMac":{"type":"Buffer","data":"zvouuub8womE7AsSHUq1Q9eQY7UefGGi4oPkAKmXqf8="}},"S8uABcIUCeBc2qL1FHDosfn2KEBx7ZpRSZ5dD0p2dZc=":{"valueMac":{"type":"Buffer","data":"qNXaUgYypQWQczVaxZkSC3nOjsyxu6WDTsqxioEWNOI="}},"S+TnBc6tGBfUSUeNZdtaeFyNHpL0MInj5gWycA5nHQM=":{"valueMac":{"type":"Buffer","data":"6rpJrtcmccMLRxWUJRHCuM6bAN1LWZXxus2lPdpACu0="}},"S+vyITlncm0ZKHJ4QGw3ZKE3PCL5RxBlfz3iPO4Qt04=":{"valueMac":{"type":"Buffer","data":"Cd+cIaH/lqBORaa1gIy4ZlmESOMTp7FRk3MsRHKKjvM="}},"TC/sZoiCMTLzBFLm5JoZ4hn7KoqYtxLMI7mV47QjKv8=":{"valueMac":{"type":"Buffer","data":"SLHg/ROWYv7BGYxEEJD4vrxkX4g40KUellFaNQwQPT0="}},"TGaGfyxRJ4wqgLwOURRPZjoZqFOk4JPALxmrsyH3oV8=":{"valueMac":{"type":"Buffer","data":"gV1DpzkmVLMixWdOIVbrNlK3/RNP+k2GeJyB4d5/4FU="}},"TIPsdXKNWPI+AaQWr4NIPhOCndFSlpbyg7jDy2aad1A=":{"valueMac":{"type":"Buffer","data":"0PHrDMbzuCvmjvkbLBtfixcCWBfaKNMMvQDUFOAT8uE="}},"TMEQqzMSATNbx91eO9ME7TQfPwqXmxlQ9r5sNw3CaBs=":{"valueMac":{"type":"Buffer","data":"V3iA26n9xV9pHmly5JWNfUaOijGdWhdMrpDosTW7614="}},"TMmF8Y29d5vVd+7gPOciw0j9//Krqs9RvUsio+SWRSo=":{"valueMac":{"type":"Buffer","data":"TV+4pmq5e5QHN7vROx4iwrFcr/QzdHYfj9yQlBqC4As="}},"TNmd+rUiYIwomslhUjMugz0er21OxJ9fBPBqGtl/4RE=":{"valueMac":{"type":"Buffer","data":"15ykfMCZ0O316iQc7eYkNleybXsQUjys9f25Jl0N7gg="}},"TUCdCW2h0REQiunKuaxfOXw9nacENYHvRYZIxgA9Gcw=":{"valueMac":{"type":"Buffer","data":"gK0IUOksnHSb7H4kvPLkQDQ+j/z3rZxoEt1eXjampkc="}},"TWB8oYeRnXC3TM7kZdqDr/Mr8gjoxpYjvrEGnQFclyc=":{"valueMac":{"type":"Buffer","data":"E77LvatHbRkXKzltLbjhZVrJs/ujPETMqmSRleRV67A="}},"TXkT7kkuNra1cO2C0GPszkf7pauRpU6lM3uLASIpeQk=":{"valueMac":{"type":"Buffer","data":"Nrnysq0FPoxVB7ONu0lBU1OkTUIMmRE/V3/GEyA4BV8="}},"Tr3akpCJIcOP3L9p4HlRAzKvNGBv4QtYddtksjXsiLU=":{"valueMac":{"type":"Buffer","data":"mmwntK9ppbqsERChYcNE06dUnz48a56bIGAqYKmIsP4="}},"Tu06nHwBDaHJeTU+/D8dyx6v1Z5/PHmXPvBmK+FhNdk=":{"valueMac":{"type":"Buffer","data":"TMp48wMpQfvjBJdjRRT/Tg2iEKdjskAlQmm5Hebcrfo="}},"T4ODIhxNH7jNw0m3fjjWJGHPiAkfMRCmgw/V9Izm218=":{"valueMac":{"type":"Buffer","data":"kzogCZyvaPz4uHQWkyhV17D0sLnlFFLV8B77M7FwSeg="}},"UChtQmfcAUH4p1yOLZgRKmUC3V3DRH6G0kxn/ZTlfXc=":{"valueMac":{"type":"Buffer","data":"1j9B4wu6HgOR2Z3W6Ecnd6kYX+USsByQC0nRxKSKa5U="}},"UCquTBqgM0gpD2/kU+pJMNn8fjh0dF8V5oOSBD4qPrQ=":{"valueMac":{"type":"Buffer","data":"wzj905wIDYw1yUBg9S5zV4WWTrV1bsxFCyowKdh1MWQ="}},"UFqCvBO9YERHIG/d3Aho2gWdA5nf9woYLZmD6XZvu8Q=":{"valueMac":{"type":"Buffer","data":"5riiw/5w8s4wUDWuFZah6dN0Uhpn6yXjU/0NaEF4Lws="}},"UF3f1hnQrgOjgZCPOCEQvt5bo1yWAy4/hqRb8V0ClI0=":{"valueMac":{"type":"Buffer","data":"cNg84acBFC+qM2WnxyCnQr/mBcqodSIH6a5C/wjI3oY="}},"UTepmYm6LRpbhSC+Zu63QTfaegCdqm7e+95Ne4n1j48=":{"valueMac":{"type":"Buffer","data":"3WlskqqUUi4izpc0lAxJ4wfg0wHgAj36L+Bat2QNgpM="}},"UXeodc2w+sxExwX8p7qu1pupTUZYO2gxA6LeLLLANF4=":{"valueMac":{"type":"Buffer","data":"iW6sDvST7YMbMUWJMQD1Ikg/OEsMCpJuO0Tn7EMaAno="}},"UdbFYW/yhHL4SNeBICu/ugS8ySzMRoT77c7g/J4+M6g=":{"valueMac":{"type":"Buffer","data":"IrNl88iFp9xJmbTmD4F/TysW7Q8041aN31QC5CJ6PEs="}},"UgWi79/xhm2BiqYKcplRspECHa6JpM9N4qD7LV4zG+E=":{"valueMac":{"type":"Buffer","data":"+xxxBcuNLSPdeVDh3TfmcNoMxLNpv0Ucaf6oPeNdvS4="}},"VF6EzCciua/V3CPI25byrA+RFrdrQLrTxo43X28WIwQ=":{"valueMac":{"type":"Buffer","data":"mXoYSys5enon1VKy6fJg2E/yOOnKC843CBp1Q4MBXgY="}},"VJIfN6k5POgfYNl/WoNAsfivoK3tvtl7C9QQITtdCjQ=":{"valueMac":{"type":"Buffer","data":"kGLpxUE+iZS7raEJDGtZyYI3QYYOpcysVxyd7TXjosY="}},"VPLApDR7Lknv2uwf0TfFutaBnZ2bwQ3OVIkpLqA8rHk=":{"valueMac":{"type":"Buffer","data":"CtOz+c3a0NO8Y98yTEIIkVdSOjxVv17LjRJql9OJrEQ="}},"VPqCgTTDL7Zo3XnOMMoL/7Hfa8T8SRk1hgr5BRtxvyM=":{"valueMac":{"type":"Buffer","data":"2GCdJ7eoofyILeJ7Lkg8vcNdDSmWUIDjpTvFYbZQUMw="}},"VVFA9f34XIxBeIweBzoHWP+dTkSB3gfjaZ8vdDI1un4=":{"valueMac":{"type":"Buffer","data":"qfnHxXnIHk2etMSialOEqWcdiI58c6ZXFQ6duSIAE0M="}},"VcUZJNQXbMCWkRFDnjktlgi9hJbErkpAAcgc8AINh8c=":{"valueMac":{"type":"Buffer","data":"+1T2saSIa8k9FJHill0aa+Fh8eDba1PpBIi8XevyOJs="}},"V7dm4ZliAp3aLB3/RzJxrn1rJSyRgKDP2AYKW9jDe7Y=":{"valueMac":{"type":"Buffer","data":"RaPdXqpioeS1j2kWIwOMa7PqPMzrOh+g7QvVHcGjZho="}},"V+X/Fh3OJo2WzwtEX8rUq6qQGgmNVKIFlYGp/D/eulg=":{"valueMac":{"type":"Buffer","data":"QMy8HYGBTBcmq0pdM1DFxvvcuclrt7dAyMFGhTm8XEU="}},"WJfAi+EMwbmDK0KiGP5QkuckLoUe9LYcZa6aiGMYx6s=":{"valueMac":{"type":"Buffer","data":"6zZPkr6vebKvMHRCD8gRAvWjDB1RULfEEa4IxyJiOz4="}},"WfLHYtJYClFwsV9Nld/PTHITkKr+dUFd2NVexgOVauQ=":{"valueMac":{"type":"Buffer","data":"BWAtzAqFQeG5bJhdWeEiP5NWdTeJaBykfQzkmH5eRAg="}},"WjxIvVLZE9TQzPIfggS5iv9YT/6TOYPvrqHWPQ19chI=":{"valueMac":{"type":"Buffer","data":"JIKhMXGc1eFlYsLzWNb/yYZjmIAP6wn8DcbUAzvcz60="}},"Wv7e71WjlSo3ik5lxLY/k9DB0YWIH3l0EK3VI5sX1A8=":{"valueMac":{"type":"Buffer","data":"dyQEpRM68JLjNoyABsmu/5lEwz8aNYH515Rrd6XOKWA="}},"W5VCsKkhbRTFdklMCL+S692yPJffY+3rAbV0T1kQB1w=":{"valueMac":{"type":"Buffer","data":"nBHqI8Wrf2gyR897asXSbJnUTFfNQAv/U53SBY/MDdw="}},"W9+eYl2ptEXM/REgWE63yci8+K9tceUkPWH0H/GH26c=":{"valueMac":{"type":"Buffer","data":"EAf9kdQdaxqqhyuVBqI7KEbAZKgQqC8FBtuRw1EkGBY="}},"XDTAVbgjQU1XXXfzo+/yWQ3C4hA2D7JfhTrBMvBQK9Q=":{"valueMac":{"type":"Buffer","data":"HhcAs43kfhhOKZVaNdbirTj1+PKST6H/FB0LFyg8M3U="}},"XJzpxgIJmbO+GfsLPcztAFZbBr/kt+2JdluW9FteBXk=":{"valueMac":{"type":"Buffer","data":"h5viT0+IT0LpEViLD6KjSiGae8+UY9WfErYeLEnGHd8="}},"XSSZuEhVeAf7qLSk5qu8LtsqBzYx/iV/9994yQ+agJE=":{"valueMac":{"type":"Buffer","data":"wdFNhn0PbF46R9rt3Q+kf1aXH0XaNy/ZirmOHGvMAEM="}},"XYw4Tb/gC4I+ep3MAW0X6qIF+0aBxn8lOD0MpqZODFo=":{"valueMac":{"type":"Buffer","data":"rRcRwlgNf+wzItNXAuzBK5JrJdm0Ju8lXGvIoqt9iGo="}},"XZgdPa5hXxmkXQmI7nNNIXcIWmZnFjufgZijN6mZSyg=":{"valueMac":{"type":"Buffer","data":"b0NalJAOzifsnb+VMspfM0L/PzWiTg5by8qAV83FpTY="}},"XbqVedOs16WEpY+UxEMFAyfefyvOHNqMffychka2wjc=":{"valueMac":{"type":"Buffer","data":"ib0aOeQvdq3YcMpTxQeExBAt7rIYI0uoklXOcEnT88E="}},"XeL6r65YxF1vikU5Kie8dX9Jj4TWP1OfALDbuU0aI8s=":{"valueMac":{"type":"Buffer","data":"upqm/jynAVY0jGj1faxI6P6tVgClL2qi56/jnBpfMvg="}},"Xnu5BGb8qv/RihxmOWpVXiHaUR7Stq8mqmgVTAFB+uY=":{"valueMac":{"type":"Buffer","data":"nfz7Cdk8dpo6Wd4hgQZY3LcxHpf0AIt2Wc9Bbuy38pQ="}},"Xoj5ALKe/eNiB++OPV4jJKlMcxfA8+iM2ZcKnDL9JxU=":{"valueMac":{"type":"Buffer","data":"a/+SH6xfdinigg9KRbawYodXI4kKgc2wbXTFzeTglAs="}},"Xz0MhmLYZJUI09jsKxvHUhf4eU583/FqXl9yb1rqJuc=":{"valueMac":{"type":"Buffer","data":"nn33c0Gke+cceDIGDev9lsgDmPULYAZ5waAHhUk4nHY="}},"X1tTXfPn3JeyalUqFXuw8+2uTuG15jC7Rhi3IUKVZGg=":{"valueMac":{"type":"Buffer","data":"YVLw3hay/yJIcVBOj1db8tAfguSqLh18hWD8fR5J9sA="}},"X355n3hHFZ0Nu3Yu5X4DwutKXaZ09ls35n2PbWPUBNE=":{"valueMac":{"type":"Buffer","data":"LpZO57NPnF1kA4CyFXXQ3XkKz5tTaDMqnJ+4iUyRIpI="}},"X/03wdKNdCQWmU+soUQMa0MK4RcDbMpvz0W+arkaMo0=":{"valueMac":{"type":"Buffer","data":"oZA3I49LFokSs9DsM8GD+gEwJQtNCYHuYsEIzbmCSyo="}},"YXxmkM2bIMjAL+naio+04JGrJpTlTLzX4YFSNuobnmo=":{"valueMac":{"type":"Buffer","data":"wI6EJiUw9mcYMQZIV/74OzMQQ5Z5arXnXmN108FgDuQ="}},"YqsbG1Iq5pXPDdSP6JBNjXqtY4ocbRj/zULdx6ugpXU=":{"valueMac":{"type":"Buffer","data":"pvxVUryY7lL1KSR9XXS5gPZ28pp5h/o2p0+mISDXl74="}},"Y0qQ80SK/acJ1ySaj1rkBzH+jTrJv2iqZM1Nt44iWbQ=":{"valueMac":{"type":"Buffer","data":"PGhaj5zMayQA1Ir2V67iHp4NyTl8IDwKl/nissN35A0="}},"Y8WqTqyYnjTHI/pMFY/RtvJI85N81hnt1eLZtVk/PVY=":{"valueMac":{"type":"Buffer","data":"LWlQff7I2s7LG14Exx++rUAXd8zQ7DULx9HBNoSZEXw="}},"ZAtDLmeSfV5pS6QEXoFrgmJHzB3QlV0kXDVhPBH44nA=":{"valueMac":{"type":"Buffer","data":"S2audAq16NcQRRqVG9sv+E/guY4e7aJuOm7qzlDXu/M="}},"ZOdLA9M8PTmJKFyLm5mWFTVHoeqkdrxB/vM42fl2mwM=":{"valueMac":{"type":"Buffer","data":"Eqj6uPCajBCHOD4nnj7FqXh6p9OqLZP3CJ4jo5YXMB0="}},"ZUXfpaAks8S4QRfVEWG1TUsIz5vJmvWGfVJfKdQCQJo=":{"valueMac":{"type":"Buffer","data":"W9wawR+LwDn0hGExK1ll9OG27jt9ovTpyk3BHT2SAJQ="}},"ZZPn91EzmuBnrOY+/bLTFK/TtN6mdoMBfelrN7+WROk=":{"valueMac":{"type":"Buffer","data":"Q+4t6+GxuPrC2Fs1N640Yex/2L5/pa+d3f+yfWYG8Xc="}},"ZklVe/2J8xOjAz/khiVRGFKAXrPr+0Q4NxNMFic9tio=":{"valueMac":{"type":"Buffer","data":"T2DhYY0wNnI77dloMqLTeB0UqUs0NFi7VXEyxZiH8bk="}},"ZnUpAa7a7Z9vU6Cuj92fIg3KxA+1+tq3dIMrnNuWNe0=":{"valueMac":{"type":"Buffer","data":"++BtvJtnG+tJIg8ApAp46ZRPH3ZhK0nRre0eLC3oibk="}},"aEqBIdD9Zuyaw9o4drzA8o6iaf4NHH6PQNWSt5baQeM=":{"valueMac":{"type":"Buffer","data":"QzbXq+VyQ9KYJc7/3/WcskEfVr55ApnmGw1HgNcevnk="}},"aU8KKhR1K2HdimpWeCv5nxnXtynkAs/dFedgP3jXSdY=":{"valueMac":{"type":"Buffer","data":"9ouR/mhSVodUhzl9BAhHHcM8SNX7pkGSlg2dmCEz+Qs="}},"acWzzLyDg7L0qgyIKh7GMpUpzyA5+Ywmegann02BVHI=":{"valueMac":{"type":"Buffer","data":"9Cs+uXYxIYRuj7NnGFtFk4VW9W/uQwbJH+kVwn75QB4="}},"auMxK6nVv+hI2Oya3E2G4ZiUq/5ljpdszQ8ISHpC9Jw=":{"valueMac":{"type":"Buffer","data":"x61diwLombsnZqz6KUKyvCCfi4wWjDtRQ9G+ZUTEzRQ="}},"avdi27ym68Tk8zjJM5nrPQUb0goDKHACZrP3J9fl6U0=":{"valueMac":{"type":"Buffer","data":"FqtpP0+c1n5zNT8FPwCLwkK1Lxlv6iJPr7iUCFTfB4k="}},"a1ZxOnFVi8x/TqtdFCilX9RLmHCLAViOsFvwiwWtSTc=":{"valueMac":{"type":"Buffer","data":"EsFCJliy2H1T+Mme9yjdANgPlqHDGQmNbM0VY9U7zrg="}},"a94J3te8FrOTtFA5IeWqEV9nuT12XhRXwQ1mG1FYq3M=":{"valueMac":{"type":"Buffer","data":"C7tSwPdRVO1g06tpAuLGXW/fCzsL+wjXmP6SC95gmgc="}},"a+gWY4+IX5D6zxMbn+q/SF5P/GGbRNtb+cxaeLKAP0U=":{"valueMac":{"type":"Buffer","data":"PWxD+Pe5SbqItyMFmSKJm9wnph4uCJ/7RR7bKxStaVQ="}},"bMquo4TtHj281H3qmksnRL4JOVUChxlXdNj7pJcp4MI=":{"valueMac":{"type":"Buffer","data":"eU3FsaNpvdOKYbeETiCBq3iPC0hYZmOp3MwTv5IDyFc="}},"blMyAD8IZqUhX0CfDZk1d6/HX35bf5MRJRaxQO6bIyk=":{"valueMac":{"type":"Buffer","data":"vRHnLMyJnmymv5Iyh0XL84oyi7yTgG2ion0c0mpuee4="}},"bvCGH7YLjfSycSv8UOjsvXE2RecTtjlUdL5b0AVnGjw=":{"valueMac":{"type":"Buffer","data":"i3vfsK3tJxspKJ+bIKm18N1+XMImKAlYUCi5WorvXfI="}},"b/rtCMx7JRudyhYhADH+N79GtHxfpwkySPxxLx1inQE=":{"valueMac":{"type":"Buffer","data":"kjlXHsTQKPAAbzhXLyFSiLF5zd5Vh3CX8V54ZZPunfs="}},"cAsFZioQR3YqBAh3FjVFSdFYIuyUc8oqjEX95O+DMCA=":{"valueMac":{"type":"Buffer","data":"gSZm2WAYQOcBoHjWGN77lutOYQc38n4BgbdRenk6UT0="}},"cBsPPR52CN/RtWWaRPpJ9tUv91MtTTDNeIuVqGqwHts=":{"valueMac":{"type":"Buffer","data":"UHcNEXJBhB8WQC//f6G+cPRdozcsWFhWljCnLny6E+k="}},"cXxlK01TegMXxI8fJkhFTDPrVsE01psD4A3gYGrZPQI=":{"valueMac":{"type":"Buffer","data":"5swyOzZnuwM2IUJ5dH6OhFZA4VW22iOlCQ2MCgVz+SI="}},"cbgnNeMdG7wwUz8fUAZ2fNm0smUSa9MrD0jP8T7SJck=":{"valueMac":{"type":"Buffer","data":"5sKdl+3ZA80VJQvLa0m34zGOAsY3P5pZRiReR6uIF2M="}},"ciPUYCHkVwDGyoPHPLCUulg8Bei21QUD9Oz+a+R3IZc=":{"valueMac":{"type":"Buffer","data":"r28MTWpWfFDgIitdKNDjFIgl55o3aITBX3KA4wImweM="}},"cl7P4jXCDaH2v/Hukf+fiQdN/42kqB/V2gsrojTyYt8=":{"valueMac":{"type":"Buffer","data":"tbSrR7dPYrCnQVpir9SkCwIr1CCoPOjIOm2cIGaUHEo="}},"crhFHwPm6mPaWbai//FTzuxZxzk62JX1pPuJKl7E4bc=":{"valueMac":{"type":"Buffer","data":"6x9kdI2gBVCmHnUPO6JUB9zvCPnrP5YMQchwPBpRE4o="}},"cx2JMlHzvbOW4h5fK6ub911hFbbAl6akJ0A9/+eKHOw=":{"valueMac":{"type":"Buffer","data":"OwwHjuQ0YhLkcmUD1O8bxURgqUIjg7yTryUnQGtzBDo="}},"cyH9UtbT562t23eGA2MlOSImK4bM9/YICHXv+zfC6OI=":{"valueMac":{"type":"Buffer","data":"DJqKqfTj6IgW8J5nrDVjdCQtWx+0PVvPvPPVKY+krJg="}},"c8eY/1tAjloESOU917TKXMiDzxArHvSrq9BIqQ1zaA4=":{"valueMac":{"type":"Buffer","data":"QKJ9d370lY59bbXzUo7uaAwOH6rBukKPQXqgdcp876Q="}},"dCY1+PF82rX4MhDQZ6SsCTIh3iyUyGrKAWBMYD8CIjo=":{"valueMac":{"type":"Buffer","data":"Z2fP3jztUiBhW4gtLeB+dgdCBR7hh9ptkcZQllVu+n4="}},"dFG7qiVEDW0zWAv/B5RaVDa0EihE6VwWJenDxdUlPko=":{"valueMac":{"type":"Buffer","data":"I+Ni2P2uNEjV0NVf4ZpXgClpXovYKT9sI5zq7ldWUTs="}},"dFuRBAnXbzyTs3L+a9sKlAQjxHimrV0yn46La0eONKc=":{"valueMac":{"type":"Buffer","data":"nA0xWp+n9dVWixFamNzGEdfhE+7P5/GplSnPQfqoZFM="}},"dGmtutahD6ndfpaI6q62KtXBoCitsvawodZwU3ILRdY=":{"valueMac":{"type":"Buffer","data":"zk5/A4Sw4bgsOCs1EUwkqVUYuThY/Fz3m5b8SRJzBQw="}},"dLgPSq3E9Nu+cjLJR5FCEzSDS0sl0noLd+8dwrXqo7w=":{"valueMac":{"type":"Buffer","data":"giJAAq7+6D5WzyZt2XlfSXTuMhwbnIqHMTGUiaG16qM="}},"dRfbpAUs4gsNGlk2aYEPjXb69dx5SLKkvsI34lnHEVs=":{"valueMac":{"type":"Buffer","data":"3CLWfk6DoynGHnLtyz2brYnf+jzBb24B/BBTdulGGIs="}},"dR+YAA0A+Tiob/I4WgnxrRf46M0PNt6XTCgNWFsNono=":{"valueMac":{"type":"Buffer","data":"3TrU7w7Pr8W3O1/jvVX3UmsLr67ZV2c1XkB+qYRGltw="}},"dbSTMZMecUgdODaIq7QcE1Z16RDtpZ99FDAtwryIWSU=":{"valueMac":{"type":"Buffer","data":"4Sjajmi4ECiEpLRS55UqXjQDICClTfKfpJCvThYwgFg="}},"dbugEJuby9VbsOM2Ld3nEvpWo15mg4L6C0toVWIu5LU=":{"valueMac":{"type":"Buffer","data":"R9eAqZStjCcME9x2WdAGJ1o2kbXiUue/8DiYd+7cyJk="}},"db34W8Z/AQcd3mt6WHRxzA5uL0cwJXE/z+DthQGmI10=":{"valueMac":{"type":"Buffer","data":"qJJIhsYSwrc9kaz3Tm3g0IVVVxRNCXKDarbUm+l7hv4="}},"dfzwf8uRF1ujIHq1trY6abG2jnN6fMXYxSXgRBGhUyg=":{"valueMac":{"type":"Buffer","data":"8UixvIUWnOVGrIOkI4FYQxlcg/syoRnb7KADAPeqJWc="}},"dnlM5NLNlJM/aRAlTz0IeyicgfJ5yVllE7lI0clovUQ=":{"valueMac":{"type":"Buffer","data":"McIubgrn2x21dFm7x+wO4d8tDqTwv3kGgM8+Jk9Dl8o="}},"dnsWCv5OVeZECTRbEGNqtADdqH/O+UkODiUzifltg1c=":{"valueMac":{"type":"Buffer","data":"n2LWIr2lkJYjb/6pcjSMvTvmUNBuj9vM5EDdfaJJDYA="}},"dtOqP7RVxJbmUzSiU9FYWWaInem0XWRi6ICk72zEeb4=":{"valueMac":{"type":"Buffer","data":"276kP/ekqhMDN8QGJ3XMdN7uEgdq/zhsKlfRm6prZG8="}},"d9ibWEAECmfovz6ky3n1aAWCuy4fGenfvV89uvvN/Xs=":{"valueMac":{"type":"Buffer","data":"Xnfqcq9zGX//dH6349bg3ovINyA0+xtWJ5WtCpM3Eec="}},"d+KXxaauBki1vnGs6sKM2rpg0SvNFqbAvYATGboVYZw=":{"valueMac":{"type":"Buffer","data":"yKpYhyDEYWgVW5O0hmlXE9GDEdVvlccSg1pD9nQJs08="}},"d/UebR+1rbQSnYKtWZ1AhZYV2BWHpsfCcp8ImCvBKaY=":{"valueMac":{"type":"Buffer","data":"PGnLz04Vs76REQ0lcEYxgX0/3EU5kivdxpZL8DbaMOc="}},"eTbYjbZ51Gi/ccctcUjykTdas9zfrplQo8AtiNrVZ0k=":{"valueMac":{"type":"Buffer","data":"xFRnffvSEH77tlxC3soII/pN7xNF9RgY1wF3jNAWjTc="}},"efyCkxuV0eDdcf+VgK2MIsvW26y9+pU9m0hXa5Rzg8A=":{"valueMac":{"type":"Buffer","data":"Sch5lX0vrtctSVCAyrgPr+af3B2NyOppatpRgzePvAg="}},"efz6y58//MXdGNeKZRTP19HrZEPcpBBh0gWsXOAZttA=":{"valueMac":{"type":"Buffer","data":"Z4u9PN8Izv8WgbbeJckjIZ6Ajh0/f7wYBah1lQiVZuI="}},"ekCAjnJSD9EzX5fJ1IjxlXU5L5qgiHOIKXfaYIXq8E8=":{"valueMac":{"type":"Buffer","data":"HmFNxiC4MwkPsACCADzNRW+5VdLmwAWpBxZfQPh125I="}},"exTZ4jwFIuTkpHzZfWzGVLYBOR6qVwzG//GTkSBJ7/o=":{"valueMac":{"type":"Buffer","data":"u+12VIJC4Tu4UjUrQ6G5Hhbqp7MDtO7nVHbTwveO3co="}},"fDm9/rve8f+2pUf64hIyH6dGRJCuaFpDhFlSKPIY+3s=":{"valueMac":{"type":"Buffer","data":"l3Fx2hR73Fw84AWQ+eEMeeprdo3FkAqkrUlZv4SK8Mg="}},"fRLFGXk9PCH7SWa1kg85up3cx1B4GKZ49qjWgc82ZEM=":{"valueMac":{"type":"Buffer","data":"W8VSOnJaDVcE9edJa+j1R5jG+OkqRWEQywSRGUeykxU="}},"fSwws++eS2fx6ounnp4xiRJ1CWar48wr8HzqRwjqf8k=":{"valueMac":{"type":"Buffer","data":"rjXma4ppMpqwdpjxXcC9M0SDSzkeqJ0jBS74+hADp1s="}},"fV7V5FhFsLHWCUEbP9J1e642hrv7PKdCYxeGe7qFDXc=":{"valueMac":{"type":"Buffer","data":"K5yD1nCsjNJgcy4f/6u4UsTRs2Qwjxld8T2T079/xLQ="}},"fZtpU+EZYQNW5GIHJJ4o789jJsvrOjMchZ8MBmhLypo=":{"valueMac":{"type":"Buffer","data":"VrW4V9RGYxoI+cP4sZgazGMbTBz/MRKumnvyFKyV68g="}},"fbf6R8yB1vmzyrMa7gPv8qH0DRgZz07cgke6FTVWwGc=":{"valueMac":{"type":"Buffer","data":"M89pODk3mcPMNLe/cQC47kFtKz4rve7TJv6PyX/TRAA="}},"fv10WcBN7MDgM5/Zn7FTeWgXVXSTSLhEIOBEx7HJ25c=":{"valueMac":{"type":"Buffer","data":"sW8CfOOhDXpbJawoR4n+cNAb+pSrrOegjNGd/Vkreto="}},"fx3U2eCDNaN9IHdyk0e5HdDD1aa3q5N7A0R9RLl2Xe4=":{"valueMac":{"type":"Buffer","data":"6jdvp2uWDuV4GHW5wlmhDXD55KEBJoHIHibuxLLeiT8="}},"fyuBiWdT81k8YzmN0zWvkL+BhKRQUTpVwbMzYQdKrV8=":{"valueMac":{"type":"Buffer","data":"L4UlUSbm2j0J5IrNSxFB9kELxQYZ1TB3AanbDWeK3b4="}},"f2Lo3cHiWpbEHDkLKB4xe689bJeQLZpt23dW6SohHi4=":{"valueMac":{"type":"Buffer","data":"5CPzToabohGAwVdtKJYkNoOP65rZbohoFWVmPiMmG74="}},"f3Ez9Ut15GNQJ03TwpKJ5TEkJ4mvmxR7ZxDOavX5IVc=":{"valueMac":{"type":"Buffer","data":"gzndmOr4xPaRoQT3VEOh1Bux3uD/qJxN9gM1sO6JBNM="}},"gO+hiLW8zIiMbN9vg6Q0KfYM622UA+tw0UQTjLx9DHw=":{"valueMac":{"type":"Buffer","data":"bP2AgQtu26+VVrPlMEC5drPQ/llRI4qxXANtoQ0arVI="}},"ggHLhBoQGjQu8I8tyWwEFojnEM3qeiS47fFhRFC5kKY=":{"valueMac":{"type":"Buffer","data":"Uro4QO/ztqquwUdq3VcBuSpDWYMjrp+/v3li3PeE5JM="}},"gpqrFzoAqL6BXqfXxve4342598s4/jgFRmZFzcZ0EjE=":{"valueMac":{"type":"Buffer","data":"uFYa2cQFqfZ2mRkZnOV2GpQ7I/vZw3t9+MEHMe7s6Aw="}},"grk4wyq0Hm4nNtnwQaOgODszF1WGICFg+UhxucWmy9k=":{"valueMac":{"type":"Buffer","data":"IYb7xZcxmcTAwKx1PciKp09zNVyOdMtodUrASo3KXyw="}},"guH5JnXkhUb1yyPTPFYX5pJNl3XoIKdXI6kBcXBTSs8=":{"valueMac":{"type":"Buffer","data":"Ffnip6kLZMc8iwtotlsB6yBNK0gUUBsniMdwVl+ICck="}},"g2hEfWGXpQ39m+6zTjzbhLYXZCrcfxUofvy6iFVoHww=":{"valueMac":{"type":"Buffer","data":"F2pe3cmcDuj4dkADl8JXp5lH5Sll7Fn+lLPsDX33MHE="}},"hMT+dG60zeo5lcPPnJe9/qmvBCSNtjIabkwU7/wOw0I=":{"valueMac":{"type":"Buffer","data":"G9rnH/MEhNZZgeYTw0ww2XtRhmMftjhxCeoka+pW/wY="}},"hWslPkdvyjJ0gnX0MEw6yzYDL+GCkmf7SePK+oSCbH8=":{"valueMac":{"type":"Buffer","data":"hqM7u/N1kg/sKArm30flT5Ry8H+Ve+9r102cQuU+/Gw="}},"hb4t7Eq6AVO9pRCsnIkDI9jToand0y+O81fNJLPKCeo=":{"valueMac":{"type":"Buffer","data":"1awjN1D4uP2At71MpWmiycJm0W5OZVtmCfw5yVdOTEo="}},"hjZBjkHtfQb/NeJpBsUd0KKKvgl+sIkpi4fqGGzG3mk=":{"valueMac":{"type":"Buffer","data":"1SuHAbK9xr61GhTAkDM/UnIce1Mlkc+7uEZiL+dk3OY="}},"hloZA16MYpauxw7LstEJFWO3TZVd48obGgzXVk/+KFM=":{"valueMac":{"type":"Buffer","data":"EC+HVNjlanMLrAxpPQufZZwxNmJkjLL8b/O6HnIP1gc="}},"hmyu8B1zp0tOKr8so2WO+54192xmjnrZ4PieY0xJYok=":{"valueMac":{"type":"Buffer","data":"AUrz9JHiwJ2D62R4cp574NrFqIsukxezUje22RcZqSc="}},"hpqDyBOtzUqKYiL8S55PGL67l8t2iCO9lm3DP+FUYi4=":{"valueMac":{"type":"Buffer","data":"4wCNeMkdW/iIe7N8W0rI4HIFJHnmwfT2M0lm5Vsf3UQ="}},"h49iT1SQdAqyvmvAN8Uu45Z7/k65NmXgb98dztvDXyU=":{"valueMac":{"type":"Buffer","data":"agPjWQr7KpwFdZ2lJzELxAktwwZ7zeBj9DnN9BCccbM="}},"h7pv3dwYRIbRYkX6NQdHzvUXicgLniV/WkQmfXEvTjU=":{"valueMac":{"type":"Buffer","data":"UYCKraO3i89e11k9gMkmFDcB1MUxVSX0tJT6bXzJjDQ="}},"iHWx9nFDweZ2Q40zHBrcRKwNjqnN0hiBMFDedUsorms=":{"valueMac":{"type":"Buffer","data":"qwhnFF0Iuwg7gHJyCcunWc7eufbkMpv5lGSbIKSkEDU="}},"iVRg6PTEJLVonW6TCHfmzXPZmhbNeZFYwDhegwTL+uo=":{"valueMac":{"type":"Buffer","data":"E5YKakdYtGnD2E3eP8V9eG1KWxkpS3SqbRfDIVnMqJc="}},"iiMrNKP0ZtRpM92aCCUEMYQv1wTCdE74pVLb4cJuv48=":{"valueMac":{"type":"Buffer","data":"cDXsbpStTNkb71mtw+gu97eclJ1G5pj2Gxn9e+DVoXw="}},"iie2GdANe+EGyfcEdyMMXS1Vzn+I9Jr4q/IjL4/2Fnc=":{"valueMac":{"type":"Buffer","data":"WoWxWipnQrFbqptoyujPtXBeluRaQafeOGlUjRN9nx0="}},"iozudk9xFQ5+JdTOpLWDpzcnWGBbOAR8ucwlEuXE5ao=":{"valueMac":{"type":"Buffer","data":"9cKxY+zU5AfIPOogRc8aJ0iEy78UiuDtZ9y41wm4Y6o="}},"iqRSVt31osBz0cUQI7QtKUnb7ke/aAMaPGMm/eRSEeU=":{"valueMac":{"type":"Buffer","data":"OLjXwRjRcj+eF2spDkSmtrDJtoXU7Oo9VEIB80MugPc="}},"ixp5rU6jDFvyUhLlNNg+vPheRSNvwxHXP/6PIx2knks=":{"valueMac":{"type":"Buffer","data":"9jWBvgyvA5u8aGWUypgCAvyGMA7jkTT7Th3z2YhqAhA="}},"i+2OUV9vB5ChfHyRLvFudLf7JTfexNEiMgJ5h+MKhyg=":{"valueMac":{"type":"Buffer","data":"48vRplWgB8Ve3CVt1TeECOHPWsdT4uCMVebSp4c6KHU="}},"jGqIDdLZtNSfM24FMYjNPI8HTKWLjAcuP982SVZX9z8=":{"valueMac":{"type":"Buffer","data":"xnC3byZIaABLXbOxia8ykjV+FO0uStk8M86A6l/rlVI="}},"jTM+eKGje6GzwNWOG1gA/HZ5Mna+0x8+RCotOP1O1YI=":{"valueMac":{"type":"Buffer","data":"IRY+RjLsOlX/TqHDNJ+yNzcTxTKpnldR66cIsiMEl7Q="}},"jcviOhaxk8uI0E7poK0cg1OwOc1YCPEJLq6qPCttfHI=":{"valueMac":{"type":"Buffer","data":"/HOw+5EBsfJ+AilybOnxH/+hFjQg5cFmUUaf/dyyfsw="}},"jfc853pP5EP+VwzuIOBHbAqpmrcPhfE2WxM7ryQ9qqs=":{"valueMac":{"type":"Buffer","data":"C/KC386s2jcOgd7XjsoxDIYqbcSij0YVtgRnFej3Vv4="}},"jiLzmm2hmyPsVo9gjQhNJcy3OF/qxfmaBlUbXzv/Kn4=":{"valueMac":{"type":"Buffer","data":"8oOM+I6XwBodq9qmZ3cM6pQZIdPapG5HzCFcu8Zj/Pw="}},"jkyjezTMC5YBcIVfLlWCk3KN792ph3VvGzxhzqE8ozU=":{"valueMac":{"type":"Buffer","data":"j2iFwq/vE/74+YmIbyAyyBD08z8ezUiwJsBtKqTLpwI="}},"jwdEjEc+4vTU7Cnh370FTcMJUOsaTMCL5Hi5vDvCtpo=":{"valueMac":{"type":"Buffer","data":"irB/rxPBYdlX8MSPMxmSWtyBQ38TQCTxbuo1Y4kQx0s="}},"kRxlwTrDVXUMBt6mfdQmQFM2TzalQewbkrPahC6ZwyA=":{"valueMac":{"type":"Buffer","data":"eHqBgFfTMK+ZX3yD7HF9/mjm6rGNQy6c0mcqKWMSrt0="}},"k01mw9IbwJTZaPxUaCUXb5jGzhdvkbh32Yl6ndXjdM4=":{"valueMac":{"type":"Buffer","data":"rm/pPRaaRdQ24ABN4X9SaWGMVjqejwGmLumppZJMu4k="}},"k3CtYN8I470XOVxr2Eog/Yjh6/ETBxCXGLyOpoUMACM=":{"valueMac":{"type":"Buffer","data":"DXsZPy+zeTp+mxEE3vN73XRqwmsrM9MzHAT1TTQDc+c="}},"k+/GnhUcqM34yqzDauRlR5NHcEqwvnUsdNIz2KO3TaM=":{"valueMac":{"type":"Buffer","data":"Qs2yBbssdLe1y3tVMvmtcMv8TXZoAMkRrqKceae2vuE="}},"lEJ4VP55OVQ3+gOn7aVPD43sr8WxR4dpDpstpmWp7rM=":{"valueMac":{"type":"Buffer","data":"EkNz02z+c8/jqqXTF3Xylp8vRK7/N0mZcTPmwmOKrqk="}},"lRVa8iuoCgkSjqpjgY0kLJ0sP9vakBYSUkVK21Lkw7U=":{"valueMac":{"type":"Buffer","data":"e2JK4I5TKLHQTsfHvM+KM+nAspFC8vECk7GK4iXbYys="}},"lcwVosLqfvryfieUwp4pIwxk1lvS7Okkwaco47V9TJo=":{"valueMac":{"type":"Buffer","data":"8d2hGyMf2obtjtd8do0yfslR9uGLGLszQ9Fhwymn3hQ="}},"lfqPlL93AvpdVRFRWDDbL4WDTonrfrg/c7lh4zaOhEA=":{"valueMac":{"type":"Buffer","data":"84c+8P52pLStLBwAT4fsaS88UiyjsnyCV6UkyLsSczM="}},"l2rNY7jNUoO5k7eG4WTmImE65kQzYgMHuJwPfCqcX98=":{"valueMac":{"type":"Buffer","data":"mpwGYrDnKovzY4g/9ePj2IzOgsYMym4hXumZqGYHSyc="}},"l5kZ0Rv30SfxvCIzLzZbSNoaZod+Xhn6lqYPamjbAAE=":{"valueMac":{"type":"Buffer","data":"tu+diMI4tYhND1ix/ox05TEIDec61jbiuxuLe9jT7Ug="}},"mF9062yJi7TnvJCiqxw+eKCPpMClKhXTaBuYq7/9kcs=":{"valueMac":{"type":"Buffer","data":"oWissF6l2Anv/sYIxTANZfFJlC/haSkPnWW2GOEd5Vw="}},"mSnJp4rLBudVgIp8+PwOa4OIANWJgDFXN4LlpVJJduw=":{"valueMac":{"type":"Buffer","data":"3ZilVqe4Yailb0hk71KkRvWimYMgT6ji7qY9L9bWn7o="}},"mkY21WjzA48SAVNcZ5FtwTX47B4B8ulF7DxhG0/NVEw=":{"valueMac":{"type":"Buffer","data":"orpxGKiK7Qu4VtcCAfeXTnSzgK0eTFhVo/E7erYRXtg="}},"mqTzpN/jhe0CAOLLUOF6G5XPZ5AdWkug59HHaS3olN4=":{"valueMac":{"type":"Buffer","data":"1r6+JLelQQkLMvjoxHaJ5SwnXrUYx5KCtWb5cHERoIQ="}},"mziTsBZCbx5rZktm4vaBgkJI+F7rUyrUbU+LYXNloho=":{"valueMac":{"type":"Buffer","data":"ZvMH8ccTDHZ2xMthjdJxMpC9u/wyi8sjJIaK/nM+XtU="}},"nACJmnFWMx7h53OaXbMZ4FzFCLb72Cr2bV054IV/S5Y=":{"valueMac":{"type":"Buffer","data":"xIEEAGujeCBqe6kp2AQpXY4Jla4kyX8dKbsKCBbAXdk="}},"nELJXESbFYi6taWqtQrxLAMj/K7NacpjU4hE+EEBPow=":{"valueMac":{"type":"Buffer","data":"XdXsl7yZKSqNBD+ra6eyNvcgxQDcREZNStJcCMBNCOg="}},"nLbqACCs8zalbp8pInbLycoo34urNqziHSTrGW9EAoc=":{"valueMac":{"type":"Buffer","data":"XTe728jUvJ8rJEgitu9TiZ0bUsavfKvcSjE7QDgdLqo="}},"nTus+qHKLDYgUjnJmWd6gf7Fmgq+ez1sjfYhvJq8Oa8=":{"valueMac":{"type":"Buffer","data":"VaQKZvdfY/+nTo06N2mzkJZIcOLKip7JV8NQz3r+MZ0="}},"nYKmrLWWJ5afOFijgVhDpthH2fU3aEXW/d6jT0zbz5c=":{"valueMac":{"type":"Buffer","data":"B5DlxTwBsMWYiUN5aLrGKr3yb+45u0RSGOedkPX6OLc="}},"naEj1Z9hi8IEEgxQYWWzeuskTNAugVA23n24fL3he1s=":{"valueMac":{"type":"Buffer","data":"HuYYdJj3G6AKg2PfC9Xqo0hksCUK7pS5GaPK8TlPgVE="}},"nrscBi2lEB1DwRYgAz3a92Y28puT44fiaQH+JbYrFKc=":{"valueMac":{"type":"Buffer","data":"KopnZPNsCMGEtY8995v1vLebuDPhKeB6tPtRAvnjnzQ="}},"nuyRakqV52M7YTxwj5IiCreEZTRlv7e5buq05t267SQ=":{"valueMac":{"type":"Buffer","data":"KfgcA6fOCb9DyMa+9nyQjGrt/s2i1hxhoF2ktG8We7o="}},"oKgq9WtLRTC/l2GKDNOgmmOenbq3FxTN8v1tXF4rPc4=":{"valueMac":{"type":"Buffer","data":"HAUdfDl0onaEPKbJl6Nx8B0fTOJxeDudO0Z/hOJCnCo="}},"oKpd6zjv0HJG+xeyABksz6WA+eZ4gwz6g78WvfUzbDk=":{"valueMac":{"type":"Buffer","data":"s0bNmmFc37bybC9K0G1WIJg+2b/jctb+tfUIPgU6a1I="}},"oydp7y6U8iGMQHeB3aMqY5wjpoZC8H4hscRMhH508EY=":{"valueMac":{"type":"Buffer","data":"u5YqLpVZg0uPbFX9PAnZNpAMwRK++Bvi2i7033dB9m4="}},"o2ybglmNmWcJkYyej8SApZ/n9Fjmo2PQ564PMe29S4w=":{"valueMac":{"type":"Buffer","data":"+vlcFsS+QO5EMurT9TvE3qTNzydHFgc/g1kL5QOsXj4="}},"o4FjnBQllFsRh+k7/MZpMUAxw7v6zyLe2l/U6qcXp5U=":{"valueMac":{"type":"Buffer","data":"5TuLC4lX4IJlXJTyuHgJnB00bg5XmiTnMmGe9jFJ/w0="}},"o9Ii3KZsuolzd3UZpEn5eVp9Oc72rnDQwNkQp42wSns=":{"valueMac":{"type":"Buffer","data":"EY1dZpbu55eEhrQEIlU0MlTaxVS2ZwEGnUs9IZm/Ny4="}},"pFnLiaDgEEYrJBbTMr41CooFB6UFkMpm6oL3Hvtao3A=":{"valueMac":{"type":"Buffer","data":"552+lHLNqY/JCsa7+3z8bNTFkRxCgp5YhSuREr1/8Xc="}},"pLFMgD+D6yEuTUvi1qwgBMQw3hA+Rpf595C83vaI45s=":{"valueMac":{"type":"Buffer","data":"MrhuS/gztUhCXAqqgNzu1Ms1aN3AtXvTiajvMiNlQX4="}},"pO6V77RsVdHl9l/U9AYVH1hgTpdE9DA0mT4l4GbyE4o=":{"valueMac":{"type":"Buffer","data":"+xpALDZFVRynyL7jLHmH4HZmWEBQ3YC18GWOOXY9Ai4="}},"pfGHyNoWNszeIACBTntIM5c9heeFslljvmhpTUcOkHA=":{"valueMac":{"type":"Buffer","data":"nmGzt75ejRI3z/LMrZ7rs8qsQ6Tb/Lpk9N9ZmpY8zwc="}},"pitusPvgbb0d5I7TD5F/HwSXj6WRi2AOnT5Eo4c4SlE=":{"valueMac":{"type":"Buffer","data":"jYPTlsF0WHCTtb8SE0xD0hBuHHMjG5DCqINkyPSBZi4="}},"pvi+LmEjbne0+SRLbpM+Qipcrra8TQzJu6AR3oFWRBU=":{"valueMac":{"type":"Buffer","data":"Z9U2Q1O/cZP0V4uc1CKiEYrayhiIAQZahMATTCllO0s="}},"pxlGnWF0cOhZNO8c1Fi1XCmIhjf82nKtDhz5x04TEMI=":{"valueMac":{"type":"Buffer","data":"BEH3pSQHatSCGlYS2iv9+/7dZVRIcKJ6MoHXL1Nukr8="}},"pzWWe1D3FxWppKi+h2ESzNVyjrib3MFMJPvZt04Rkqs=":{"valueMac":{"type":"Buffer","data":"kwFwWh7tMyDFJBWw/Jgwa5udQse7FyL3gMVs/160s4I="}},"p+EHTuk7rmrih3fALLA1eEsOUQ7GRhAm9QWmNaCm3I4=":{"valueMac":{"type":"Buffer","data":"cYyarcnD6KwsPDKY4YtfWSqXN/9rH46OU9MrtL1VeoU="}},"qTOzYxdrwYUD5p2zfYtTRDmANe2ke2zsDH5jn6EcY4k=":{"valueMac":{"type":"Buffer","data":"QmpMSI+KIJEsTxs+bX7tCh8p3hGcmLm9Yy/H1ny7HZQ="}},"qZ/pYtSRAtJzYBMcWFo6JI2ErC/vFoap2GKUfnIKbt0=":{"valueMac":{"type":"Buffer","data":"IOLPIoi3yZO0gtX85M969XvrjUClT0SwC39EwAg9FB0="}},"qzBpflzGUFpOBZsvJESfX9gs14pG8IoN4PZ7BRKPZuQ=":{"valueMac":{"type":"Buffer","data":"Ziy3LyzHn3JtP7s/6tRNx/s/3nZ0Flr2CIxoeAzSiUw="}},"qzDiey4btHAnpiKJn9qfoTID7KT3RalrmJJOB8otRig=":{"valueMac":{"type":"Buffer","data":"fSVpO5n4uiP+iAW+ln64LIn5tvapS+Oo0eopx7IGWRQ="}},"q9rPXsV+9NRoA6y6dzzeJJnDuv8AsVHc9Tl5rUyb2Ww=":{"valueMac":{"type":"Buffer","data":"UbOamqyzR7ImZmUHgMxjUmrMnTXZKqMChoW0OZk7d0c="}},"rHBIRzaW8JKcRMTOKCELclaI9/PT2o68Vmk9nXhaGwc=":{"valueMac":{"type":"Buffer","data":"tVKgiuDSzlUgbAJ9YNrfOSknLDLUwh59dQgAwRBwC5U="}},"rfAL5chQearpiLB1TAJ3qLDIHK56aQ+YWAzvwp3xD80=":{"valueMac":{"type":"Buffer","data":"5mNfDL2wxmBPOGj7auCI+SWYzHWbkJjXRNNWOOcgqPw="}},"rmppv7NSSt7j5J36MmGGaRjmUmd0L2rG7QT9+Rejexc=":{"valueMac":{"type":"Buffer","data":"6Xk+BTJgBVRGoCP4vSwS2cFE05kCZ3pY2HLASvOlnec="}},"rpUjSSdzFjEqy8drr1hbTOjllYFbmhlLQb0zhNoV01Y=":{"valueMac":{"type":"Buffer","data":"bzb3VDE8ihcjKv7KpTdGidSmtCfbSmpwqA0+FPps//E="}},"rqnXFeG92Tq0CYpYGZTdEtl3LztnDDLoZv867F63u+M=":{"valueMac":{"type":"Buffer","data":"OAaP29pYPU2Xs50C7VWLfBmVClPzvlqIMflTaN1UFGo="}},"ruwHrRXcTBq1iR8nrmIR8Ziqy7gHTohSmpCURjh5h2g=":{"valueMac":{"type":"Buffer","data":"QWlNyZnpO2eIK7UI0vOG7LFphDobnGtxuDg5HI9bEPw="}},"ry2bDMgH96feqKx2zQT+cjR9UQ6hj6k9eZlCZe7teGE=":{"valueMac":{"type":"Buffer","data":"MF1OcLYj2yjnNrvBpUCOSpQSrkozRINM4LmaTXAlHQQ="}},"sHGc8lHrgLx5Iy73TFrOpHJRgcwcV5UU2EArALIP3wI=":{"valueMac":{"type":"Buffer","data":"8gh3+N4C/jowh0zLW618FrikRH7uTnrRuIAzsJJ+G9c="}},"sVRP5aBSvofk6ymb+w0YsAnZ2w0ue5de8iOFSFRGJSA=":{"valueMac":{"type":"Buffer","data":"+h8ebAXDpCNRQeFyW70CoLdWMsKI8+LVew1jsstIZww="}},"sWeJJ9B5F1WsdjY+eIJfnSeohgdyEi8T/XIgINbNuO4=":{"valueMac":{"type":"Buffer","data":"XA6yut3coiQEcsf5PgMUC2r+VXLBhdHDAVZVsnNe6Tg="}},"sWqphSZBfkTSAuTJ3yrN5SagBft8h5l0JKS5CGZFpZQ=":{"valueMac":{"type":"Buffer","data":"4sQXzbW0midKylAAEYi8ZwR0Uvm0PnBSTyzkoESqt7Y="}},"sigFW15LoHdKHevUI7ifC89IILYz/mpnp+sA3jgfE0Y=":{"valueMac":{"type":"Buffer","data":"mlJb2h9kSvPJqeNwr8EwiHINT++a61WKHgsaWdlXtiQ="}},"snMSXZCCGFFlD84wHCLiTZB3CEAplfOpNNn8gACa3TE=":{"valueMac":{"type":"Buffer","data":"fZiz1sV2YgWrLwk9ZsFgkDA99ITAgp0PvgAjTR7q4nc="}},"s9EhjOqXDjWzMwKXFcH9NAL7da6y65BNd2m0BBElZyo=":{"valueMac":{"type":"Buffer","data":"kGUDg/HJl+20B/xfPXRpp4OTtvDZOb4kAGFumkiRYoQ="}},"tGbc0uZjuucnHM7eF2G3AsCI36TGkxTYoSNKQLb0ZNw=":{"valueMac":{"type":"Buffer","data":"sJOqB6dHgRnyej3nX2DNwU/iImhN6U/E4zTS4okpFF4="}},"tR1sp0jWXYvN+4AYsMaXAJ1iXDbRAejSJedJo8UEWqU=":{"valueMac":{"type":"Buffer","data":"O93lK8gJB0y9c/800A9gpwzKss25HzpQsbUaJhVrmYc="}},"taNWVDMRhjSkyy7kJZluYUZLxjt27Jjy1H0E8Czs368=":{"valueMac":{"type":"Buffer","data":"qPqzuMzE2ZpZa7OCGlMhLG2/MNVnZ+GcRwWPQAQMrsM="}},"tnyUgA5j9k+9s0dLZrMR0Pxq1vTLgta4f53qHGpG/70=":{"valueMac":{"type":"Buffer","data":"QiiH5Cw3Rqwp6nVQDXVmQ2khvBr3RSHz5+NHQ/QDNQg="}},"uDjOoM2+lS6Zw3Uq2edZrOIRJ/db/k5ZTk3uyr/UbSA=":{"valueMac":{"type":"Buffer","data":"xU85HjOIBOdnXNELH1UJdoZipWy8jsYSPQLSO6itnaU="}},"uEdTUuAfU1xVOarSLLC/+0hF+LPFp+dKprjwp9X12pk=":{"valueMac":{"type":"Buffer","data":"zDRas5G67WM6m8s2Nr0QTUkoWoDUhMXI4VUy0SL+wEc="}},"uOwUpWZrSf8NxjWp7AoHZ6P1a8YwckoQBJflukfE1Ck=":{"valueMac":{"type":"Buffer","data":"Caei4L99WBzm7j7UjeT0Q2cB6Nl+7a4ipi6X1We52Bw="}},"uW7LphHrwGI6JbOWxtXeJ1sAZ12KBOGXS9gUY5OrwtY=":{"valueMac":{"type":"Buffer","data":"e9Zfpooomm7R5Qc8nZn+a36/maL1mVzlvVi7gPo/GHM="}},"umNewdUG3kTG30WuxPiUtuTm5z/lfjJ0SCVsrHI8b1Y=":{"valueMac":{"type":"Buffer","data":"a1eBmG7yClbrvCjMnxQwMwUZHzlm82Q0/DcGoePCPmE="}},"um2fa71eKG+jAbqCjN2eSTsN8bX+GjU6rLCkGjSz68k=":{"valueMac":{"type":"Buffer","data":"j/2C5Pong7BrB9mdGfXY/vir7RH5w+UwuEW+SOz8R14="}},"upfqKhFIBiPwyFYLNq/Z/0dacR9GnPHdeuObcdlYXXM=":{"valueMac":{"type":"Buffer","data":"+zwRmeKv/HznT8A0qAHPQwFcG1A+xgo1+zliQ5RqlS8="}},"u8Dn5NVKKHYJEsMxBK2AXRI9C+Zk1JaUgMnrcJxGOP0=":{"valueMac":{"type":"Buffer","data":"va/xHQ3lkFYI7eZFTXwhpkpI1uIJk58+OU1BAfkGaNs="}},"u9fwWzzTrkv+BItVD1ZXcVAXUHAHC6a+ELs2yujwG28=":{"valueMac":{"type":"Buffer","data":"EmC5gwxPStjj4omKXVfVeZIt77YHTbmARDzCUD8uxSc="}},"vCRrIN56Cp8aA24CNKKbmVWShoFBfmeTdQj/o23FMmQ=":{"valueMac":{"type":"Buffer","data":"8qlkYAJJh7/ZmwCUgenQvb12AHVswEB/BHka9ABECu0="}},"vkP1LOrIS4izDU+kUUx+VJ6I7TeaTXDhmL2Ke4oDkIc=":{"valueMac":{"type":"Buffer","data":"TAwqHoDqqmj5Srjqw3zzDCfMMKqlpJgnKGETg9vaOAw="}},"vlA/i45Lj+BpPdXnUFALwymQmj8Xs6qDL3k3497Z0Pg=":{"valueMac":{"type":"Buffer","data":"iO/ffuNF84g3oEMKdWNg2OFpnNeoGShH0au/sHjhaN4="}},"vsFhaudm7c+A0vckK5oHrpNSlnB3N2iyYVmD026pc3A=":{"valueMac":{"type":"Buffer","data":"3EjOiJntngqxEy/ufLL6P3q2c0gWzaTM+e9mV7rK9jM="}},"vwuN/+zg/33OVO8m7JhlJVpIZFnjHZIuSsUo2kCvRv4=":{"valueMac":{"type":"Buffer","data":"pJRe0MivEEZIDmtiiL+JPwa1cT49br6l+U0ARxWYsPk="}},"v0WI0jFsCdo1M9GFtwl8goULtk/oVtd62ebeA9tmqqU=":{"valueMac":{"type":"Buffer","data":"z97Ygf6eNFbZIXwiBpoDmcqkIHIXQ0GFUDjPeoJQ2uM="}},"v3cNn8sWWINMHuzHwECncvaE2/yJN0lRQK5pQ51TDTQ=":{"valueMac":{"type":"Buffer","data":"+QWdFtlZJ9v/PmRrpkluTZp+33ygiwrNgUPjGXdVph8="}},"wNL9NwOLSA4JmOjaZusO6vFvAiudzJ8NB/p/OsceZ/g=":{"valueMac":{"type":"Buffer","data":"U34wtf9klQwQYZ4ocWA1DbcsZrs2GTuBOdIEuXcDfYQ="}},"wNY9YFGe+FhETCuRrEjhG28+9Lzf1DG+eQMteCB2B3c=":{"valueMac":{"type":"Buffer","data":"bRgC1Wl514h8mQI2+Zx9KbZt1ZKOCMvpLVVs/Ln+Au8="}},"wRZRafmpz/RRiCc2a+oa4hsXiVNfs8akGbP++7Ptcts=":{"valueMac":{"type":"Buffer","data":"P7cGlm7izSvggD26xB2sPutlVDBnrNttj+I2nWf4Rxw="}},"wTGw9/2Xyxnyj7mlE8q0lClvj5oQnBRPKw89J78VLQs=":{"valueMac":{"type":"Buffer","data":"7XkgipC0BazmBKN1s5W6Z3kbPnGh8yYGJZ2T76hahZQ="}},"wb/oq2es0bnWOnpGw+mmFSJRRniRNttzdNSBXGoXZ/w=":{"valueMac":{"type":"Buffer","data":"ejwngPiRfTpJtOzp9XqAaXSUXdmQnZ8NjcDp5ZYhS5E="}},"wu6m9E8JcB/XWBgWqDrl3OoK67/t5iHK1LsQ9WiEqEI=":{"valueMac":{"type":"Buffer","data":"24FdDg8b0n6WzM28EnWO1ehowmGIq6WQl8gPIz5Xerw="}},"w0lUtcMrvabN2Y2XlxTZbh01LXtTBHOb9mtU0KqH4cc=":{"valueMac":{"type":"Buffer","data":"Wsuy09sEkifnCaz2dA7BuRvuwo84Co4+l8MGqOX/otE="}},"xHoo7HTzDC0bhtBKlULEP7hC9Dj9TWIGbG1jdH7wHoQ=":{"valueMac":{"type":"Buffer","data":"mnDNxB5TyvdLgzkGcd+NJoHVryxsw4yaccWoNSsa/ks="}},"xRG2ng4zhh0RFr8Uug1QIkivfrwH2f7qjnvSEywEkF8=":{"valueMac":{"type":"Buffer","data":"hgKgss4eVIA6ceN/JSnkoqrijGJl2echvj6OsW2u8TQ="}},"xSmBnwNJ/2ebPMK6xBkcwzc7lLGhHsAUIJRe76lqWcg=":{"valueMac":{"type":"Buffer","data":"HwKhWMLqcX1/OImNFXzhuj/XXPG1y0tTyZUU/M7Ep88="}},"xWZxdKfEMujymCTPDmPL4fqJ5yE71cmv4hM5/JNCBJQ=":{"valueMac":{"type":"Buffer","data":"bTKT/PEqBEyJrmRtqzyMAmhx4zz4Ns5SFP6uk7hPDWw="}},"xcGXoR5+vFWRz2b3UhNDsR7U4LY8WvGKN7F4qWPV2O8=":{"valueMac":{"type":"Buffer","data":"57FhC1WCXO+h/9kQ0gCa9dExicByI60lbRVmOy+T5ak="}},"xgRaaD+Kr1KR5wtK1wIp6fz48njMIaTdyFkWjMgDEPc=":{"valueMac":{"type":"Buffer","data":"Bpx+WRFXtaDp1LJv9SYWEqLSlglfwbNc/2fj9yqmZRw="}},"x4mUJp94VrRyc1YCuyqpqE03pJDRSN/d5KkBC4Udozo=":{"valueMac":{"type":"Buffer","data":"YSJR9ZAHKAvJS+pkH7YmadBT7M2OuMKnFHmOg+qbt3A="}},"x/eY3j5M7DFoST79KH6dAJlc3Ycm7/LH4rYAGOITr2g=":{"valueMac":{"type":"Buffer","data":"XsMHVS7ZSRB+Q5/LNQsgRphpyT4Xr4eForoeTTrVhwo="}},"yDHfO3ngxuFe+XGYLkuZyhY+8h/apKr79Eq4F/ygqSs=":{"valueMac":{"type":"Buffer","data":"TwgNsRwT7bE1pA/6CpntxbjU5IzmCjI6LxwxXy1LtJk="}},"yIxwakHjnm0ptHRMy3/wqAC1eUXWD0kvQqosrUx5gjI=":{"valueMac":{"type":"Buffer","data":"X4MT0h/JQMoh0mPc4VkaUZIzapA+hLX/yBLvxaojTT0="}},"yY9ZkThdE+Hrf6zWnaqz5/sdrMBoJsViy6KyBxU94hA=":{"valueMac":{"type":"Buffer","data":"QonhtDXx8CBirlsLLvyLuY5ztwB/Ki0o+Qf2pSBWQtw="}},"yevDLS88vvH1Fr8IMgRstw+UzN0Mm3TcfNPrEvBYMVc=":{"valueMac":{"type":"Buffer","data":"aB7/IR6DsPPFLeQz1jJ+GfuB/s4WJx3Svgs87TETCPE="}},"ysKMa7JFmG80jyl0PP27OiBThx131WLYxmeaQ74Uuh4=":{"valueMac":{"type":"Buffer","data":"8v3wQztN3YMN6/WquAr3/rPHOl2iUfU+SQN45Pzz+yw="}},"ytkPD7BTkYM5vnLhOEQg4tkT7w1IFrkoomUU64ELo+U=":{"valueMac":{"type":"Buffer","data":"px2ZEN4aDNFEXySUqgSy7MbQRVmpOZxirzdnfNNU11U="}},"ytpDPCT0LKRT6MvqLzh9hwtPZ42uU4udpvVX4hKmF+E=":{"valueMac":{"type":"Buffer","data":"utyEiwff5Pj621TjeIbKL0QNkhHDCLWM7zHpliZaeh8="}},"yxm0rf3UUZzF8EGypAVT8Wy8cktAJatk9wCQBurtri4=":{"valueMac":{"type":"Buffer","data":"3KG2QggNKAyFqowjeVF6NTBc2bUpXCE8UO5IRSfYUEo="}},"yzrE3OkHfBQBFhVNUvczmiQW6TOyhYZSOnT5T24CLm0=":{"valueMac":{"type":"Buffer","data":"wUgYn/Jdm/uqTc6PUs2aG+lmdRjCgmnLqx882MD1X8M="}},"y2h3lO8ZPC4DUaoDCKplpk7B6/LA9ls7yk2lL07rXME=":{"valueMac":{"type":"Buffer","data":"+kq9wnC6c36+M9GRK6YCGuSrcUj/xrcZk0oYsBtSYkk="}},"y9IYCi1xL3Vd9YWiuZLVW9gC7NThMRvo063joq+MIMU=":{"valueMac":{"type":"Buffer","data":"fJHmLYOfhZApbr4nkTKfDYW2TVYsNFXCcMp6Kfx7A0s="}},"zC3Qo8nIGkzy/6rqf6gjtSoLWecaspK8UMTCrH0VrZA=":{"valueMac":{"type":"Buffer","data":"HxsYk/EhGxM+rnpBpj/1w92t7t4ZSsvtHY9sF21Audk="}},"zP8nY8P+zpmpSHvxW9mr3piADduIzW7nRQNQFkV32NQ=":{"valueMac":{"type":"Buffer","data":"JCZxFqOH8vgkgTT1QE10dWidnHOgMeN0iQ9xPZURh9I="}},"zewWvOlCkzLASFkjhRUMy9mLrQHBhgFbO+JHsTQlaZY=":{"valueMac":{"type":"Buffer","data":"AljrVeJ5xMFjH9d4UblAVP4yN7OdA7bfqoujmCfILEI="}},"zgIaddOTv8s7l1LO7xEjULPdySz0buBDm5DdmAq1ylY=":{"valueMac":{"type":"Buffer","data":"kGPA1acAUVKA+5IFPnUBtYPJG7+06N9q6QFzRbHCH1o="}},"zkFhdxI5zj3xaV0sFO0RKBsAWo16U+ySAxZq1AnohxA=":{"valueMac":{"type":"Buffer","data":"SAkbkKQPkEq+cgIt6XPV/W2u8VnRSZTwPSJ65iIbihg="}},"zxLTIIueFHxiMFJ4p7LduxmrHhfz/I9z/CjU4WXplXA=":{"valueMac":{"type":"Buffer","data":"bDgbU3KsRLc6kaTej2+q1ZjygZec7y0rU5LHL7CHsEg="}},"zzFmZuOtmSF3lnG1DykbZ4bT9pJlZNLzRlot7YcSE4Y=":{"valueMac":{"type":"Buffer","data":"VDhsy0UFLgAzypW7GQSMemq9XMADmNpogl1pBYckcC4="}},"z3ae3KF+QwkWP4OhwXNCj8AdxJyyz8zQi00wYPpqo+4=":{"valueMac":{"type":"Buffer","data":"NRdlUmku5cgCqIpguENkGZXQ6ovlj+XciLGuJTSp98U="}},"z6utGpwYjr1qA2SoNU5s3VPJLzqzBldhG/r9tTSeKkw=":{"valueMac":{"type":"Buffer","data":"eHGj+CJzPuZGPRZQnWX9M9rvyupXx+wJBfbRInAlH68="}},"0Jjqbm/homsNV7z5SZi6sCIXy1AaFsNXON5CYvI94bc=":{"valueMac":{"type":"Buffer","data":"EmUexOBI2hiRFo4nRJK0m9a0E0MU98WjZYs3o8SLMsI="}},"0POvUnnwz1XibCYcOVvPJzjrhhgiBROU9NpF2Y2l0CQ=":{"valueMac":{"type":"Buffer","data":"bjq9HA1svJyem9in/06VGyl6FWeoQ+G/2pvEZLJZWVU="}},"0QIEc0f9zjOnhVDYKa0DdjsBFMLiXPIMhlDzr05pjg4=":{"valueMac":{"type":"Buffer","data":"CPu03FlLH/IaffZYcWUlIuyZD8F6FC6VHlHu7DUroVQ="}},"0XzVpE0BhDwDYLWXxQqaX81mk95wna2udcFgNz9Lbt0=":{"valueMac":{"type":"Buffer","data":"sWw6OW+8F4J/GUDhh2zKezUECq3dKksnw9gCeyqt/1M="}},"0X7gLQZbLGokQita3DoKHeJeEmIjrJtd3yGI6VkJIQs=":{"valueMac":{"type":"Buffer","data":"L/NAYobgta9WF1AWWBaKFofif/j0ndJVLiYqj5dLhDw="}},"0gqY4Wv2gZ81BfMc5nRnSQQoH8T3jPt6wrOOXxXiVeQ=":{"valueMac":{"type":"Buffer","data":"H/mokWw7ozENIi6cvwtPWwrSFCzHNOQLXh4OOWKHJV4="}},"0kkhPqCzkgyW8q0vbqQFTknDOEcni5ROjR16/7F2BRQ=":{"valueMac":{"type":"Buffer","data":"uLYoFwGdRMiEXH1B+N0Xsk282PvMWKMZQQSAqHuKINQ="}},"0r6gPqqpWOio+8HbSvPbRAF0Pzmm7RY5gaUeEpxYymA=":{"valueMac":{"type":"Buffer","data":"JONlCtpecI+iM+vFk+iZTkj/dm/i2xzHY/mhFD9IRXA="}},"0+uU5tmgQpIppAjiwnjFOdy7qaT/vOHX/ra3pKmDPlA=":{"valueMac":{"type":"Buffer","data":"e7f0NexTQCaduvO9/Vr9D9gsPnf3S3J74WVkzEjXxxs="}},"1EAHu8vgNpXXwqdIW2wXJwoeDY4c9LyrI7VCZBWHdMw=":{"valueMac":{"type":"Buffer","data":"5Y2DUlljoup1AlqUNbd8eV3RLOOvwqR2yzrdaqxOeb4="}},"1HE9Y16BcuWlhW3vAJ8gNogfmCYmbS+vah6LFNSmicM=":{"valueMac":{"type":"Buffer","data":"sjZw9x/4T5lS5NAiFSNsZvARtDnof64jOY+k9oL5EfM="}},"1PRcsy8+S4AbGZOKwQd9qREsmIEh1G6c7vI+meXkCQE=":{"valueMac":{"type":"Buffer","data":"YHv/PJ4z5bMGrJGiSbfx0c1RAHYz4LCboxDMpjCy83A="}},"1dW4GgngrQJaz+MmsHC7TjefjJ5ihAmirox2SAwW+pM=":{"valueMac":{"type":"Buffer","data":"dKg+Gnox4au1LtnojxDrbZd1f5GwEWKXpLoAoGhms6Y="}},"1i0rO+PvNJ6rz9DF72nPrqaYmCdr4Bijrn+rPNAXtFQ=":{"valueMac":{"type":"Buffer","data":"xc5ZL1wDS1O9SsUyciSqkUACfIfYIks3BOUeUV5HAdc="}},"1l2HJjIBIww14y6PI8HyVJyLigV+GEfkGVeCivLSslo=":{"valueMac":{"type":"Buffer","data":"Cav2azUS1dyraMPoWZmQizIDB6PUkl7i8iIEW5fw9L8="}},"1pbFWFSmcB6NdC1qKGakS7tWG5yJk1d3gw1Z7FBVzhM=":{"valueMac":{"type":"Buffer","data":"/jDnq0UzJykMxB6qQzgp7Jwad+6GjLTe/dVB+cRjvm8="}},"1xXYmnNPMyLdAr57yDa89FbsMlwuAnIyY/VmZDMv7JU=":{"valueMac":{"type":"Buffer","data":"pOBNd7noY9GUSRbBKT7E7S4jJqShbw7dAGzVrfVfyMU="}},"11whJr74WCWWNN//SuQAW56Q8+L1gcSxZWfaHQo1k0g=":{"valueMac":{"type":"Buffer","data":"ovRDJoPTex8fa3IxQvCdn0c2wY8RHciv76hxDiIjW6A="}},"14JDHt6so0sFYv9yfuKBYrZOlUIwdl3YMZTJz0cCn2s=":{"valueMac":{"type":"Buffer","data":"QPpru6ZSIIm2OLX50bsIhVRjC0Yazddcp8LoPgnBjfo="}},"161QAW4D8N4pM38zziAQPXjdRYnwIfcYG4SE5hqQevo=":{"valueMac":{"type":"Buffer","data":"fR1lDvewDq8VeTbKeOw9qlYWucP03oWrzS2HEynXlG0="}},"178fXn+uRAscgtc1ndZKY//06OlX6eLdb4nFmRmkG7Y=":{"valueMac":{"type":"Buffer","data":"QD7Ya6P2u3AipnJykUMB7Sv3f9xaA8O1hQQGgJy7xvU="}},"2FENg+/sv5p1nGI4EnNfAJC34HWvHMaVF5Yi335VIz8=":{"valueMac":{"type":"Buffer","data":"0h8VSiKbnB7yvuHUd6tFUVRi0iZbDkGlOH/wCj6nP6A="}},"2LdYNXr2CxrwTBVqdFWHhFlrMO/fT0aZi3NUcZEOZVQ=":{"valueMac":{"type":"Buffer","data":"Fi1VvvPRwytyYg5VYbJuokMtR3uDE1wegk0lZ5SElVI="}},"2Ys5Fi4yzUnXKtKSrHpJaFxQ3OExXI7IhWJW/hfplKo=":{"valueMac":{"type":"Buffer","data":"jxIAhdFJV0tsbC5IF9qh9DH8ll30fxtBlQXO6oHtv3s="}},"2j9y4jOjzRQIRo1EI3KcHT7Q1OtsBtZZkzemyr1KLdk=":{"valueMac":{"type":"Buffer","data":"Y0iS56LyVROODJLp05+atx+03jq3gSxSdJOUgFBEKRU="}},"3Mx3Ut66bAN9FBh1nTMsRSnTc4ARKV1ZdR92qQMs6g0=":{"valueMac":{"type":"Buffer","data":"zvaZ7401SqL/kNg5FI39l4rnC9qpYPwtACQx6dBz2r0="}},"3OGsZtlbCGZqIIasE1k650dqtycgnejYEsQRHPE7UrY=":{"valueMac":{"type":"Buffer","data":"1+t9Q4vJUz/Xt71XBzZq3+BrUXPnoDx3czXV0omH5bo="}},"3Ta8VfEDchyZ3ucHBOVDrAi5t9i6lp9KaXe9wsnMNPE=":{"valueMac":{"type":"Buffer","data":"Uj0V//MMPp2f+Anvw8UIHKaG2D8TovMOxLEo0JeOtR4="}},"3dapIanc6RBRCD4pINSbTKkh0gk6h58QbljfMqFllh8=":{"valueMac":{"type":"Buffer","data":"hrbY+XL3yBDG1+L3P1MbBVlaIXN1U5WnhIEkChtMR40="}},"3oB/Qb3ayWW9VgN9ydL3+ENFMVy2D0LYWLAUUhh4Jis=":{"valueMac":{"type":"Buffer","data":"3RLxcxgb6Ypz/bhY8MMoAA1B0eNjKTzbM1G0QZ8/VyY="}},"365qOLugrsfCI8MdjGLz5c44SvUTY9fY4dBEbJOQWiA=":{"valueMac":{"type":"Buffer","data":"BwngsyqhKbFXZRzueNUPt9wNiCvCQBHG6C1yoL2jCfQ="}},"4PEJbg/mrN+8C88OMlQYOVHEpTa03Npuf7f9ges35Fc=":{"valueMac":{"type":"Buffer","data":"cKApbwcUyDm4p+pyiYb9+Lai3bof5l00mDuofwToY8c="}},"4rdBaw4O1x+RN+xowyQXMq1X73nusx5m7JHSotE85IY=":{"valueMac":{"type":"Buffer","data":"FxL8alvJcFpXfoo8x/VK82MKQpwv5Zk3TBNJs3vq46A="}},"4u+XCoitGlpygvQtnBMtDZTGcFX+6qvszh12INSnBc4=":{"valueMac":{"type":"Buffer","data":"KMVDZFHMCz2HmPsJ6zS4mU3ACVgrlnwy1ItGzMcr+yg="}},"4xeuDGMMvl29L8ai58Ud6wepXZc4OE3F93geWU6rxTY=":{"valueMac":{"type":"Buffer","data":"cVGS1TPDriACl9FMULlrmgG3v8JbEeingOeDbTPuTj0="}},"47G7bPDJ3jdIdDWpEkSchy6iUg91sTdXsbYga71M8pw=":{"valueMac":{"type":"Buffer","data":"s9d4gv6EbQu49B3Znv9H7goavAcEXShcsMmTBDdrKw8="}},"5ChLa5kF3biGM+stGsBqp9jJ6y0h1DJbXmutrGRJ6BA=":{"valueMac":{"type":"Buffer","data":"vm7mkEkzioF/W198fKuyync0KQVsjWqHdDjxgpCDaZE="}},"5H7cr4k4IsFzXJPbmRJbfDC8cIaJy9ptx3c32ZgWIBY=":{"valueMac":{"type":"Buffer","data":"JOFfPQ2Q4HJb6ND+LTYWXVFgBXkAMN/VT+9/HVppvGk="}},"5IwZZXXCqtf9XPxStiy8uOqVHNZ0faICEh+CS5ixRWw=":{"valueMac":{"type":"Buffer","data":"KI7RpR1AINkVw+UMn7I9HEgHHFsWX21IrtwtyooZrZ4="}},"5QXoecjRnj5iFE/YJjmgIsexHiX7MDhk0tQAZ2dSv5k=":{"valueMac":{"type":"Buffer","data":"KpvdnScOgBrjeEMP7atCU+EB89dq0dQgyNFrBLAzAZ8="}},"5UIu58AMFCR9P0BUJ9udqZAzFfZGd5/ypCGMDqvsHoA=":{"valueMac":{"type":"Buffer","data":"gCtCl4odceCQVGOQi3UU2NnXaLixD4LL6yikNFXi5Yo="}},"5VclqaJzND5KbRmxXmRxc1dRpQ0FHZlC+yafpFfS1EQ=":{"valueMac":{"type":"Buffer","data":"/ErzYnPlVPguT2MBKaA7MoeeuxE2ZnuRgO1hPqi+L48="}},"5V4iXfC7BKzX2VizGc7QzPSsm07szvrSJcfzqBNJyEU=":{"valueMac":{"type":"Buffer","data":"UEiBjrC5hPQ3WAL/G6pVt8R4Aoxg1U2hgbIcp/L/87Q="}},"6EBhjD7eceAEVHcLFtNecypYJlRD0BglgtK38tyKH4g=":{"valueMac":{"type":"Buffer","data":"tuf8EtcF/7PHCtLGjPIS7awtH3/8JVsYzBjQA+23u/Y="}},"6NHRLtKS5pWCa4YnZ8LNPcC6idGtjW3wYtN4hia3lgQ=":{"valueMac":{"type":"Buffer","data":"ayTUjCUzXGEGkwNujMULQIgT6uYDYLtIOwD/P5o9Yvg="}},"6Ul2Qmm2kBXqNcB5bUdj5AJpcjazFtXI7xPIn4gDHPQ=":{"valueMac":{"type":"Buffer","data":"11ZvpRjar9bzO/Sh8zZfc6YpbbrahiMX8UCOZaQpJk0="}},"6mfITDNMCy+9EyywI7EQ44o9QBRDbZjhLOKDUKSNgW4=":{"valueMac":{"type":"Buffer","data":"8iFRFIE4RhGPbblOd6/CcxJG0oqkotEkDru2+LsXyRQ="}},"6uzzzygb579govXs9+aS1cSjmO6kCIw8dfGIslaC3jc=":{"valueMac":{"type":"Buffer","data":"PFP0gJI9vTwWPi85UygPjAMDu4dl5iJ1FPF8r2wOAKA="}},"6vUDlwIH3RnUSkbjVFrWTFtB+X5vBt5Lfc4Hc+s01y0=":{"valueMac":{"type":"Buffer","data":"hB8fJh05Z6LY/rwF/OG0g2ayrr7z0Rc7/6dHP9Z/Jmk="}},"6yAf9IghU5jq4uzUBw0c5z68TrVidpTMe+uNMHg90r8=":{"valueMac":{"type":"Buffer","data":"NLJH1B1TepoXuRve3eAVdsQ/7DpJiJ6Ih7o0LZ4SGzY="}},"6zSbQUkQMa6J4O9Fgk59WdHVvrn2vBWgfaordkiqeYw=":{"valueMac":{"type":"Buffer","data":"3KfwEjMGWez/aoPw3SSdUAVHM9+9Ofu3QhGJu3GKcwc="}},"65xzP+q3OZIRxtnGW/ACWiocg6IA3npvFaOhOJm2vSA=":{"valueMac":{"type":"Buffer","data":"SWksltnjmTsw/SmtGPiKJB6Oj82uEP+rn8dh0bbUjRI="}},"7CwIHUfZ8MdFrKJexRAVyOHqkEH9IDYlUU790ye6FaE=":{"valueMac":{"type":"Buffer","data":"k78zL3rWdJdsfdnzqjk/A/u8NNr6HzzGz4Hq3p0jPw0="}},"7EEgL4Afnh/4vE0GP6CUu5plTGE6PgI9DbbqYn5AmNA=":{"valueMac":{"type":"Buffer","data":"vdO4JoOFmOJUfeAXE2tj51WhcyI1PmYg2kkHmn0OZYA="}},"7iV585cw4VVke0aGCUxkvQO/nLXkpgemLXvUAry/+FY=":{"valueMac":{"type":"Buffer","data":"tcFZrbMzSrsm69oBI0cV2Sy0N/nn2MtzaUR6QfMh8kI="}},"7mRl/LL5OeFUJ/EvXgfuwsc5pLp5JlJ/e7NdNYyCB7Q=":{"valueMac":{"type":"Buffer","data":"fQLG9MtI/bGtsaQX8u9U9iquqxHgw973dHOEfMJbTp0="}},"7vZPc5TVdwXwYHGCG8lpssYdtNXehdMuflYPZbijLPU=":{"valueMac":{"type":"Buffer","data":"8anxh3+5UfokkzuIgOiuq5dw3qwDepPlrDF/gxehtMQ="}},"7wmp+lITcer0JCpSAI6qwyT7v8ixODwrnpie2YklhBQ=":{"valueMac":{"type":"Buffer","data":"llumV0zyjNxMOMF3XBpTe8CvofKrA3Ig+CzlWlsCajI="}},"75KiSET+//wuB3XTSRFrMTW7K7FqI2n6zvaHzjh4Amo=":{"valueMac":{"type":"Buffer","data":"rkjdsFVUHXM1Kh/bsSFpNyNtFxZidP3nZ2kSWeIYC6I="}},"7/q63XHAD6pryS8Ud0CzvZrjns+D4fQ6Az1J9BMD20w=":{"valueMac":{"type":"Buffer","data":"VNWcYYvWwrxw16RF6nISkl3urbSodEnbYJld78n06K8="}},"7/180iqRYqty1HDJcFqPgwJgzIWbis5cdsXHRNRGmgY=":{"valueMac":{"type":"Buffer","data":"cn2TJEg0TNDucz3NuVENw0W3vKQFMbfHYsX0ZURWmX0="}},"8LFc31fp6H2U0AOSj0/vi0159f+fVqQJxO55+E9s+88=":{"valueMac":{"type":"Buffer","data":"AraY/cCTRohqAZynBBS9/EAZ9M1CcxiEgqJRI7INs6o="}},"8jAHTCCkTcDY9bZ9wi/ILrcsTj7Sct/oK/Z6z3+LixU=":{"valueMac":{"type":"Buffer","data":"EhOhgQAZUkSQ5EiRFQWot41yPxDGcWI0OMn2DT5ebZQ="}},"8qZYH1td3HuBy+3PE4BUDO8Izk2xtnEVr+a1V3B6WYE=":{"valueMac":{"type":"Buffer","data":"knfKFqoBo9+txaAEsy4Vq4NZjv/2RhSLgJKuiWvKsZA="}},"8vZrv6n2goC8p8glYcJpCgw7xonIGWGxxJafv2HI/Oc=":{"valueMac":{"type":"Buffer","data":"6SDHp1wQD7dBnGdxKjAzbjt+s2aVovh/GdtB8vuq8Rw="}},"8vrh5f0jtaAOFEcEjfv/vDYCth+p+OZjCOiDweeTAtQ=":{"valueMac":{"type":"Buffer","data":"wjwaBW7kVWHB5qWPXucQAo8ru5vSIKzhXVOKv+G10Oc="}},"8xP0OZF390JqrzlgCx75WxQB1zG/zS8GMITGMNFPIKA=":{"valueMac":{"type":"Buffer","data":"dM9CTTELQURFmvHRzpPS9Lo6RqxAvGZLQfe4/udYtZM="}},"83oiP1tgLeluDFPohnFFpn0mQMSLtbbhMMscQkXMjBA=":{"valueMac":{"type":"Buffer","data":"mdmmsHIgeYbckeLqSD+OpVYRYw4hGrTAQKJghENx35M="}},"88MCYXfATcwYBuDTDu1mWP1FX/gleVmJS7TRMzQm5HQ=":{"valueMac":{"type":"Buffer","data":"NvLI6iE7gGQ/zLfwfrjGBhCg5o4k2wxrcF8c5x5ex70="}},"9Ems0yJEr6ncaHtv3E0khoS84aJUYEM0nw8wVhUsLwk=":{"valueMac":{"type":"Buffer","data":"NC/PhI5cnuk6NaQT+zJlss3WPMcFiuz2f+Z9dobRzNA="}},"9P1BEA4Alp1yzBteuB8kNuhfrmLdxRwadcDni6EcNjw=":{"valueMac":{"type":"Buffer","data":"yJMthNDa3+f+g3L7fViBP3UeAro3D/xNnSlmDKQv9CU="}},"9UBMyU900XzgQssMOlwe15Hsi7O9Lw6nvSUFjcLajrA=":{"valueMac":{"type":"Buffer","data":"TsCSkBi1k02u8jzKZ9LLYXHBOV/CfZWvuZiJ3v1TKoc="}},"9fmg5u1FaG0YmDZqgnu+3mJe1oFJCzNF6OZwQY4Ylg4=":{"valueMac":{"type":"Buffer","data":"Bbrwqu/cPPEZSqqRgMumIm4VecHtGhgA2uIcTCLopnU="}},"9gq7gDdDyLNRUE/IWN0ciNK10GsLZgSZ/HGAS+5H5Sg=":{"valueMac":{"type":"Buffer","data":"XAWjolKkoJpbq6rHIysFPt0nR/sdcXaoKA4/ElRsMWw="}},"9sxmV5oAGr3vgdkxDBoshbogJf4s6P1uRujDyNzDBJI=":{"valueMac":{"type":"Buffer","data":"bCf8j2E1mALKsniYiPbAUqKXJBrB8UrVG8M2uClq03c="}},"9vKfIuutapcIREylHpGD4s/mPnuikII4DVX0B7l6keE=":{"valueMac":{"type":"Buffer","data":"+zaP356wrTr9akwq+6AnmgTiquW69dyTl7SgchvJZGA="}},"9wHyw3azs+kfJLmiCNeNy+y5r2VH/yASbDvz5QZqeNc=":{"valueMac":{"type":"Buffer","data":"0JObEv9uCRvO+dFzWnYj1M09PJ8Z4CDiTwNiO090rVk="}},"91FzOeYn7q8KKdhaBbRnNoxTFEienXeghTdI98isYv0=":{"valueMac":{"type":"Buffer","data":"zWwfMPCC2FfNsyATZ2PqhzHrZ3/SWwcrBMhGQXDof3U="}},"93h7Vty36xchiU209GUNopvle8UbrCuOy4h0FqdpF/4=":{"valueMac":{"type":"Buffer","data":"+TVAtuxfl+sxSO8eaI3hPXWMXQ3KPZqjhx7pMx2rld0="}},"+DJSY0XAsdB8yspou+j8xmCGXu1P1bRyL0TnLFL3djk=":{"valueMac":{"type":"Buffer","data":"Pba/ZzAmmQru/g/3j9TLw10w9zz8nCr/Dj5tTkHj0XU="}},"+EvFfgtBfOnNnMesWoEvsvf3CZsbMGWYR44z4lzxwao=":{"valueMac":{"type":"Buffer","data":"oH1O7GXGAJ2FV5U4srrYcvdc4MAytcqSWc/cuL7DVT8="}},"+JJnYBVGfJVrgbkDYj6goQ7VLdTbG6NDMqMne0Gy9iM=":{"valueMac":{"type":"Buffer","data":"g3YHrIflY2df870ynsPZVxFUdl1r2SeloVEQMIDxhSY="}},"+U1oSfPo4vi1HAPYAraZrZHfU4Crfxu9fUfE2l959zQ=":{"valueMac":{"type":"Buffer","data":"UlLGkFTMNMATE2qthj5RCYsvCmjT6ghfT3ip7ED0ZRE="}},"+kA7AZkjU79CzOFoTEeBlFdlO4gPrrvNTvCn21464r8=":{"valueMac":{"type":"Buffer","data":"vILidItsEd8MuyhN7D556yj4F/b3/YUMJOi0jv7/0vU="}},"+6hsZB51BRORPZ6hIweZF5yaAlpDf+pVY9N63dJ/zZM=":{"valueMac":{"type":"Buffer","data":"NxNLEQdk4ppcPGsgwLNL0aYFiWvjwhlpJaGML6VYXGM="}},"/RRI2n+gNEm7ETRTVMuAhLz7xcSRTbxRfw7F2gz9kf8=":{"valueMac":{"type":"Buffer","data":"74O1t6Qmn8wGktloqD+8Qw5pwcVyBb4KtHWQbqW+zbE="}},"/dAifufxFkmQgFKMpOeFUDNty8ESXSrYE6rRBazpXzs=":{"valueMac":{"type":"Buffer","data":"wLWfAtl9e2Wt7K+Nr8INyRls3/eV/5VPQuRYnVaWqiI="}},"/uw/hWzEEH9eXs1VIUIqyGNZrmeIox+ZOaq52jyrnGs=":{"valueMac":{"type":"Buffer","data":"RFNsCtp4Vg338/nJoagRpzj79Mkwv+N49Odhh3KquX4="}},"/vxJKyttn56r2cm3jDaPTkD9HepXEyjF01avGskx/l8=":{"valueMac":{"type":"Buffer","data":"rZD+fxiNQfeUPYz30j4sgLf19TM49u18WLBBRddWd3c="}}}}