{"noiseKey":{"private":{"type":"Buffer","data":"gNTg+ZZZ+hslI+ONFNvMhHnnu+8VD8Lv+xRm1m3893o="},"public":{"type":"Buffer","data":"6RKPO2DeHZpXLp80F3BmrpYhvGKMUokFg7QHiRILwU8="}},"signedIdentityKey":{"private":{"type":"Buffer","data":"WF84HHS12+O03TnzTITc/guI7GxQ2C9R8UcBDncerFQ="},"public":{"type":"Buffer","data":"qznf0ztZB9AIeyCg17K5ahqpY2VFrrOHhvfUIEMyTCc="}},"signedPreKey":{"keyPair":{"private":{"type":"Buffer","data":"kHPyPvMhFU1L8noomMiOLtqDaxuoUjDqqN9va8u5CHQ="},"public":{"type":"Buffer","data":"kVPtz1L4oLaprmyoBWHRXlyo/D3XDvKlrc39HNxzmFY="}},"signature":{"type":"Buffer","data":"12bzhUkMEAwPEG6rWJ1lqGy8/++pnU2wlp7E+eu8JHgIB9uvnOo8oQDvGzTqnmvgAAuYvofUyJ245XY8i7KHjg=="},"keyId":1},"registrationId":136,"advSecretKey":"H4GrDAwZgCOfjlADhCQUAyflMggYYnoMUOpuwSPp01U=","processedHistoryMessages":[{"key":{"remoteJid":"6289518773638@s.whatsapp.net","fromMe":true,"id":"389DD6D9F70B5690B57D694FA884E173"},"messageTimestamp":1686259417},{"key":{"remoteJid":"6289518773638@s.whatsapp.net","fromMe":true,"id":"D5CFEEABA0E157C0386E862966EB2A88"},"messageTimestamp":1686259418},{"key":{"remoteJid":"6289518773638@s.whatsapp.net","fromMe":true,"id":"68BFF42F8A6FCD96046FA5ED2AF3A43C"},"messageTimestamp":1686259513},{"key":{"remoteJid":"6289518773638@s.whatsapp.net","fromMe":true,"id":"B8A74E2B1140D1E6D2336B1DC5B20477"},"messageTimestamp":1686259770},{"key":{"remoteJid":"6289518773638@s.whatsapp.net","fromMe":true,"id":"47660576C3B4CDADA3FD81593174DC81"},"messageTimestamp":1686259824}],"nextPreKeyId":122,"firstUnuploadedPreKeyId":122,"accountSyncCounter":1,"accountSettings":{"unarchiveChats":false},"account":{"details":"CJXTms4CELuNiaQGGAU=","accountSignatureKey":"z2zgrXF38J1U+499+DqiPWD5nHkI5eVP0Cx42oxvnGM=","accountSignature":"ysNGmpEV65cMMsxPAdXOQZPDZcwcwm34Ng8tkdiMwcLrXLhQnEjPbvTLHzmc3JrTFZLvTwP0RcFLP7sNZkNYBA==","deviceSignature":"KU1hNOCtLeHrTnKHu6fwVkJw4u0rDEAoMmoIKox4eAPhwX3n7dtiJrBknW5XhKD0DBNlSU4gkxXMPEq3zdFKhg=="},"me":{"id":"6289518773638:52@s.whatsapp.net","name":"OCT Botzz👨🏻‍💻"},"signalIdentities":[{"identifier":{"name":"6289518773638:52@s.whatsapp.net","deviceId":0},"identifierKey":{"type":"Buffer","data":"Bc9s4K1xd/CdVPuPffg6oj1g+Zx5COXlT9AseNqMb5xj"}}],"platform":"android","lastAccountSyncTimestamp":1686259985,"myAppStateKeyId":"AAAAAAJ1"}