[{"senderKeyId":1000269190,"senderChainKey":{"iteration":0,"seed":"ExFqK1RfhNudLZIdPqlvL8XcclVT9h307cq3ELzxsE4="},"senderSigningKey":{"public":"BYqN3eW36eZFi8xQIT8goKb435+Beh8kKDi2RILkSWA2"},"senderMessageKeys":[]},{"senderKeyId":315348066,"senderChainKey":{"iteration":1,"seed":"7HF7TZPy3sFoceBrB3nhssaJQft4tenErJ2y0SPGilA="},"senderSigningKey":{"public":"BVxoKpN9gI89S8J9TrvJy25BNcAblhpS3caP/3OfB4Ix"},"senderMessageKeys":[]},{"senderKeyId":2075128309,"senderChainKey":{"iteration":4,"seed":"fsoSRaUDv4DFF6TxJh/1eOlT9VRSEHtOl2/E2jZEgvY="},"senderSigningKey":{"public":"BZnrBgAxnOTESPWo8oKdeBkKuxZPeip2rcU+BuHGkAgA"},"senderMessageKeys":[]},{"senderKeyId":584565755,"senderChainKey":{"iteration":1,"seed":"lcEfSnmoDvIZREm7pTHOTaXf13mXyIg68ZA5e0RaXmM="},"senderSigningKey":{"public":"BTsmRZWcxiq+/knQ+/Zq1XuAXl+yvSl4YffXOho8Jl8G"}}]