[{"senderKeyId":2066076059,"senderChainKey":{"iteration":155,"seed":"7M3KhrArsvOBuF/yV5X7K9ElNmnoIYTL6gnRcrhEXAI="},"senderSigningKey":{"public":"Bf9MBT0mf1SoFFvjzE5PvKU0ekI0WTgdbO2zgCNirkxl"},"senderMessageKeys":[{},{}]},{"senderKeyId":2066076059,"senderChainKey":{"iteration":17,"seed":"g/jIXNF35l8phS/Co2mrfySyptVuHbuz2eFE6soJeZA="},"senderSigningKey":{"public":"Bf9MBT0mf1SoFFvjzE5PvKU0ekI0WTgdbO2zgCNirkxl"},"senderMessageKeys":[]},{"senderKeyId":2066076059,"senderChainKey":{"iteration":62,"seed":"ZXxnC2MIpa+ad27MwtKYY48LuKa7wYVt0sxSWYjVO7Q="},"senderSigningKey":{"public":"Bf9MBT0mf1SoFFvjzE5PvKU0ekI0WTgdbO2zgCNirkxl"},"senderMessageKeys":[]},{"senderKeyId":2066076059,"senderChainKey":{"iteration":148,"seed":"CRW48DxssuoJrm2cXBkHXe0D5q1CrTAgmUFZcl6HOKU="},"senderSigningKey":{"public":"Bf9MBT0mf1SoFFvjzE5PvKU0ekI0WTgdbO2zgCNirkxl"},"senderMessageKeys":[]}]