[{"senderKeyId":1407305335,"senderChainKey":{"iteration":1,"seed":"YTBnJg+lPn6fz2fQQsRZ9DoZ4I6EbB3ve37w3MSS7so="},"senderSigningKey":{"public":"BaNnfCWhEeIYQO9NXQ7L8tGktxhLCXcsKljs9QcTigdW"},"senderMessageKeys":[]},{"senderKeyId":1407305335,"senderChainKey":{"iteration":0,"seed":"gdouAH3qQAEuNv7FqVZWsN7UGlHt77Emd6qaMsttAvA="},"senderSigningKey":{"public":"BaNnfCWhEeIYQO9NXQ7L8tGktxhLCXcsKljs9QcTigdW"},"senderMessageKeys":[]},{"senderKeyId":1407305335,"senderChainKey":{"iteration":1,"seed":"YTBnJg+lPn6fz2fQQsRZ9DoZ4I6EbB3ve37w3MSS7so="},"senderSigningKey":{"public":"BaNnfCWhEeIYQO9NXQ7L8tGktxhLCXcsKljs9QcTigdW"}}]