[{"senderKeyId":2009677974,"senderChainKey":{"iteration":2,"seed":"DzSdoKb4tGmuTd9ktYk0jfOfEebLTRUwI7kmmjJLgno="},"senderSigningKey":{"public":"BZLFtFvfw757UOh8xxE8zIiDRmX4wkX+3FTqIijC16FK"},"senderMessageKeys":[]},{"senderKeyId":676463411,"senderChainKey":{"iteration":0,"seed":"NymLnt5VZEk2Oh+LmSPjF6txvAhGc5ilJgNlHjGzq3A="},"senderSigningKey":{"public":"BZmo/EgHmeTYE/W0TbmHlfgmc2ex7zwD3B3Y/S1En7B1"},"senderMessageKeys":[]},{"senderKeyId":12259609,"senderChainKey":{"iteration":1,"seed":"vhiG7+BEAfvlcowNEWpPcQw2i2Kwqk8iJ53NiyCXaPk="},"senderSigningKey":{"public":"BfshM5uKm+OyPojn0HmCNIsdW8kgZVJmUMfTUDrD+FoP"},"senderMessageKeys":[]},{"senderKeyId":177560222,"senderChainKey":{"iteration":3,"seed":"/9236usThDtOxMliqL8uFnpFvUStMpWZ1jl/POkGNKM="},"senderSigningKey":{"public":"Ba1hxMeo3rQXa1PyhwBWrkm3wmHtm062dMjrazKUlw1M"},"senderMessageKeys":[]},{"senderKeyId":1753181607,"senderChainKey":{"iteration":4,"seed":"KLEgh1odAngJgTxVG4WT1UzjVGgoKYKgkCVOjKfHcYg="},"senderSigningKey":{"public":"BSziHsh31w2H5so+TjWJAcHmKCTv0bfJLFOxW/aYXxkQ"},"senderMessageKeys":[]},{"senderKeyId":1753181607,"senderChainKey":{"iteration":3,"seed":"Mrjf6f6BtE6C99MFLHRC/eyEvTfItKEcjNhBuAE6+OU="},"senderSigningKey":{"public":"BSziHsh31w2H5so+TjWJAcHmKCTv0bfJLFOxW/aYXxkQ"},"senderMessageKeys":[]},{"senderKeyId":532898376,"senderChainKey":{"iteration":2,"seed":"TuIAmYOYjL76XEd1UEAeDqy71FZzJneznO3B43244po="},"senderSigningKey":{"public":"Bb4XrTf80uHvh6mA3BV95hTrLnhGvHYhDOTcehPMV8p2"},"senderMessageKeys":[]},{"senderKeyId":1549489494,"senderChainKey":{"iteration":9,"seed":"9IMCwsGw2c6y0Njnc1BEO8UnfENDzzn9SFXshWdKjU8="},"senderSigningKey":{"public":"BelJkgpFzj4XbNX28gwJAoEI9OU0mfi4SZjgJbyYFQxe"}}]