[{"senderKeyId":221897344,"senderChainKey":{"iteration":2,"seed":"wWnvHyjHXWDQ1DFMQOOuAVlBfvW5ic2unhmMOTsSRYQ="},"senderSigningKey":{"public":"BRCH5FSwx2PdTb2Lz5iPVtNULeJszdxJQNFmiXXPBJxb"},"senderMessageKeys":[]},{"senderKeyId":780975628,"senderChainKey":{"iteration":1,"seed":"KOX8+CUQpbbbzLBIfQ4z4tr5Trxp8YSIBb2Mv9TrxtY="},"senderSigningKey":{"public":"BWV2vIcE4kRgfs5ldyAIITks4wXNbLtV9L6OCzrCLFZ1"},"senderMessageKeys":[]},{"senderKeyId":1201959481,"senderChainKey":{"iteration":0,"seed":"Xz0FduVhaRC8z1KoqmeFE0h0FMvI+zYOLUg/wpIE4qA="},"senderSigningKey":{"public":"BRrSAvRzK5jfZhMjFDvv+zm6tf9/WvcruVcT6Y81Zy0T"},"senderMessageKeys":[]},{"senderKeyId":517528474,"senderChainKey":{"iteration":2,"seed":"XVperffjmdxwDAWELWu5EuIIPlin7p6ssNNtUfX5K4Q="},"senderSigningKey":{"public":"BWnaFRKOMyeUqud37lAPVQTq43Ckwad4Pxq92/qQzN1D"}},{"senderKeyId":517528474,"senderChainKey":{"iteration":1,"seed":"r4Kuk91l2KJxKBMRzIy0T0Q649EK3Tk64Auc+blEYd8="},"senderSigningKey":{"public":"BWnaFRKOMyeUqud37lAPVQTq43Ckwad4Pxq92/qQzN1D"}}]