[{"senderKeyId":1334062437,"senderChainKey":{"iteration":0,"seed":"hBVH+HGqDfK0VYE4ifPl20Bnpu5NlntBZZRzmRonhj4="},"senderSigningKey":{"public":"BVi8XXEgr1R26rKgs7dioOEZJbILI78WAscOlV/nZ5ZO"},"senderMessageKeys":[]},{"senderKeyId":852616631,"senderChainKey":{"iteration":3,"seed":"npXkYuzOmPnNjt3EfoDdVR7k30nKr0Q0k/G9OMC+M6Y="},"senderSigningKey":{"public":"BR9ugE/QALBDiRypbRYOBQg3lrhz0h7volAKrkHGuMJs"},"senderMessageKeys":[]},{"senderKeyId":1742484202,"senderChainKey":{"iteration":0,"seed":"nTvFARzhs4RPloVjE5KS5zukrHZLvxK1HAXqzP8V92o="},"senderSigningKey":{"public":"BcpEZQqP+L5fdJgOw8+AssMNO7aPxZspntxEjKewQK9r"},"senderMessageKeys":[]},{"senderKeyId":2089688762,"senderChainKey":{"iteration":1,"seed":"K1aYgn/lfWmgG4HgzR0FIKpi8XxQISpISpdxnI76LVI="},"senderSigningKey":{"public":"BfmQuqlo0S/oN/MtqELitzQDw0OGMp0foZXJdCFovlZ4"}}]