[{"senderKeyId":763246250,"senderChainKey":{"iteration":0,"seed":"+dNVuNqZVm1L1KdGV6PsPSpqJ6FrQT3ic6HRYPcqn3A="},"senderSigningKey":{"public":"BTdUcC2Ra5ujwMNiyJNGR1GY2e7mQfSRaeoVFwymM4sG"},"senderMessageKeys":[]},{"senderKeyId":970583021,"senderChainKey":{"iteration":2,"seed":"F5BC7Q4KtyaG8FBX321eYQ7mhnia2ZweMN55flOUnWg="},"senderSigningKey":{"public":"BS/avPk2Mc+r+DVtqy3QS8cnTvKlcQ8bW4mKHMlSTxgF"},"senderMessageKeys":[]},{"senderKeyId":1410756375,"senderChainKey":{"iteration":4,"seed":"cdz1doRar4iE5Lw93ZciHsfoCS6VMy7sRy02cnOKRjA="},"senderSigningKey":{"public":"BexZGseIHB4d4gsp12lGUNYVOe8Xwzsm7bg1bY6cbukT"},"senderMessageKeys":[]},{"senderKeyId":1410756375,"senderChainKey":{"iteration":4,"seed":"cdz1doRar4iE5Lw93ZciHsfoCS6VMy7sRy02cnOKRjA="},"senderSigningKey":{"public":"BexZGseIHB4d4gsp12lGUNYVOe8Xwzsm7bg1bY6cbukT"}}]