[{"senderKeyId":491907561,"senderChainKey":{"iteration":112,"seed":"qtUCzfusbHlJAosKWYXl9ccVzHjZFEPkz/tHs0l3vSY="},"senderSigningKey":{"public":"BXQO9OlXhIHtlLtyLQzcZEPFKgzSLUYK8xbxtiyP9jNH"},"senderMessageKeys":[]},{"senderKeyId":491907561,"senderChainKey":{"iteration":42,"seed":"ZBer91vCOFqduy3um9+wqSBBoaBE3iGcL8noxURN8LA="},"senderSigningKey":{"public":"BXQO9OlXhIHtlLtyLQzcZEPFKgzSLUYK8xbxtiyP9jNH"},"senderMessageKeys":[]},{"senderKeyId":1963849457,"senderChainKey":{"iteration":5,"seed":"Ieo6QyqMd4W/H8dNREdOtvWSazYGYF5K3YyD7Hv813s="},"senderSigningKey":{"public":"BRI3w85fQw3mdEGfzzuyikERtXU4MSR4YHZZSFBZpnNN"},"senderMessageKeys":[]}]