[{"senderKeyId":165243302,"senderChainKey":{"iteration":0,"seed":"h39myS4xc4wfYRaaaIXzRwoG7x1EZVrHxxu239y1kbM="},"senderSigningKey":{"public":"BZns00dXXugJrbajJuV0cIfOT1ZFGLBPz0RFOQ87HyRj"},"senderMessageKeys":[]},{"senderKeyId":165243302,"senderChainKey":{"iteration":0,"seed":"h39myS4xc4wfYRaaaIXzRwoG7x1EZVrHxxu239y1kbM="},"senderSigningKey":{"public":"BZns00dXXugJrbajJuV0cIfOT1ZFGLBPz0RFOQ87HyRj"},"senderMessageKeys":[]},{"senderKeyId":204892846,"senderChainKey":{"iteration":0,"seed":"iJY9T32XVe9UyVm9ihgQPCf6/XCubD5zT3D85sTYvLk="},"senderSigningKey":{"public":"BdgukrhErIO7Qa/KYHb46X9rxoDEpt8plmF8ngb8uyw/"}}]