[{"senderKeyId":1464350935,"senderChainKey":{"iteration":23,"seed":"/gyhADuJMroY37BmExS5yQUqGVBCbbkXx8wpN/toFVY="},"senderSigningKey":{"public":"BTbrTDIV/Rxc5H3N9IJhgfgDgNbxhpxe9bsMhBNEBk16"},"senderMessageKeys":[]},{"senderKeyId":1464350935,"senderChainKey":{"iteration":13,"seed":"w2BTjpeZc473vUrjPiHRY3Px6kXsKFjW4Qs20KLtsdU="},"senderSigningKey":{"public":"BTbrTDIV/Rxc5H3N9IJhgfgDgNbxhpxe9bsMhBNEBk16"},"senderMessageKeys":[]},{"senderKeyId":1464350935,"senderChainKey":{"iteration":22,"seed":"j451vc0HmuNYid/Mmp6bENIUW57r0cNUrKXab3MFI78="},"senderSigningKey":{"public":"BTbrTDIV/Rxc5H3N9IJhgfgDgNbxhpxe9bsMhBNEBk16"},"senderMessageKeys":[]}]