[{"senderKeyId":241159356,"senderChainKey":{"iteration":1,"seed":"qXcqBBFCeTBuZCaINQ/OtO1Umm0oyL7GBm2FIohHjUw="},"senderSigningKey":{"public":"Bf8FN5dm9t5N+Jj9aEpchOtJ7dWZ34mtelEkmj+TaW8Q"},"senderMessageKeys":[]},{"senderKeyId":1055294335,"senderChainKey":{"iteration":3,"seed":"tSDOkrjfihEDfkcDr3WLZFKmDlhnOKiP4nAZuNlhboU="},"senderSigningKey":{"public":"BepHLyj9Pw7DX2vh67MooXeYqSLa7tCrBfp4OKR1TYEd"},"senderMessageKeys":[{}]},{"senderKeyId":232373534,"senderChainKey":{"iteration":6,"seed":"3zBY5Nn9wKsHCU2lLiRvGbuMU7a+CBZsEyeui/Gvqg0="},"senderSigningKey":{"public":"BQyFkjiKskYBhhQV/Mm+ydcxPNMCFeWUgTIpWVEvPbQg"},"senderMessageKeys":[]},{"senderKeyId":1088043980,"senderChainKey":{"iteration":3,"seed":"tMTDF2QCj5EXfH8gxSEcZ1DOjiBn96sd2ksvA9efNgc="},"senderSigningKey":{"public":"BVvVsluE4h8uNsl/SRPwsCUDInXhdKXURh+q1fZWqFkM"},"senderMessageKeys":[]},{"senderKeyId":2068424723,"senderChainKey":{"iteration":9,"seed":"OEiD5hajVTuYJn1qMXqEul/oF6YNiQmEMXtkioyGAtE="},"senderSigningKey":{"public":"BQmrqiGtBAQ7QQ/T2HE9LsSYo/nZw/P8iurpofWQ7BUw"},"senderMessageKeys":[]},{"senderKeyId":1647106010,"senderChainKey":{"iteration":11,"seed":"6DGT1wPFukkW+NM2tA5boZnqeaz2wH4GLo8N6EyAexo="},"senderSigningKey":{"public":"BU7JQ915YBeKX4BGoVYCxfUjcFatdAZvaVC2P/T2MP8j"},"senderMessageKeys":[]},{"senderKeyId":788167986,"senderChainKey":{"iteration":15,"seed":"N5yn72Doz7b1yixAMJgiXfih/Yxvh79vtwve10yl+BI="},"senderSigningKey":{"public":"BaO0lWTstEiiCwOMWB/q6OBj20/Ou73ilolZ0oROkZwL"},"senderMessageKeys":[{},{}]},{"senderKeyId":788167986,"senderChainKey":{"iteration":2,"seed":"DsOTR0cMcUP4hRM3fVzZCVs9/uvxUqfj06McsokPrmM="},"senderSigningKey":{"public":"BaO0lWTstEiiCwOMWB/q6OBj20/Ou73ilolZ0oROkZwL"},"senderMessageKeys":[]},{"senderKeyId":1882515413,"senderChainKey":{"iteration":5,"seed":"oOZGPRITPt0PsKHB4ohtYXUtSWoPwR75hPAXCRONOi8="},"senderSigningKey":{"public":"BWizoIIH82MJ16P07bNtST265TL28BVhV0DKbP1VeZ0v"},"senderMessageKeys":[]},{"senderKeyId":546336466,"senderChainKey":{"iteration":2,"seed":"yH79i1Wc/FtNGkoUjaCbk1cPFqJ5uHe5g2rVouX64NE="},"senderSigningKey":{"public":"BYqJbNFOUX4quh5d6Y6CVrda1y4l8T9VIYfnHHW1DPYN"},"senderMessageKeys":[]},{"senderKeyId":813963225,"senderChainKey":{"iteration":5,"seed":"/eQLstOFwD/X32BoZO5dA1wWEKil4z6TxE8ydkrADNI="},"senderSigningKey":{"public":"BeXLkSIFiwSy6qMETDiHpMn/R7mDLEGJHmUDe4uL0pQZ"},"senderMessageKeys":[]},{"senderKeyId":864396756,"senderChainKey":{"iteration":1,"seed":"vIZQIrXvHTBqT5tl6sOVn83/GOL0q8e77lzyfmkMRjY="},"senderSigningKey":{"public":"BWmBg5LM5p6/nZZ7wC/gjLqRDcg3si5dTISor9p6AP0N"},"senderMessageKeys":[]},{"senderKeyId":1379826312,"senderChainKey":{"iteration":11,"seed":"CyGu5YFIZnSBSPXB5WEn7LAmGbnAll8xirycjfEv0pU="},"senderSigningKey":{"public":"Be+DSChy69G6evY4wQwJWd2NikxkcuY07Kxl7Jl0f7lD"},"senderMessageKeys":[]},{"senderKeyId":656005751,"senderChainKey":{"iteration":1,"seed":"uohUMfTylMdHHLTbTGrLEJFidYdVs/EJE9nO5cycdBc="},"senderSigningKey":{"public":"BTISurgovP34EHOLc46dY0pc4NNATbm/l0VQucs5TY1J"},"senderMessageKeys":[]},{"senderKeyId":656005751,"senderChainKey":{"iteration":0,"seed":"HdySTobyChmKWiGWH/ei0W7fHj148juEzIe3SR6EKN0="},"senderSigningKey":{"public":"BTISurgovP34EHOLc46dY0pc4NNATbm/l0VQucs5TY1J"},"senderMessageKeys":[]}]