[{"senderKeyId":919931019,"senderChainKey":{"iteration":6,"seed":"UxSto557OxtISoMM37OGclsQEP6BljyoFcm6Xc9gZMY="},"senderSigningKey":{"public":"BRkum6zkLUsVtkPKCbKjHlfDLZWsHa9uVAOr2R3QBG8H"},"senderMessageKeys":[]},{"senderKeyId":1971102397,"senderChainKey":{"iteration":3,"seed":"zDbMq2/sglZXXVFGyc04M/5PgdL3R5wqWcJ94U/vHzU="},"senderSigningKey":{"public":"BXcgg0zajkxhU37sALtmdGUZuE9NwHZr5teCuYy3vRVC"},"senderMessageKeys":[]},{"senderKeyId":381242398,"senderChainKey":{"iteration":2,"seed":"/EAVU0s5pTCrWsSOSbfMg4VAR1o+fw7nlIvXas2So8I="},"senderSigningKey":{"public":"BQ+cqOpR0lBQd994mEJ+lq4XZMgZBMe8UESVApwma/1t"},"senderMessageKeys":[]}]