[{"senderKeyId":1543871417,"senderChainKey":{"iteration":2,"seed":"/bFeFif/E3gR6R3jDBRNx955U4s7KRFB3StvXQIgJhU="},"senderSigningKey":{"public":"BRmrrh8gIn1nL2SSL/hVtZBUiBtMJ+3mzZqBTX+x5d0A"},"senderMessageKeys":[]},{"senderKeyId":170623716,"senderChainKey":{"iteration":6,"seed":"lcwRcPr594FEnq+zZyw4pwVP+PTNyG4kTogV0RGOCHs="},"senderSigningKey":{"public":"Ba9K/5K1HpDqjzeg9GW3thgkelWaqOuuIEdE6hUMe74o"},"senderMessageKeys":[]},{"senderKeyId":1130689313,"senderChainKey":{"iteration":1,"seed":"7bxxwB2jTreEOVBMjjr3j+haacHBlKfJG3S83AvggX0="},"senderSigningKey":{"public":"BW9wla9lYq+PkU5Qgw1oyzqURavRCJsu767o/H1YI1A1"},"senderMessageKeys":[]}]