{"212778771400@s.whatsapp.net":true,"212766355924@s.whatsapp.net":true,"212606561608@s.whatsapp.net":true,"212635587376@s.whatsapp.net":true,"212669177395@s.whatsapp.net":true,"212649335804@s.whatsapp.net":true,"212695371787@s.whatsapp.net":true,"249910001628@s.whatsapp.net":true,"212711648294@s.whatsapp.net":true,"212776636068@s.whatsapp.net":true,"249997059826@s.whatsapp.net":true,"212718742314@s.whatsapp.net":true,"79097625100@s.whatsapp.net":true,"79097625100:16@s.whatsapp.net":true,"212766833320@s.whatsapp.net":true,"212620993785@s.whatsapp.net":true,"212693989474@s.whatsapp.net":true,"212700733105@s.whatsapp.net":true,"212718140980@s.whatsapp.net":true,"212684399054@s.whatsapp.net":true,"212675127168@s.whatsapp.net":true,"212628512651@s.whatsapp.net":true,"212629596072@s.whatsapp.net":true,"212629596072:2@s.whatsapp.net":true,"212629596072:3@s.whatsapp.net":true,"212634406871@s.whatsapp.net":true,"212610567655@s.whatsapp.net":true,"212763515197@s.whatsapp.net":true,"212649921159@s.whatsapp.net":true,"919893162611@s.whatsapp.net":true,"212619385874@s.whatsapp.net":true,"212710713010@s.whatsapp.net":true,"212646825001@s.whatsapp.net":true,"212697408305@s.whatsapp.net":true,"212690738810@s.whatsapp.net":true,"212775997900@s.whatsapp.net":true,"212714530168@s.whatsapp.net":true,"212684606808@s.whatsapp.net":true,"212603078312@s.whatsapp.net":true,"212703036164@s.whatsapp.net":true,"212644135142@s.whatsapp.net":true,"212644135142:6@s.whatsapp.net":true,"212644135142:7@s.whatsapp.net":true,"212641483130@s.whatsapp.net":true,"6285850000853@s.whatsapp.net":true,"6285850000853:31@s.whatsapp.net":true,"6285850000853:33@s.whatsapp.net":true,"6285850000853:38@s.whatsapp.net":true,"212669318378@s.whatsapp.net":true,"212772918743@s.whatsapp.net":true,"212652876115@s.whatsapp.net":true,"212632449559@s.whatsapp.net":true,"212682490277@s.whatsapp.net":true,"212629516425@s.whatsapp.net":true,"6282114499086@s.whatsapp.net":true,"6282114499086:8@s.whatsapp.net":true,"212609351296@s.whatsapp.net":true,"212646335472@s.whatsapp.net":true,"249113586490@s.whatsapp.net":true,"212669384958@s.whatsapp.net":true,"212693984576@s.whatsapp.net":true,"6289518773638@s.whatsapp.net":true,"6289518773638:51@s.whatsapp.net":true,"212620813376@s.whatsapp.net":true,"212770177620@s.whatsapp.net":true,"212622574884@s.whatsapp.net":true,"212633874987@s.whatsapp.net":true,"212603398970@s.whatsapp.net":true,"212694217776@s.whatsapp.net":true,"212681846604@s.whatsapp.net":true,"212647923534@s.whatsapp.net":true,"212711534792@s.whatsapp.net":true,"212630374918@s.whatsapp.net":true,"212637670538@s.whatsapp.net":true,"212637670538:27@s.whatsapp.net":true,"212629151499@s.whatsapp.net":true,"212701716436@s.whatsapp.net":true,"212658489767@s.whatsapp.net":true,"213674523216@s.whatsapp.net":true,"212770152719@s.whatsapp.net":true,"212709550686@s.whatsapp.net":true,"212657136739@s.whatsapp.net":true,"212652760293@s.whatsapp.net":true,"212642093364@s.whatsapp.net":true,"212673712076@s.whatsapp.net":true,"212646511774@s.whatsapp.net":true,"212606627168@s.whatsapp.net":true,"212638768032@s.whatsapp.net":true,"212610197005@s.whatsapp.net":true,"212713053295@s.whatsapp.net":true,"212711259874@s.whatsapp.net":true,"212656577502@s.whatsapp.net":true,"212675865753@s.whatsapp.net":true,"212641077259@s.whatsapp.net":true,"212613629939@s.whatsapp.net":true,"212613629939:3@s.whatsapp.net":true,"212650433929@s.whatsapp.net":true,"212675501681@s.whatsapp.net":true,"212628300728@s.whatsapp.net":true,"212625759231@s.whatsapp.net":true,"212604495785@s.whatsapp.net":true,"212611942003@s.whatsapp.net":true,"212602779135@s.whatsapp.net":true,"212773188834@s.whatsapp.net":true,"212704744115@s.whatsapp.net":true,"212712785049@s.whatsapp.net":true,"212773168295@s.whatsapp.net":true}