[{"senderKeyId":1279163402,"senderChainKey":{"iteration":0,"seed":"9PlHw44YteoNiFGcjO1V/M55iGkCKOhrtROKdgrItHo="},"senderSigningKey":{"public":"BToRB7Jc+BcBzXuGGgb7UsxfTvNZGBFtsEBHjjMdZr5d"},"senderMessageKeys":[]},{"senderKeyId":2145692364,"senderChainKey":{"iteration":1,"seed":"kAvgB3o4I5tFXrIO0sKU1OzZVwntV56CbTeSzOuO3dE="},"senderSigningKey":{"public":"BRzkJpv7EYpsTunlvEHnqpgf2iVnF1FDLcblJA07i2gh"},"senderMessageKeys":[]},{"senderKeyId":2117339982,"senderChainKey":{"iteration":1,"seed":"AHFK+0LZ7VEUnnb2jPM43c81B6oAL1N9PfRfQLHknfY="},"senderSigningKey":{"public":"BSzne8MKRSdzVyw4U7Wx0UnMJjG6Aj4KJldJhANiXsUA"}}]