[{"senderKeyId":82735934,"senderChainKey":{"iteration":0,"seed":"wq87ci5Eo4l6X4YKEkK6DRK5WmxYXqH2glGamfspTGw="},"senderSigningKey":{"public":"BZj8fbaQxqjTw+CK3qrS86YgJ5lbHT/dQm0sC+zNW7Ih"},"senderMessageKeys":[]},{"senderKeyId":115862006,"senderChainKey":{"iteration":1,"seed":"dvXzLUd1n9GB2TAifmqcNk+VTE472eYIXQvMNqdDJhg="},"senderSigningKey":{"public":"BWqYav2ptqaIURldJ65OLVyUEa1DecZDcZbnQGlnWkYb"},"senderMessageKeys":[]},{"senderKeyId":286105132,"senderChainKey":{"iteration":1,"seed":"NH50dsTVrgMROO5fz1CM8f9Qx2xWFrNbgpxB0CkV7Xs="},"senderSigningKey":{"public":"BaT5Ew/wGruktWvU/cjeOY1hXTXOaMdNetE4tIIeOBZ2"}}]