[{"senderKeyId":818178595,"senderChainKey":{"iteration":0,"seed":"3gORcvDQQCMF/Zu9gMhvLyQhSCZGlfrJ6M6J91gmaHc="},"senderSigningKey":{"public":"BaTAQp7Ox5icV/If9TRYpWzW20bw/+JjxM2wWbVW/eM3"},"senderMessageKeys":[]},{"senderKeyId":908383546,"senderChainKey":{"iteration":0,"seed":"/6yKtixqkNr/W/DJ+XCw5VNTra6EUC0Ugs3Ts+lgFsc="},"senderSigningKey":{"public":"BU+vYa8LORfYSR+8D2IPV3iay7Rdn/1mPVTYYGTCiPh9"},"senderMessageKeys":[]},{"senderKeyId":908383546,"senderChainKey":{"iteration":0,"seed":"/6yKtixqkNr/W/DJ+XCw5VNTra6EUC0Ugs3Ts+lgFsc="},"senderSigningKey":{"public":"BU+vYa8LORfYSR+8D2IPV3iay7Rdn/1mPVTYYGTCiPh9"}}]