[{"senderKeyId":314195738,"senderChainKey":{"iteration":0,"seed":"u7EAjPKIuuCAIsjpIBQuHHvGtbYbzTAhdkFmljOG1DM="},"senderSigningKey":{"public":"BVZAY7B7VcpexWhpW1sjU3WKSH4z8IhtSGA4qX9hW2lN"},"senderMessageKeys":[]},{"senderKeyId":540891584,"senderChainKey":{"iteration":1,"seed":"wrevdjfKAIKHRZydA9dZAljbGX9kbW5S8WULI1q2jgE="},"senderSigningKey":{"public":"BfepCVqrx5vlnO27j5Zz/Uao8YBwIStm8SXVnIiGKgZX"},"senderMessageKeys":[]},{"senderKeyId":540891584,"senderChainKey":{"iteration":1,"seed":"wrevdjfKAIKHRZydA9dZAljbGX9kbW5S8WULI1q2jgE="},"senderSigningKey":{"public":"BfepCVqrx5vlnO27j5Zz/Uao8YBwIStm8SXVnIiGKgZX"}}]