{"_sessions":{"Bchb4b1lNSdEFlkhbfofvE2g88PxYqLmw52ZjJg+MSMl":{"registrationId":1620167252,"currentRatchet":{"ephemeralKeyPair":{"pubKey":"BQZxSnlvC7K1sx/+8ulvAzBWfx4E3XJ4vn326TqOkHdw","privKey":"yKtpk/WH9x9ryTzQegxEochs8QDQdH95mAyjvq+HmnI="},"lastRemoteEphemeralKey":"BSMW59PBR8BexTQbZpZHeAZVNW5xZ2Lhl++JnFqY2JV5","previousCounter":0,"rootKey":"AfYYgtvXphj4lkAxsbXT0b6iRVpx7ksuLx1koZv27Nk="},"indexInfo":{"baseKey":"Bchb4b1lNSdEFlkhbfofvE2g88PxYqLmw52ZjJg+MSMl","baseKeyType":1,"closed":-1,"used":1686320105527,"created":1686320105527,"remoteIdentityKey":"BZlt7G7ixqCsnxi46H76fnA8Ig7Ee4R/4ulIRDtRkB14"},"_chains":{"BQZxSnlvC7K1sx/+8ulvAzBWfx4E3XJ4vn326TqOkHdw":{"chainKey":{"counter":1,"key":"ErFrnu64e7Ztf8diBaWCSBa3yBEkd2eINQzjN28Nt9M="},"chainType":1,"messageKeys":{}}},"pendingPreKey":{"signedKeyId":3,"baseKey":"Bchb4b1lNSdEFlkhbfofvE2g88PxYqLmw52ZjJg+MSMl","preKeyId":8022897}}},"version":"v1"}