{"_sessions":{"BY7QPcDHtBgBqnYNF9hs0U0kt6wrAM2htBLjcsX4D3Et":{"registrationId":1489235137,"currentRatchet":{"ephemeralKeyPair":{"pubKey":"BTMSxoZ7sqLAm6KJbK3QLLdJ9O42gjOVcWd20ghX/xth","privKey":"gO4xwbWA0khxPIgFwyOZilHIjv9drVkQazLKWyJH+Ek="},"lastRemoteEphemeralKey":"BU6PfSdKneAypD9fU+VAklC+2Omt1kjOhg6Z2nCgJAQk","previousCounter":0,"rootKey":"UOaljUbdk2TEFGD5ByPdTa+kvOa/+ecz0JGLxYYJx/E="},"indexInfo":{"baseKey":"BY7QPcDHtBgBqnYNF9hs0U0kt6wrAM2htBLjcsX4D3Et","baseKeyType":1,"closed":-1,"used":1686320105005,"created":1686320105005,"remoteIdentityKey":"BVxtKmi7cd7HI25DkI0gGcTEtY1jaIl5u9fDZ2IUSkol"},"_chains":{"BTMSxoZ7sqLAm6KJbK3QLLdJ9O42gjOVcWd20ghX/xth":{"chainKey":{"counter":1,"key":"UsAoLQVLsjhkYsDtKD6gbeLVmNiw5cs2y5eI2TX97qg="},"chainType":1,"messageKeys":{}}},"pendingPreKey":{"signedKeyId":14,"baseKey":"BY7QPcDHtBgBqnYNF9hs0U0kt6wrAM2htBLjcsX4D3Et","preKeyId":13437228}}},"version":"v1"}