{"_sessions":{"BYU2w75wXQkFkWiaHRV4TgWWJ/xFRsmdWURtEker2Tpm":{"registrationId":973865174,"currentRatchet":{"ephemeralKeyPair":{"pubKey":"BbA8RLEneeb61T0HHgLSVPQgvKRDewqQGkB7f6KepE8+","privKey":"qOQWb9vPiA5mTBYV+lmSaKgmDmY3ma/iXrSAsYLN528="},"lastRemoteEphemeralKey":"BfORpKD7EOJNw11ExuYzjaROGbFNRxYAz9leR9u4YYAj","previousCounter":0,"rootKey":"aOoqOBbghiWf9KmDv3H/2yerqMWggdN+8qSs8iO75oY="},"indexInfo":{"baseKey":"BYU2w75wXQkFkWiaHRV4TgWWJ/xFRsmdWURtEker2Tpm","baseKeyType":1,"closed":-1,"used":1686320105443,"created":1686320105443,"remoteIdentityKey":"Bdk7/zYW4Nrb5qwj0udvbY7uTo5UdKFQkWswBAQBlLMy"},"_chains":{"BbA8RLEneeb61T0HHgLSVPQgvKRDewqQGkB7f6KepE8+":{"chainKey":{"counter":1,"key":"djhd8lZGlbDZIBlJl2ypV+UBjhWJPxQ+QClMurKHVOQ="},"chainType":1,"messageKeys":{}}},"pendingPreKey":{"signedKeyId":2,"baseKey":"BYU2w75wXQkFkWiaHRV4TgWWJ/xFRsmdWURtEker2Tpm","preKeyId":956036}}},"version":"v1"}