{"_sessions":{"BRgQ/aCfwEyWOcKS1z4ILVoB0+lUZ/vehfd3EB8ky1sz":{"registrationId":1966336789,"currentRatchet":{"ephemeralKeyPair":{"pubKey":"BTSc68TEhVxA2x0c3xCmvkPIAD9SMmegzgH3O4BVvHxG","privKey":"uOKu2Q9hRC/z2MZHG2FZHXHy6D8E5dIutusU+A28CXo="},"lastRemoteEphemeralKey":"BbxZ+bEUXjscD/MPECxC9RO84digkRRcpMQdnhcHtw4i","previousCounter":0,"rootKey":"J+HwJwiUA1OgqrVtov0rt7HxY40d6t6lPVP+2J7N2Jk="},"indexInfo":{"baseKey":"BRgQ/aCfwEyWOcKS1z4ILVoB0+lUZ/vehfd3EB8ky1sz","baseKeyType":1,"closed":-1,"used":1686320105386,"created":1686320105386,"remoteIdentityKey":"BbqKdabn/XQRchBWIWvuNKiehLghi5Wx5na7RYvHk34J"},"_chains":{"BTSc68TEhVxA2x0c3xCmvkPIAD9SMmegzgH3O4BVvHxG":{"chainKey":{"counter":1,"key":"ohqq76Nr1JGvndkZAm92YFggSAl29NgDiCNP2rlcnhQ="},"chainType":1,"messageKeys":{}}},"pendingPreKey":{"signedKeyId":6,"baseKey":"BRgQ/aCfwEyWOcKS1z4ILVoB0+lUZ/vehfd3EB8ky1sz","preKeyId":11235276}}},"version":"v1"}