{"_sessions":{"Bc3y2IrgAZXXvxAX1rGnW+WovaN36cSlE6Cxzk7iGzY3":{"registrationId":1192532250,"currentRatchet":{"ephemeralKeyPair":{"pubKey":"BVkos17IIiazCp18DUxYeAGaROSZPHSqzqdpzX5Q3ZEP","privKey":"GKHKSYKi1OAiRjUSXHjCzNTyNt1e+yxwNFqRvsyuGWc="},"lastRemoteEphemeralKey":"BX8jaXmmtwlA/Fu4B+pBztOUZ2293nGy0nCUVwp5L6I9","previousCounter":0,"rootKey":"HSkEmfvVsYZygAXTSusMlMRiL2DxQbFbr1e9XLugRcI="},"indexInfo":{"baseKey":"Bc3y2IrgAZXXvxAX1rGnW+WovaN36cSlE6Cxzk7iGzY3","baseKeyType":1,"closed":-1,"used":1686320105699,"created":1686320105699,"remoteIdentityKey":"Ba6m2RpThgUZIFvJKaNBXCAXC7C1W4pKBYgF9JaORNRe"},"_chains":{"BVkos17IIiazCp18DUxYeAGaROSZPHSqzqdpzX5Q3ZEP":{"chainKey":{"counter":1,"key":"zjiKd5OA6UeFIUj/+sZlM7RnOhqJyBpzMLi5FbuH2NQ="},"chainType":1,"messageKeys":{}}},"pendingPreKey":{"signedKeyId":21,"baseKey":"Bc3y2IrgAZXXvxAX1rGnW+WovaN36cSlE6Cxzk7iGzY3","preKeyId":12029689}}},"version":"v1"}