{"_sessions":{"BUHzrR+Q6/nyTlpr8b9VxAdWhiD6AATtW0ZYD60ef9Nn":{"registrationId":1623481169,"currentRatchet":{"ephemeralKeyPair":{"pubKey":"BcmZDJJtnvFbwdsDu7lv6h3tG4ekZZ4qtQNxkPwXmO8A","privKey":"+NyJwokNabFbxFM5efuHKLyKG9vQ8jg7qpZh+tGlFVo="},"lastRemoteEphemeralKey":"BRP1eeKR3sC8coUfFhCwk8eGZkpTAhSq+cFz7E8JKAgb","previousCounter":0,"rootKey":"+e+ZAAFUf7tuGSDWXrwU/QSZfnZcvqzXL0vBqUn4TiU="},"indexInfo":{"baseKey":"BUHzrR+Q6/nyTlpr8b9VxAdWhiD6AATtW0ZYD60ef9Nn","baseKeyType":1,"closed":-1,"used":1686320105163,"created":1686320105163,"remoteIdentityKey":"Bd7+HGi3MPfBMMe35IhmjI7+jBFMrM0VOSbonYsiAMgu"},"_chains":{"BcmZDJJtnvFbwdsDu7lv6h3tG4ekZZ4qtQNxkPwXmO8A":{"chainKey":{"counter":1,"key":"e6p7q2cRB10dkD+6GlfeHeDTwhTeb3VjcLMsm8eUHj8="},"chainType":1,"messageKeys":{}}},"pendingPreKey":{"signedKeyId":2,"baseKey":"BUHzrR+Q6/nyTlpr8b9VxAdWhiD6AATtW0ZYD60ef9Nn","preKeyId":1135856}}},"version":"v1"}