{"_sessions":{"BYj4bNf876avFOFVTX+ughaHzzf6W7zW0L1n42hSzVQ5":{"registrationId":1328477992,"currentRatchet":{"ephemeralKeyPair":{"pubKey":"BTBPpAR97l2ifroHBYl6Xaf96eckjVJxZvZixMVGNfAm","privKey":"SKJRyEwLGVO9g3tuI72rXHrLzqkP/gHKQDXvogRx2Ho="},"lastRemoteEphemeralKey":"BS9R6UgaNcAIheAcEB9Ewa6NDt8QOioZRjqts4+jGpwE","previousCounter":0,"rootKey":"WGd4eD9z9tbWsX0zVT7KOHBQqfumT95zdl3NbOIB0lE="},"indexInfo":{"baseKey":"BYj4bNf876avFOFVTX+ughaHzzf6W7zW0L1n42hSzVQ5","baseKeyType":1,"closed":-1,"used":1686261586027,"created":1686261586027,"remoteIdentityKey":"BQyumRwmq82zQuIqbwpjtUqJg21BCyKRO18NgnY/gE1e"},"_chains":{"BTBPpAR97l2ifroHBYl6Xaf96eckjVJxZvZixMVGNfAm":{"chainKey":{"counter":837,"key":"cVKHYR7gAHHEZVTRwTQ8ukJFIui0Zu60BBoOGVrZouQ="},"chainType":1,"messageKeys":{}}},"pendingPreKey":{"signedKeyId":1,"baseKey":"BYj4bNf876avFOFVTX+ughaHzzf6W7zW0L1n42hSzVQ5"}}},"version":"v1"}