{"_sessions":{"BSLYRXImUpLam+i5cMjpR5Z1fkhKIEr/wwiC7r4dJDJc":{"registrationId":360594168,"currentRatchet":{"ephemeralKeyPair":{"pubKey":"BcA2jnQRnQiymdMFiVOwAhblNw6z5V9VgEMBzppoRiU8","privKey":"mHoY549zHGWqHp9O90cowNOWMpnod4Rn1uthH0MvQmk="},"lastRemoteEphemeralKey":"BTHuMRCQGc3rsPor5HW6OZJhjjPWV1macNI1UHGApIJq","previousCounter":0,"rootKey":"Da9r2Ch/FjAE9qo+Jn2GN1NyMwaTfXoWUDi80Z2Wgf8="},"indexInfo":{"baseKey":"BSLYRXImUpLam+i5cMjpR5Z1fkhKIEr/wwiC7r4dJDJc","baseKeyType":1,"closed":-1,"used":1686320105147,"created":1686320105147,"remoteIdentityKey":"BZ4ZBhOuJSs6F2/Umsod7s6Sy6xVSDOu9I/0Q10y/rM7"},"_chains":{"BcA2jnQRnQiymdMFiVOwAhblNw6z5V9VgEMBzppoRiU8":{"chainKey":{"counter":1,"key":"pOg760Bs6w9lopqMM2Dq/V5T0X8z2xQ8dbQbFd8tfvk="},"chainType":1,"messageKeys":{}}},"pendingPreKey":{"signedKeyId":0,"baseKey":"BSLYRXImUpLam+i5cMjpR5Z1fkhKIEr/wwiC7r4dJDJc","preKeyId":10093912}}},"version":"v1"}