{"_sessions":{"BUxuyYER4V2EzNCeF416lB0nH+iDiMSWFhGGg0lRASUw":{"registrationId":823948993,"currentRatchet":{"ephemeralKeyPair":{"pubKey":"BdZzbxfOeSEAtPMbicIWbDn8tVVM5z/yYPIme5L0DMFc","privKey":"eCw0sHXvUqu0pRjSkBk/HF9G/6eL6eEfXPUCrbJsRXE="},"lastRemoteEphemeralKey":"BRJmBfVSJBN7lwTRTAiILs7mH5Rb1N+jNdFnydEev4Q8","previousCounter":0,"rootKey":"rJ/t9LJQBH580YUCl0/nXS9YRy/qyLJ5+k33HCfjhFM="},"indexInfo":{"baseKey":"BUxuyYER4V2EzNCeF416lB0nH+iDiMSWFhGGg0lRASUw","baseKeyType":1,"closed":-1,"used":1686320105176,"created":1686320105176,"remoteIdentityKey":"BXUZ96VvKTL7Jeq4d3HGfotKfzpP97K1ug4yWk1TVZYV"},"_chains":{"BdZzbxfOeSEAtPMbicIWbDn8tVVM5z/yYPIme5L0DMFc":{"chainKey":{"counter":1,"key":"tl21dgzIwHwvmH+/n+9cjXu0dg3hxJcSmH68bitR3m4="},"chainType":1,"messageKeys":{}}},"pendingPreKey":{"signedKeyId":10,"baseKey":"BUxuyYER4V2EzNCeF416lB0nH+iDiMSWFhGGg0lRASUw","preKeyId":3479196}}},"version":"v1"}