{"_sessions":{"BfpGSZx5ect3IGxm02ttg0eDrPQUzQRcKkVbrpezToE/":{"registrationId":394247881,"currentRatchet":{"ephemeralKeyPair":{"pubKey":"BQ7L+uOBQ0T8NjRzKIhGAUEnS5GGEW2Oyj3kItsEIZs/","privKey":"6Ouo9+/7Q0fAW7kKRGxg5khEUsugLM3mPMV8NNXXjVs="},"lastRemoteEphemeralKey":"BUbt8Tggs0UFnLlon2Z8EW5j11cbsy6V32u2rhqmeTF+","previousCounter":0,"rootKey":"HA9wQ1Jh9hdt2Gzn+38E19ArlwqC/TybAm4qFUgNK1I="},"indexInfo":{"baseKey":"BfpGSZx5ect3IGxm02ttg0eDrPQUzQRcKkVbrpezToE/","baseKeyType":1,"closed":-1,"used":1686320105599,"created":1686320105599,"remoteIdentityKey":"BewCFQSIKF0J87cf90c9QU61VDbQ6viFHNQB1W8kG2sb"},"_chains":{"BQ7L+uOBQ0T8NjRzKIhGAUEnS5GGEW2Oyj3kItsEIZs/":{"chainKey":{"counter":1,"key":"idEhVeBzCyN/qOJzBjqzIYNWjnNmz6C+x6BrsHSzJj4="},"chainType":1,"messageKeys":{}}},"pendingPreKey":{"signedKeyId":15,"baseKey":"BfpGSZx5ect3IGxm02ttg0eDrPQUzQRcKkVbrpezToE/"}}},"version":"v1"}