{"_sessions":{"BVqdcWlKPqIfa314v4aJPvFV4Q95EwvGJcPwBmkgW7V3":{"registrationId":1910349670,"currentRatchet":{"ephemeralKeyPair":{"pubKey":"BbVotOGLk8Fv6NTqF9HEtLZnvy2C10h2qj/fwVJPfdI/","privKey":"SG5DPRfHjhToOpQC8ouPIPPxe1REUJyMU9P7ofSB22A="},"lastRemoteEphemeralKey":"BflFBlrz0Mh2HIzj0oGjsABs7RW627WLjfRsGB136QAX","previousCounter":0,"rootKey":"MBJwo0PW0US2yKcQS+dHWRgK3T2OEfkWB9nZ3xFb8k0="},"indexInfo":{"baseKey":"BVqdcWlKPqIfa314v4aJPvFV4Q95EwvGJcPwBmkgW7V3","baseKeyType":1,"closed":-1,"used":1686320104826,"created":1686320104826,"remoteIdentityKey":"BR77Z/PUgellI8EAWS0RQFy6KQMQ1QsKJX0cC/tP3xwL"},"_chains":{"BbVotOGLk8Fv6NTqF9HEtLZnvy2C10h2qj/fwVJPfdI/":{"chainKey":{"counter":1,"key":"tvijvprLedLkiIpbu7MoDFWx+6uvR/SM3tEpJUHgQSY="},"chainType":1,"messageKeys":{}}},"pendingPreKey":{"signedKeyId":1,"baseKey":"BVqdcWlKPqIfa314v4aJPvFV4Q95EwvGJcPwBmkgW7V3","preKeyId":4347840}}},"version":"v1"}