{"_sessions":{"BWSXJrq2+Dxo9IgmaXkC3FXx77j3SKE9q77BGEKC6XR9":{"registrationId":661213109,"currentRatchet":{"ephemeralKeyPair":{"pubKey":"BdvztQw8al9YQNjbvKrEqu9fSsARANoXN4FL5RIeb5Ic","privKey":"6FsY8X/Go53XNNwN9O1hSVauJ3/oPSVKMhSJQcy3pmo="},"lastRemoteEphemeralKey":"BUD9wWlXS5+PMlWMdRkLG5gEHhWLG7Oyup/IWaHLYJFS","previousCounter":0,"rootKey":"6Tz95EY2rHKq9HK9W/dzlSHmgFZq+ZKNJIiX8uY+aGs="},"indexInfo":{"baseKey":"BWSXJrq2+Dxo9IgmaXkC3FXx77j3SKE9q77BGEKC6XR9","baseKeyType":1,"closed":-1,"used":1686320105104,"created":1686320105104,"remoteIdentityKey":"BS3I5fM5UPo32LDZMosF1XXDkt108DBfOWUgBVEh1y40"},"_chains":{"BdvztQw8al9YQNjbvKrEqu9fSsARANoXN4FL5RIeb5Ic":{"chainKey":{"counter":1,"key":"WGvdChF9iET2zIBzgCP4ttqJ4bwmjY/eVgO80dasO+g="},"chainType":1,"messageKeys":{}}},"pendingPreKey":{"signedKeyId":28,"baseKey":"BWSXJrq2+Dxo9IgmaXkC3FXx77j3SKE9q77BGEKC6XR9","preKeyId":4280556}}},"version":"v1"}