{"_sessions":{"BZPp4k83D7kiNwF/h0zWiBPE3nx5UFRXJC0gZTEeFPBE":{"registrationId":123456325,"currentRatchet":{"ephemeralKeyPair":{"pubKey":"BZPBl/Ctp7774AEuybnNSUrAIBydizJlU6nAfGTZ+UFl","privKey":"8JB3hHvKq9S93HgsSjSEJDqgwcqbmAU9j36yM44OQG0="},"lastRemoteEphemeralKey":"BZC47eB8WCUHFu8m4nlgufgsFk860U2PJlazHrsAycMM","previousCounter":0,"rootKey":"ojOOGkevqtH+Vma/zRprA1XffS82sVg+kGseZnBJkVE="},"indexInfo":{"baseKey":"BZPp4k83D7kiNwF/h0zWiBPE3nx5UFRXJC0gZTEeFPBE","baseKeyType":1,"closed":-1,"used":1686274793959,"created":1686274793959,"remoteIdentityKey":"BeFfCrGAP95irw75bHnK3TgD/v3A6J3tGSFgZgozh1Bw"},"_chains":{"BZPBl/Ctp7774AEuybnNSUrAIBydizJlU6nAfGTZ+UFl":{"chainKey":{"counter":2,"key":"YVXUcplNo4sUNfocyKXITeyEZLn9j9C7XoIoDy3LllI="},"chainType":1,"messageKeys":{}}},"pendingPreKey":{"signedKeyId":0,"baseKey":"BZPp4k83D7kiNwF/h0zWiBPE3nx5UFRXJC0gZTEeFPBE","preKeyId":9556265}}},"version":"v1"}