{"_sessions":{"BcQyzo2rzfWZPRbwyCnM+wNSnSSRiAebqek4oKK+zDAH":{"registrationId":454192185,"currentRatchet":{"ephemeralKeyPair":{"pubKey":"BfH5EwpSL7HmVVXngr9mbigE3J1iKZnRPlNQn2USv+Ia","privKey":"QDpRPp775VdzJ74jL3TsfxkxjVst1n9HaRiH3zr3UXg="},"lastRemoteEphemeralKey":"BYqcfVHjj/yt8jsa9tbPogQw6/ljvt2xNNdYMGctpkt8","previousCounter":0,"rootKey":"4DnapNC+R7wdii5ieR+XiiZujPnxok7OK63PLWwdn7g="},"indexInfo":{"baseKey":"BcQyzo2rzfWZPRbwyCnM+wNSnSSRiAebqek4oKK+zDAH","baseKeyType":1,"closed":-1,"used":1686320105886,"created":1686320105886,"remoteIdentityKey":"BXrANJxncRQzlUlqID54wnNEy/b9KIPHItsVGQOAvmIG"},"_chains":{"BfH5EwpSL7HmVVXngr9mbigE3J1iKZnRPlNQn2USv+Ia":{"chainKey":{"counter":1,"key":"bm7TkLSKb0sy8tVmYmp9eIKCDaYCMeIjvWkzdv8PJYg="},"chainType":1,"messageKeys":{}}},"pendingPreKey":{"signedKeyId":0,"baseKey":"BcQyzo2rzfWZPRbwyCnM+wNSnSSRiAebqek4oKK+zDAH","preKeyId":9325753}}},"version":"v1"}