{"_sessions":{"BRM3fI66IODd+zTtdmexOdqWsbiFSGFOvfLCWooFzMca":{"registrationId":1530523641,"currentRatchet":{"ephemeralKeyPair":{"pubKey":"BVH1XxvCD6yHRi0Ddhxhon9045yAfNqgBEXImXe2tMQl","privKey":"4M6GI4TFOu+AOSCtJf3bUGhP6zOGd1nXBo9Dds1ZT0o="},"lastRemoteEphemeralKey":"BWCnu2uWtq/L+Fx6EfqHstSUxhQX3+WMnfnyvzrmoLl5","previousCounter":0,"rootKey":"H22+gX5kVwF8UBE+49wLobj4ZZjpTpS9C6Ac1I1WKxs="},"indexInfo":{"baseKey":"BRM3fI66IODd+zTtdmexOdqWsbiFSGFOvfLCWooFzMca","baseKeyType":1,"closed":-1,"used":1686320105572,"created":1686320105572,"remoteIdentityKey":"Bb67qR0HHavCYjbk6k65ydLgPmy50hrQV8HxdgGtI1tv"},"_chains":{"BVH1XxvCD6yHRi0Ddhxhon9045yAfNqgBEXImXe2tMQl":{"chainKey":{"counter":1,"key":"FcZkQIBrvB3nXaNiLNrieM2Npo+MRnMjrxz2dwW0Rbk="},"chainType":1,"messageKeys":{}}},"pendingPreKey":{"signedKeyId":0,"baseKey":"BRM3fI66IODd+zTtdmexOdqWsbiFSGFOvfLCWooFzMca","preKeyId":13840698}}},"version":"v1"}