{"_sessions":{"BWhqj27kQykks9TGxe8XNzild8B8f6MKPzABpQ4QYzU0":{"registrationId":1536879099,"currentRatchet":{"ephemeralKeyPair":{"pubKey":"Bcy/Nyt1cM6JLOoERxcZ2iekHI2k7gJWf8w2hA6zEyVv","privKey":"WOJjNml254eOeQZQbngx7FBuAKSYnDit8GNCxBbqQH4="},"lastRemoteEphemeralKey":"BbI7iSmxZ6v59eVeCHsrUCbGXcLgkcttBVyAk3OABsYk","previousCounter":0,"rootKey":"3znFIlJweAc9q5oqHS0Q0CbHZzOGdyBCoFsV4RczvUw="},"indexInfo":{"baseKey":"BWhqj27kQykks9TGxe8XNzild8B8f6MKPzABpQ4QYzU0","baseKeyType":1,"closed":-1,"used":1686320105927,"created":1686320105927,"remoteIdentityKey":"BZt6C2YxvvSCf+mwKXHca+KAErpYqYX5/XtISh9PWR9a"},"_chains":{"Bcy/Nyt1cM6JLOoERxcZ2iekHI2k7gJWf8w2hA6zEyVv":{"chainKey":{"counter":1,"key":"c0Uz6jBP+IAnkWUxWp3ld195Yfhs+2y7NmCLfkPcXxw="},"chainType":1,"messageKeys":{}}},"pendingPreKey":{"signedKeyId":2,"baseKey":"BWhqj27kQykks9TGxe8XNzild8B8f6MKPzABpQ4QYzU0"}}},"version":"v1"}