{"_sessions":{"BRaor+2q6vnpsXA8wKXvPKZbghPKJPKHL25kqYkl0atH":{"registrationId":382668448,"currentRatchet":{"ephemeralKeyPair":{"pubKey":"BUfduFtB4PKIFURI12BxOOvN6/XtgZFjbt50s1v1kiAi","privKey":"KPleBCVnoJDPygDP6rR/1Yy/L9ZTrvWBSVrQkAvTeWE="},"lastRemoteEphemeralKey":"Bb/OofVWnEhbidtAEryBXZWZe0iAJzzLkQaMRJVlVck2","previousCounter":0,"rootKey":"zcqJw9owriE+9kE8v9+Ivg5aToP3NdJ07JwvtWTfDEU="},"indexInfo":{"baseKey":"BRaor+2q6vnpsXA8wKXvPKZbghPKJPKHL25kqYkl0atH","baseKeyType":1,"closed":-1,"used":1686282055605,"created":1686282055605,"remoteIdentityKey":"BRl/nfqClRHpMj0Rm+5pqvTqgraxwSJ3hmTSymbRgE1Y"},"_chains":{"BUfduFtB4PKIFURI12BxOOvN6/XtgZFjbt50s1v1kiAi":{"chainKey":{"counter":0,"key":"MqzKa/7nOakZXhsBq56FaChktdSthzvMM08pdWP81ro="},"chainType":1,"messageKeys":{}}},"pendingPreKey":{"signedKeyId":2,"baseKey":"BRaor+2q6vnpsXA8wKXvPKZbghPKJPKHL25kqYkl0atH","preKeyId":2159593}}},"version":"v1"}