{"_sessions":{"BaswSBpciWzqdVe8TZZljEbuL4nzMatuoY/rDR5TzxwU":{"registrationId":463228987,"currentRatchet":{"ephemeralKeyPair":{"pubKey":"Bcv3AiUKwIeGEaYZRrQO85x9lckhNJ003LueuXhxX0My","privKey":"AKRnxZVeUjLjWHPguUkdXy6ODuboYuGqIQsNNo3fmHk="},"lastRemoteEphemeralKey":"Bd8tvG1AVtVHJIBGU6MCc8eSwNJ0igNeht47YfS3GLNk","previousCounter":0,"rootKey":"/RJgcDFxsiE3+9GLLM+qUGwujDXDwwWZY2uiMSa2h2U="},"indexInfo":{"baseKey":"BaswSBpciWzqdVe8TZZljEbuL4nzMatuoY/rDR5TzxwU","baseKeyType":1,"closed":-1,"used":1686320105907,"created":1686320105907,"remoteIdentityKey":"BYT7SnuiNQ/r4l4yV8y3LpzqHBqJWS0qIL/iRo1g+Pxh"},"_chains":{"Bcv3AiUKwIeGEaYZRrQO85x9lckhNJ003LueuXhxX0My":{"chainKey":{"counter":1,"key":"Fl04VtjiVgwjypArB/cYmCxmIqNBdcjAU70uR6+QCUY="},"chainType":1,"messageKeys":{}}},"pendingPreKey":{"signedKeyId":7,"baseKey":"BaswSBpciWzqdVe8TZZljEbuL4nzMatuoY/rDR5TzxwU","preKeyId":4954988}}},"version":"v1"}