{"_sessions":{"BfOqYvtRHCX0vGEBOd2lYZgh67G1Hnn8Q3L76+DS8qV9":{"registrationId":14985,"currentRatchet":{"ephemeralKeyPair":{"pubKey":"BfGxZIpBqcCSQvOy4RVchxOawUdDch9V1bra4JTh2Sh5","privKey":"QDPnyQboUS3gcMZcOI6AlpG03tGVZfIf//sznqAsbkk="},"lastRemoteEphemeralKey":"BZkQPefxroIAbpO0mXGvy98ePPe9aj03eOxxp++HgQI+","previousCounter":0,"rootKey":"959jRckGmEpDFx3wxLlatx25uz6CkXeDXKZgp0WpdPo="},"indexInfo":{"baseKey":"BfOqYvtRHCX0vGEBOd2lYZgh67G1Hnn8Q3L76+DS8qV9","baseKeyType":1,"closed":-1,"used":1686274793624,"created":1686274793624,"remoteIdentityKey":"BZ5mlwCUlWhYl/E+SbCp3vNhsosobUOjXObn+dDfZGh/"},"_chains":{"BfGxZIpBqcCSQvOy4RVchxOawUdDch9V1bra4JTh2Sh5":{"chainKey":{"counter":2,"key":"/EMV6SA0VMK7N1OCZTFofkyPZ+7K0M/9vd7ffRS2ivY="},"chainType":1,"messageKeys":{}}},"pendingPreKey":{"signedKeyId":1,"baseKey":"BfOqYvtRHCX0vGEBOd2lYZgh67G1Hnn8Q3L76+DS8qV9","preKeyId":980}}},"version":"v1"}