{"_sessions":{"BUEp2yUCX6zQKkxUKhTAFUfhHNgaAcT88gAEW38LfX4m":{"registrationId":1515438457,"currentRatchet":{"ephemeralKeyPair":{"pubKey":"BXS06bvABDLcUHwIUKCdfnb+2BY3lfm8UBToqQ8lpHoQ","privKey":"mFlCr9qZOC1r/NAdHAnm4VSjMW74SVgF5g9JOKqE3Gc="},"lastRemoteEphemeralKey":"BYFSztX+WqumhlrSKFQI7zw+qjT6W/z0JIWjq0XXoNlH","previousCounter":0,"rootKey":"xPJCYLe/W/SSv8jVfY9bpH5v0vmQH3/GOkWHf3aIwHI="},"indexInfo":{"baseKey":"BUEp2yUCX6zQKkxUKhTAFUfhHNgaAcT88gAEW38LfX4m","baseKeyType":1,"closed":-1,"used":1686320105457,"created":1686320105457,"remoteIdentityKey":"BRIZPJypWKcnfwiSUR43Stp2SfQepnBoIffvQW6e3ABz"},"_chains":{"BXS06bvABDLcUHwIUKCdfnb+2BY3lfm8UBToqQ8lpHoQ":{"chainKey":{"counter":1,"key":"vfA2GvPgqz9AMc7vlpFh3JVAqM5qEzVkkcw1zee9km8="},"chainType":1,"messageKeys":{}}},"pendingPreKey":{"signedKeyId":14,"baseKey":"BUEp2yUCX6zQKkxUKhTAFUfhHNgaAcT88gAEW38LfX4m","preKeyId":912392}}},"version":"v1"}