{"_sessions":{"BWBlXfs9Nk0ncl7McfWGzhNBdghJG6nwYul9vcgN0KZ7":{"registrationId":1394706711,"currentRatchet":{"ephemeralKeyPair":{"pubKey":"BSzrVfJmTW8f5zML1zHdLOui0s6ARPM+/0uyCjstNCBQ","privKey":"sBGZDlEMsi7aGGH2M7gY65Qpztq8hRN0eeLQYSpe1FI="},"lastRemoteEphemeralKey":"BVcv1isQKuLC/I0BlRwruOgyJ7zbzofAq6Vm6MZFqNhg","previousCounter":0,"rootKey":"e2NLDK8YdbzaLZtMoGIOcncy00TWXbnUrMLJ/+vc5Ck="},"indexInfo":{"baseKey":"BWBlXfs9Nk0ncl7McfWGzhNBdghJG6nwYul9vcgN0KZ7","baseKeyType":1,"closed":-1,"used":1686320105255,"created":1686320105255,"remoteIdentityKey":"BbhycnAOCOyLMmXz6OyHxCW4ws1n3bfGZGkuFinDfyh5"},"_chains":{"BSzrVfJmTW8f5zML1zHdLOui0s6ARPM+/0uyCjstNCBQ":{"chainKey":{"counter":1,"key":"x/6FPHOWAHLP18XjHxzQ7FpLRc7MAIACXBBTuEE9/K4="},"chainType":1,"messageKeys":{}}},"pendingPreKey":{"signedKeyId":15,"baseKey":"BWBlXfs9Nk0ncl7McfWGzhNBdghJG6nwYul9vcgN0KZ7","preKeyId":14327477}}},"version":"v1"}