{"_sessions":{"BaDbc+WmQDqezIKyJ97xg6htPrGFqGkQNm10BrHJyQFT":{"registrationId":980877961,"currentRatchet":{"ephemeralKeyPair":{"pubKey":"BXpPQaYFq75L86mozxqsRIleFZdhc2jRsJbgiL29mJ07","privKey":"4ARWgrq+kDV03kNCLmdqB6BDDwk5vIl5/+UrusHbDXg="},"lastRemoteEphemeralKey":"BV+shG4TI2W5aesSH4HNv+SVssQmhDVAeCj6+0QHdmg4","previousCounter":0,"rootKey":"f5wUPwaCJdG0YSHA1hteUvCQAvM+hk9hC41pHi2i79A="},"indexInfo":{"baseKey":"BaDbc+WmQDqezIKyJ97xg6htPrGFqGkQNm10BrHJyQFT","baseKeyType":1,"closed":-1,"used":1686274793980,"created":1686274793980,"remoteIdentityKey":"Ba6Mww0DnI3rWeWldwh4I5BEGKafufveQP4UCCqy9WRT"},"_chains":{"BXpPQaYFq75L86mozxqsRIleFZdhc2jRsJbgiL29mJ07":{"chainKey":{"counter":2,"key":"tzhebRwGnHtAig7DJJFxKt7AM0IJlD4xv81voGmViDE="},"chainType":1,"messageKeys":{}}},"pendingPreKey":{"signedKeyId":0,"baseKey":"BaDbc+WmQDqezIKyJ97xg6htPrGFqGkQNm10BrHJyQFT","preKeyId":15461195}}},"version":"v1"}