{"_sessions":{"BSp3mXTOAK3s237AqlUKYe7NeKT0lU9qGuITDs6yCb9w":{"registrationId":1671980282,"currentRatchet":{"ephemeralKeyPair":{"pubKey":"BblfGmG7o4GA/ZJDXW3UxDl/MNNBglirlr70vh4Vm2w0","privKey":"kH/vCJIrQY6VljOahuXAsCP4Ss70ZCwi8PpFedMtA1w="},"lastRemoteEphemeralKey":"BVAMGUSd8B11HZ+s7S/V+3UHTmy5Bh/5DLe7PfDDCR4v","previousCounter":0,"rootKey":"JEXK8ORbrwdTUHBs7ijCktuZSK/Fd/ztCQxm7KU9Gjk="},"indexInfo":{"baseKey":"BSp3mXTOAK3s237AqlUKYe7NeKT0lU9qGuITDs6yCb9w","baseKeyType":1,"closed":-1,"used":1686320105429,"created":1686320105429,"remoteIdentityKey":"BWqNSgiPVcGQ0ol6PbTcOP4iR0bkr0bXZ0/kQqddp9pF"},"_chains":{"BblfGmG7o4GA/ZJDXW3UxDl/MNNBglirlr70vh4Vm2w0":{"chainKey":{"counter":1,"key":"s0E+0kSQSwqanjAzpp7idS+1z+8g8QYDozOYc15cGtg="},"chainType":1,"messageKeys":{}}},"pendingPreKey":{"signedKeyId":3,"baseKey":"BSp3mXTOAK3s237AqlUKYe7NeKT0lU9qGuITDs6yCb9w","preKeyId":8766048}}},"version":"v1"}