{"_sessions":{"BQ8dquBB/BPKAOmfkHTyDhp9Cmjl8H7kV1f9/d+TPkgQ":{"registrationId":687782691,"currentRatchet":{"ephemeralKeyPair":{"pubKey":"BXpv++ljPfWaf/fscusOAeolaMu6CG8EcWlvZfv8dpk6","privKey":"CF5qN6/hCLcTgWybtYZi+wRs5p5aUoAUHw5VSmP92lA="},"lastRemoteEphemeralKey":"BdLJjP3S/kyJcUKR7ksT6tSAKi/4xxJg2fZavScV+s4T","previousCounter":0,"rootKey":"XOfGjJeFMDtE1H9sRIwKLDcpzQqi6wkFncvUCCnukW4="},"indexInfo":{"baseKey":"BQ8dquBB/BPKAOmfkHTyDhp9Cmjl8H7kV1f9/d+TPkgQ","baseKeyType":1,"closed":-1,"used":1686320105511,"created":1686320105511,"remoteIdentityKey":"BVfAaFwjlMB08bdBrJvfx0crHAw1tyRkEvqOwItJ84NL"},"_chains":{"BXpv++ljPfWaf/fscusOAeolaMu6CG8EcWlvZfv8dpk6":{"chainKey":{"counter":1,"key":"DY2z1LIbV4NtTu8tnHjlSkkN14iKFA+U7rj7/FsbrXM="},"chainType":1,"messageKeys":{}}},"pendingPreKey":{"signedKeyId":6,"baseKey":"BQ8dquBB/BPKAOmfkHTyDhp9Cmjl8H7kV1f9/d+TPkgQ"}}},"version":"v1"}