{"_sessions":{"BbRhmJnYRFFI7PpzUCUw0M8liRAYB49+6l9z+nsV+vI+":{"registrationId":924339917,"currentRatchet":{"ephemeralKeyPair":{"pubKey":"BWoAjQ3zaBW2FXWzDPR/dLjM9tG1sMWubVXnHUsYqHx6","privKey":"wPxahrAm5cf3IDia843Tehov5Iv58tXTBYvGtETktWE="},"lastRemoteEphemeralKey":"BWtw8mY1vww5tpKMbRiQmLz/igNKwRRmP9eB/vMDEHsb","previousCounter":0,"rootKey":"yS6N7XB1Xz6v6aU8c/XA9CI08PsaTu0aZ0FtS36UiNU="},"indexInfo":{"baseKey":"BbRhmJnYRFFI7PpzUCUw0M8liRAYB49+6l9z+nsV+vI+","baseKeyType":1,"closed":-1,"used":1686320105818,"created":1686320105818,"remoteIdentityKey":"Bej0asg7xRdvmYrOVDWgRn7wE12gvqwvv2JTYoj4F5Ip"},"_chains":{"BWoAjQ3zaBW2FXWzDPR/dLjM9tG1sMWubVXnHUsYqHx6":{"chainKey":{"counter":1,"key":"+1OMekNThaP+KqzWPs/4Ro54Ym2FDYW4SPIlYcUgZfg="},"chainType":1,"messageKeys":{}}},"pendingPreKey":{"signedKeyId":3,"baseKey":"BbRhmJnYRFFI7PpzUCUw0M8liRAYB49+6l9z+nsV+vI+","preKeyId":7428982}}},"version":"v1"}