{"_sessions":{"Be2MIdq6SsvwmtgnCcKcyURFUXHuuG2XKawjKiwi0N91":{"registrationId":1865056826,"currentRatchet":{"ephemeralKeyPair":{"pubKey":"BejBtqZ7Z/pSmw3s4ut24aySvf/C8/2WoESKOa9M+c9Z","privKey":"oGdi8OSHZ96Rofeb9DYIHNBdJZKQd9oVfbPinJ38aFA="},"lastRemoteEphemeralKey":"BXdoNZbz2gufYTVJzt8cZ7iqsT5Sfq2Fucmjjkw467Ba","previousCounter":0,"rootKey":"+gNSP7zDz96tBfOyhlx4GtuHLATXbfJO/YfqUa7eZM4="},"indexInfo":{"baseKey":"Be2MIdq6SsvwmtgnCcKcyURFUXHuuG2XKawjKiwi0N91","baseKeyType":1,"closed":-1,"used":1686320105917,"created":1686320105917,"remoteIdentityKey":"BXBiPlUbnf6z7DL10L8lnsJQ2GF/HgWMBIJfwUVqiPlF"},"_chains":{"BejBtqZ7Z/pSmw3s4ut24aySvf/C8/2WoESKOa9M+c9Z":{"chainKey":{"counter":1,"key":"2cYZ+OBwPMIjYY/QG8bOTmIa3w4lZzE9857LjCfYMfI="},"chainType":1,"messageKeys":{}}},"pendingPreKey":{"signedKeyId":11,"baseKey":"Be2MIdq6SsvwmtgnCcKcyURFUXHuuG2XKawjKiwi0N91"}}},"version":"v1"}