{"_sessions":{"BVjDtdOcPW6USYi/2prsmHZ+Zst9Q0lJ+ILRfcvwkENR":{"registrationId":992099077,"currentRatchet":{"ephemeralKeyPair":{"pubKey":"BR61gHQkEiYc2zBtBoUUKloqEfNYlZDorDrlJTWLzqAl","privKey":"6EKUE/2hTQSCKFsm8UDuxzbF5nH4oRBjdfJ4ZUo3Alg="},"lastRemoteEphemeralKey":"BYMvQUrgCzSJqzJnPZeOrXfVUVochbeBW7WDuT85ur4P","previousCounter":0,"rootKey":"ONo2Uma/khSvUq5cPVNtd58+qCyxCIt+LVQGpKKYJB0="},"indexInfo":{"baseKey":"BVjDtdOcPW6USYi/2prsmHZ+Zst9Q0lJ+ILRfcvwkENR","baseKeyType":1,"closed":-1,"used":1686320105648,"created":1686320105648,"remoteIdentityKey":"BXAVsd1hM/+csZs1+ckO5srWKEO8jCIBMnFn312Zi/l9"},"_chains":{"BR61gHQkEiYc2zBtBoUUKloqEfNYlZDorDrlJTWLzqAl":{"chainKey":{"counter":1,"key":"hFsWMvYD5ijnlwcWCYew2LxgKOAuB+0KaWW7p5sYLbc="},"chainType":1,"messageKeys":{}}},"pendingPreKey":{"signedKeyId":8,"baseKey":"BVjDtdOcPW6USYi/2prsmHZ+Zst9Q0lJ+ILRfcvwkENR"}}},"version":"v1"}