{"_sessions":{"Bavzg7lQFCv0Dzl0g5CoLmzKH1lTr6ED0Af0z59NaJBd":{"registrationId":1564816486,"currentRatchet":{"ephemeralKeyPair":{"pubKey":"BfczHnsPqEbs3NyAKzlvsKWxB/o5/t2cxZ28pQeuqtYW","privKey":"SJKUQtmVOSoGw1MokME7tCMIJyybTdkXB2CT+zobl2M="},"lastRemoteEphemeralKey":"BYRdGaMcAR9UHd4hTptyzfrsd7e9kH9NzZabtvbHaIgO","previousCounter":0,"rootKey":"q223KyTCjx7VTAXJPh9kZcoDrkVxyUSaIVJYgu8oyIE="},"indexInfo":{"baseKey":"Bavzg7lQFCv0Dzl0g5CoLmzKH1lTr6ED0Af0z59NaJBd","baseKeyType":1,"closed":-1,"used":1686320105361,"created":1686320105361,"remoteIdentityKey":"Bf2aUCmSWm6dWDQXJASyOxl2kA64Sv3Um2OR1dWXj8J1"},"_chains":{"BfczHnsPqEbs3NyAKzlvsKWxB/o5/t2cxZ28pQeuqtYW":{"chainKey":{"counter":1,"key":"byf4liSUEytmtjSYc05pXhNwe+3tZfIvnUWQYFRAClk="},"chainType":1,"messageKeys":{}}},"pendingPreKey":{"signedKeyId":23,"baseKey":"Bavzg7lQFCv0Dzl0g5CoLmzKH1lTr6ED0Af0z59NaJBd","preKeyId":9344482}}},"version":"v1"}