{"_sessions":{"Be42+nmRwysZ66kw5+NW8Woy/uBkvnQgEPBnxd5PMGd7":{"registrationId":1845687609,"currentRatchet":{"ephemeralKeyPair":{"pubKey":"BUYxVWK/99cDGIrN/hGZu33ONGDu3BqlFjqLEYeGIFAZ","privKey":"yDM4gizA4a69KZrwvCHFDCZnQiKhHqPCi54PdnxvC0Q="},"lastRemoteEphemeralKey":"BcIb7xVDSZFfUqSHYRVJge+ZwInAgMkYlICfWmM4iKsf","previousCounter":0,"rootKey":"5jevtzXJb2yGvxNmWqt9UtdKzWFlQo9jBWVPe7VGnHk="},"indexInfo":{"baseKey":"Be42+nmRwysZ66kw5+NW8Woy/uBkvnQgEPBnxd5PMGd7","baseKeyType":1,"closed":-1,"used":1686320104932,"created":1686320104932,"remoteIdentityKey":"BRacLCm6X1YnIDLPdBnz8MGG5PW7wQmSleo7GkN3Cm90"},"_chains":{"BUYxVWK/99cDGIrN/hGZu33ONGDu3BqlFjqLEYeGIFAZ":{"chainKey":{"counter":1,"key":"gP9EKmk1jyjG7h2pmAjNZOr009g5Pq9U1ombFVzyAYI="},"chainType":1,"messageKeys":{}}},"pendingPreKey":{"signedKeyId":14,"baseKey":"Be42+nmRwysZ66kw5+NW8Woy/uBkvnQgEPBnxd5PMGd7","preKeyId":1122058}}},"version":"v1"}