{"_sessions":{"BYfPJ1eMkAng2Xv58sXliPyE0WGOwE4WwMUwHcTTqLE1":{"registrationId":1232843643,"currentRatchet":{"ephemeralKeyPair":{"pubKey":"BVEvd5EB2YOjcUaP8WtdATrs7UD7bN6sFU3o1lZHe2s6","privKey":"UMMrUM63Nk13jAiXnbSC1HcicBbZzHl1kFhrQZH3lUo="},"lastRemoteEphemeralKey":"BVvwGIDzMvmL08kSTvN/qVPnl2O8CljhAM6whSufLR43","previousCounter":0,"rootKey":"Yaud+faR/XGAPhX0A7IkTpZuZu6NuqlsCgH4UZQ53T0="},"indexInfo":{"baseKey":"BYfPJ1eMkAng2Xv58sXliPyE0WGOwE4WwMUwHcTTqLE1","baseKeyType":2,"closed":-1,"used":1686320089842,"created":1686320089842,"remoteIdentityKey":"Be3lLdq7+Fg4J1BhVKnst+/593NpV6Aal8mvW86bVWwM"},"_chains":{"BVvwGIDzMvmL08kSTvN/qVPnl2O8CljhAM6whSufLR43":{"chainKey":{"counter":0,"key":"m64FNl0aMMnh9ni7z74v2TAHFDcnMZ0dYNcrLY+dDTA="},"chainType":2,"messageKeys":{}},"BVEvd5EB2YOjcUaP8WtdATrs7UD7bN6sFU3o1lZHe2s6":{"chainKey":{"counter":1,"key":"haswodyLgIRhfjytHdtLQyMPp6NwSh+Y9qMVG3LUOMM="},"chainType":1,"messageKeys":{}}}}},"version":"v1"}