{"_sessions":{"BeriA6qS2BijCwgAGrVX4DdOGST6HLiz22QlrVpy+N4U":{"registrationId":620796429,"currentRatchet":{"ephemeralKeyPair":{"pubKey":"BXXM6h01OYVdHGm96DEF/rwAEl9zlGffoM0/xfMURzFm","privKey":"EGp1ktq5quaRnHvOiY84tr/4c8LIgcCs+TwW8vMe1lI="},"lastRemoteEphemeralKey":"Bd7mYBfJj6poTaokyHBeEG8U07Tnc8qPqxNX/q5t/jh8","previousCounter":0,"rootKey":"WZO7F4rY3ga4END6odqxeI0iduIKPY3EqILW+ajHoBA="},"indexInfo":{"baseKey":"BeriA6qS2BijCwgAGrVX4DdOGST6HLiz22QlrVpy+N4U","baseKeyType":1,"closed":-1,"used":1686274793991,"created":1686274793991,"remoteIdentityKey":"BX+71n/Ck276c4gE0R1i+cL6+8jEDKzYrL17S5F9c2Mt"},"_chains":{"BXXM6h01OYVdHGm96DEF/rwAEl9zlGffoM0/xfMURzFm":{"chainKey":{"counter":2,"key":"0yy/nGhqIhv3Dc1b7RDni1CWu5Q8xJndGXtuXgRlJ2o="},"chainType":1,"messageKeys":{}}},"pendingPreKey":{"signedKeyId":0,"baseKey":"BeriA6qS2BijCwgAGrVX4DdOGST6HLiz22QlrVpy+N4U","preKeyId":6793074}}},"version":"v1"}