{"_sessions":{"BXssxpAxp1r6zyvrqKNPkF2t3gobWuTHTPJJ/9j6LE1F":{"registrationId":1673697028,"currentRatchet":{"ephemeralKeyPair":{"pubKey":"BZ0fAyX1d9evW6UXhbvOq5WnPBYsPbi1xOPiDafPFABD","privKey":"EMMe7883sDl0/iVGMQqpc1u6HONqc84HLJBfi69jm2U="},"lastRemoteEphemeralKey":"BQyY2BAvcJi4Ir6jGXqha4B8m/Ef0znRX7S9bmL1STEv","previousCounter":0,"rootKey":"BWMVsbnK48vUGCjsqGKJ3XR88lk3G0MDZcDxtkK9KHA="},"indexInfo":{"baseKey":"BXssxpAxp1r6zyvrqKNPkF2t3gobWuTHTPJJ/9j6LE1F","baseKeyType":1,"closed":-1,"used":1686320105687,"created":1686320105687,"remoteIdentityKey":"BRKsTLrbnXvprCVGmQCXOL98yGJnz9bgkXNjpTZPRnBW"},"_chains":{"BZ0fAyX1d9evW6UXhbvOq5WnPBYsPbi1xOPiDafPFABD":{"chainKey":{"counter":1,"key":"n4GJka/EH8WNd4yOUzrVyyJMc1X0zqF9OMRPhBdH4x0="},"chainType":1,"messageKeys":{}}},"pendingPreKey":{"signedKeyId":8,"baseKey":"BXssxpAxp1r6zyvrqKNPkF2t3gobWuTHTPJJ/9j6LE1F","preKeyId":16500394}}},"version":"v1"}