{"_sessions":{"BUnkqK+9/HZG0sIcsaom8WogXeQVk4Y5sKFOP6E8uOF6":{"registrationId":1666166600,"currentRatchet":{"ephemeralKeyPair":{"pubKey":"BevGIC+mYwNBeUJS0f+kXQG7xmUfZfKgqD53PtHYkjQu","privKey":"UP+Qq5CTFVOMtNC2U3aUFpC7BZHfScfSIsJmEf70C2g="},"lastRemoteEphemeralKey":"BaQ535i7OqNWFEK8xdBurCtvIMBeK2OklEqrpxnjnX1c","previousCounter":0,"rootKey":"B23HucERJ2guepiQRkVoW4z8fu91KEXzoSNFX4m5TLE="},"indexInfo":{"baseKey":"BUnkqK+9/HZG0sIcsaom8WogXeQVk4Y5sKFOP6E8uOF6","baseKeyType":1,"closed":-1,"used":1686320105661,"created":1686320105661,"remoteIdentityKey":"BaqBH5m9mTj6PiHMsYAN+T1FgxnZbSNr5o6vSW2u3CFF"},"_chains":{"BevGIC+mYwNBeUJS0f+kXQG7xmUfZfKgqD53PtHYkjQu":{"chainKey":{"counter":1,"key":"7B2Rbu4FmG8rLrohM8cgbCW/7nE7irc7ncenzEBOTKM="},"chainType":1,"messageKeys":{}}},"pendingPreKey":{"signedKeyId":0,"baseKey":"BUnkqK+9/HZG0sIcsaom8WogXeQVk4Y5sKFOP6E8uOF6","preKeyId":16461886}}},"version":"v1"}