{"_sessions":{"BTsfwdSpWURyNEdzEQ+u7BSzViw0pQmY2biYnBMUPPEd":{"registrationId":1623357483,"currentRatchet":{"ephemeralKeyPair":{"pubKey":"Ba4hVT2EdfvKTj/yiEOH9z8yaLJq40+/NWDrEdPa60Bl","privKey":"4NZDNvDvksOAJQG//9qKubDHheWVTNJNZibTemw+XnI="},"lastRemoteEphemeralKey":"BV1dECF1s9oEt/hIp2NNdk3hZAh/aGRvGyf0dfAaZ8Z/","previousCounter":0,"rootKey":"MBRMdtKA+cs765fwUL9HzxmkubRgFNuVYZdk4AW5lMg="},"indexInfo":{"baseKey":"BTsfwdSpWURyNEdzEQ+u7BSzViw0pQmY2biYnBMUPPEd","baseKeyType":1,"closed":-1,"used":1686320104895,"created":1686320104895,"remoteIdentityKey":"BQ+lehOzsYIpMpddqY3H4WDl+PUzFO6K6dXThUjKz5NW"},"_chains":{"Ba4hVT2EdfvKTj/yiEOH9z8yaLJq40+/NWDrEdPa60Bl":{"chainKey":{"counter":1,"key":"EVn6rtgCYEbrQHUBOcpujvjuc8kb6y7evEcT7xcU97E="},"chainType":1,"messageKeys":{}}},"pendingPreKey":{"signedKeyId":30,"baseKey":"BTsfwdSpWURyNEdzEQ+u7BSzViw0pQmY2biYnBMUPPEd","preKeyId":14141985}}},"version":"v1"}