{"_sessions":{"BSWlOasDsYZphpwpXXJeLQZkPJzM9wMIBmeC/I5W/txn":{"registrationId":427118682,"currentRatchet":{"ephemeralKeyPair":{"pubKey":"BRcssK53s0lG5YY0vspuZ40xVqBEFdJcIAzN815yMBNu","privKey":"ALmmm5p38nF8mRAkOcowpCPA6DcwVX1yOs2+xkjk7Xc="},"lastRemoteEphemeralKey":"BSlTVbtVMUlNJnf76u7ChUzY5X1LV4iqKtyWjS3XQrYK","previousCounter":0,"rootKey":"wfAus7ulEWJATnXlq8+yIGM33HZzYm/EtoVNSo/gomw="},"indexInfo":{"baseKey":"BSWlOasDsYZphpwpXXJeLQZkPJzM9wMIBmeC/I5W/txn","baseKeyType":1,"closed":-1,"used":1686320105399,"created":1686320105399,"remoteIdentityKey":"BfVGfqTeXXwAXwpaEoPQ0791rBeW5jdca1Q+J02Gm+UK"},"_chains":{"BRcssK53s0lG5YY0vspuZ40xVqBEFdJcIAzN815yMBNu":{"chainKey":{"counter":1,"key":"W5gvlVvscst/yIRW+CFXkZjwEJDW/M9rfZp9Y+pOdrM="},"chainType":1,"messageKeys":{}}},"pendingPreKey":{"signedKeyId":11,"baseKey":"BSWlOasDsYZphpwpXXJeLQZkPJzM9wMIBmeC/I5W/txn","preKeyId":7660759}}},"version":"v1"}