{"_sessions":{"BZOW6KnR9VJN7qX7l50xl6s4/LL14Zzd35nMyAgmNRx6":{"registrationId":11052,"currentRatchet":{"ephemeralKeyPair":{"pubKey":"BRztz+JVQL4Xk3mRa/6yygtqarkC8W6iSdViGVTpuZw1","privKey":"8DL56tPVKoOeUuCW69Q928jsA2+usWmzqlJ2PRB+TGc="},"lastRemoteEphemeralKey":"BQ6jVff7kAZK5Lxtr8tjzpwg8j0Eu42c5Vp2o7vOd1oG","previousCounter":0,"rootKey":"exUWn+59JHGaE9TYUc1paMaTeLSg+6OaWtKo7GXabKs="},"indexInfo":{"baseKey":"BZOW6KnR9VJN7qX7l50xl6s4/LL14Zzd35nMyAgmNRx6","baseKeyType":1,"closed":-1,"used":1686274793812,"created":1686274793812,"remoteIdentityKey":"BTRBFyMdI+YWTBh5m2wwa2SbriEqsEUTF+Bzex1xZkNs"},"_chains":{"BRztz+JVQL4Xk3mRa/6yygtqarkC8W6iSdViGVTpuZw1":{"chainKey":{"counter":2,"key":"7eYZm3+TN3uEdab+vUjVzkQtEMeKDkib4kcvhQYAyqM="},"chainType":1,"messageKeys":{}}},"pendingPreKey":{"signedKeyId":1,"baseKey":"BZOW6KnR9VJN7qX7l50xl6s4/LL14Zzd35nMyAgmNRx6","preKeyId":885}}},"version":"v1"}