{"_sessions":{"BfffSm4yznl/1FF5A0Tk1IWv6AfcQYZDTTX7FLqWWPJJ":{"registrationId":2100308573,"currentRatchet":{"ephemeralKeyPair":{"pubKey":"Bfx6DqbjUddx2z+Ztb5E8zTWeDzIkS4KYG0TOBCm1pQq","privKey":"oKtkNGbubMFrvhN39OE59T3ObX320TT7XdGnO7KfSWQ="},"lastRemoteEphemeralKey":"BWfMYUXVfBPajI5G7P2kO4kp6v4Vx9C6iEqpfKQqwA4S","previousCounter":0,"rootKey":"223LPpqiuW11M3avO5R6IEfPd3rE+p5STZE/8NNGpRk="},"indexInfo":{"baseKey":"BfffSm4yznl/1FF5A0Tk1IWv6AfcQYZDTTX7FLqWWPJJ","baseKeyType":1,"closed":-1,"used":1686320105190,"created":1686320105190,"remoteIdentityKey":"BfFNsyZ3JbTJPJGSRUD4IC2JpKdVEG5xc5f83xQ9cgUd"},"_chains":{"Bfx6DqbjUddx2z+Ztb5E8zTWeDzIkS4KYG0TOBCm1pQq":{"chainKey":{"counter":1,"key":"79XRj03vI/WSt3WtXt2lhBW/50we9r1DNH8937OzDS8="},"chainType":1,"messageKeys":{}}},"pendingPreKey":{"signedKeyId":3,"baseKey":"BfffSm4yznl/1FF5A0Tk1IWv6AfcQYZDTTX7FLqWWPJJ","preKeyId":10259014}}},"version":"v1"}