{"_sessions":{"Ba8Qd54yjKswffEEfgjzOZCDiPvD6RAQ0flJj97J9T9E":{"registrationId":5436,"currentRatchet":{"ephemeralKeyPair":{"pubKey":"BbRQMdstkPUidE+F2n5YTkTTilbK7Zng3o2lEiJZfe4V","privKey":"qP6P07aMBD2fHZYNLvfq8XAQ+sDFjzYMe3uVvNEvz2k="},"lastRemoteEphemeralKey":"BbE5HeLtgOW0I0MLsmLHduxnI0k0nAer4vlD0z5yCt4M","previousCounter":0,"rootKey":"v5fXt4PEt0jqFnmIOBmkreBhC+jp+CSrUPmZRB5w/80="},"indexInfo":{"baseKey":"Ba8Qd54yjKswffEEfgjzOZCDiPvD6RAQ0flJj97J9T9E","baseKeyType":1,"closed":-1,"used":1686320104696,"created":1686320104696,"remoteIdentityKey":"BQkWCGxKEKMQHVJTyw39g58kfjQmOqhuLZxiJ72Uu+8x"},"_chains":{"BbRQMdstkPUidE+F2n5YTkTTilbK7Zng3o2lEiJZfe4V":{"chainKey":{"counter":1,"key":"M8G5RZ7rCxgb3TyW4ID5zsZRCIYd9j0rk1axWnV3IVE="},"chainType":1,"messageKeys":{}}},"pendingPreKey":{"signedKeyId":5,"baseKey":"Ba8Qd54yjKswffEEfgjzOZCDiPvD6RAQ0flJj97J9T9E","preKeyId":7372}}},"version":"v1"}