{"_sessions":{"Berquv3/BSfD2L/MowAhuDNqcnezNBSAYwfXsW9H27M/":{"registrationId":1217871974,"currentRatchet":{"ephemeralKeyPair":{"pubKey":"BVwO4GcjF1rmyGcu0O9+CEqbK6nys5BPaqFGa6MroaEX","privKey":"EBvV9JOowHtYmQkQXj+ygume39gK0Ch06AG0570uqnI="},"lastRemoteEphemeralKey":"Bepnq4G0do35j/aG/5dPiXd9lpqBy9qnPgOvodJiX5Ul","previousCounter":0,"rootKey":"uMZanBYjwdnYJ2LDmMvIxsz47KR35w9VYMpBuRnctH4="},"indexInfo":{"baseKey":"Berquv3/BSfD2L/MowAhuDNqcnezNBSAYwfXsW9H27M/","baseKeyType":1,"closed":-1,"used":1686320105542,"created":1686320105542,"remoteIdentityKey":"BQDWt5ZBqoP6SHqa7gIPTPBSCZqH6XDoIe35jABjloVK"},"_chains":{"BVwO4GcjF1rmyGcu0O9+CEqbK6nys5BPaqFGa6MroaEX":{"chainKey":{"counter":1,"key":"3uXLacwquwG18CGA/oTSlF6uyJ88d+A2V0TFdB5pF+A="},"chainType":1,"messageKeys":{}}},"pendingPreKey":{"signedKeyId":17,"baseKey":"Berquv3/BSfD2L/MowAhuDNqcnezNBSAYwfXsW9H27M/","preKeyId":5434614}}},"version":"v1"}