{"_sessions":{"BareeyHi/T4haOMr/EIcbZSSX/WL3lMxb7BNreDJrvM/":{"registrationId":1534907194,"currentRatchet":{"ephemeralKeyPair":{"pubKey":"BViWQZscCJ8KrQFcJ8XaTNceZae3dv0qzs0kQNlTfUE6","privKey":"mEjfNGScMhmv8igjU3hCOBhcHuCa3kwCONBMgdBQd2k="},"lastRemoteEphemeralKey":"Bbb/IxEyndD/A+CIKVH/R4Ia38NWeN2HW1arWHK4v7Mz","previousCounter":0,"rootKey":"lnBbK1B4WNwScnrCm9WBO+Lj38WmNgkyDX2RAKsnfds="},"indexInfo":{"baseKey":"BareeyHi/T4haOMr/EIcbZSSX/WL3lMxb7BNreDJrvM/","baseKeyType":1,"closed":-1,"used":1686320105674,"created":1686320105674,"remoteIdentityKey":"BRcDgRuyGtn3LMxpoico7vbdHpBhPWSwyi345YBpr3tk"},"_chains":{"BViWQZscCJ8KrQFcJ8XaTNceZae3dv0qzs0kQNlTfUE6":{"chainKey":{"counter":1,"key":"NRUsyCRI3nDRF8mTR7IwWVnngyD9eY9AvI/1CbSNKRw="},"chainType":1,"messageKeys":{}}},"pendingPreKey":{"signedKeyId":4,"baseKey":"BareeyHi/T4haOMr/EIcbZSSX/WL3lMxb7BNreDJrvM/","preKeyId":616840}}},"version":"v1"}