{"_sessions":{"BYKuDc6Da7TWqusvT2z8JX+jZ6DWCub3g3HZMZ3lPQFk":{"registrationId":504113462,"currentRatchet":{"ephemeralKeyPair":{"pubKey":"BVVdJL2izrZFAl1ujx4bs+ldXc0F//CZsc+9E2F/RWNM","privKey":"CN9Eqzbwt1gfbTHog+Mq6kUMP12cY1b3iLV4CqI8HVc="},"lastRemoteEphemeralKey":"BVlAV2n6jG08stffqfv8GUAgbrcRA9EWjb/38Drho4cu","previousCounter":0,"rootKey":"Va9g4dSbdTf0fww7KSLn/fHIazg0bPaa+7aFcHqJko4="},"indexInfo":{"baseKey":"BYKuDc6Da7TWqusvT2z8JX+jZ6DWCub3g3HZMZ3lPQFk","baseKeyType":1,"closed":-1,"used":1686320104795,"created":1686320104795,"remoteIdentityKey":"BReqC45RfBw9u53OwVbfX7QmLGmSEaKIRRKSC7T/Rs9W"},"_chains":{"BVVdJL2izrZFAl1ujx4bs+ldXc0F//CZsc+9E2F/RWNM":{"chainKey":{"counter":1,"key":"ghWIB9bLIkZVxYd9+PPwOnj04z1E/wJKQGb9h3gEBWw="},"chainType":1,"messageKeys":{}}},"pendingPreKey":{"signedKeyId":18,"baseKey":"BYKuDc6Da7TWqusvT2z8JX+jZ6DWCub3g3HZMZ3lPQFk","preKeyId":11768869}}},"version":"v1"}