{"_sessions":{"BQdXXIp+L0XO+g3hi3lOloTqKujp4Fqn0RjKR+7MCSYv":{"registrationId":652789249,"currentRatchet":{"ephemeralKeyPair":{"pubKey":"BUbwzRfm1jkqHr3RnYbNqxt/1mDDsyyHX1PmXzTqvHNh","privKey":"gDUfNvkm2e/8aRhi3zwGpx38XwKdf8r5QPivnLlogUc="},"lastRemoteEphemeralKey":"BfGvHm4a8TH1p1ZX9vVhQXFqZiUr089KcDWQ14uWgZo5","previousCounter":0,"rootKey":"96H02vA/r+cgbmcrLqgYxq0+Qw/UFcjTDSQSE765Zsk="},"indexInfo":{"baseKey":"BQdXXIp+L0XO+g3hi3lOloTqKujp4Fqn0RjKR+7MCSYv","baseKeyType":1,"closed":-1,"used":1686320105861,"created":1686320105861,"remoteIdentityKey":"BXg270tfGsGN39e8z7jNbUDRnhfbTtiYulswzSXe1k95"},"_chains":{"BUbwzRfm1jkqHr3RnYbNqxt/1mDDsyyHX1PmXzTqvHNh":{"chainKey":{"counter":1,"key":"JuAw8/NpSg5sJ4jXJOXH6Aym1Ld+ogXoYC74VLRECI8="},"chainType":1,"messageKeys":{}}},"pendingPreKey":{"signedKeyId":1,"baseKey":"BQdXXIp+L0XO+g3hi3lOloTqKujp4Fqn0RjKR+7MCSYv"}}},"version":"v1"}