{"_sessions":{"BckYSU0d3UA6woaijOs1WDMn8hjmzkkn/fZCPfL6tGV2":{"registrationId":2096364489,"currentRatchet":{"ephemeralKeyPair":{"pubKey":"BS2Wl5ypztdd8x/6lenL3WeIpD9kf07Ac8kNB52Rexd+","privKey":"GKBja3dy++VNYz3F4qlXEVfvINVxDKsuMuFQOZKU9ls="},"lastRemoteEphemeralKey":"BTYi1fqJO5vZWy1iobxFThM5FUISn3lF4hiL5X+8wB5C","previousCounter":0,"rootKey":"aqgcJrZ8C2kpzXRn4Vis6aPScZL7TxmCZ46zCvEOkUk="},"indexInfo":{"baseKey":"BckYSU0d3UA6woaijOs1WDMn8hjmzkkn/fZCPfL6tGV2","baseKeyType":1,"closed":-1,"used":1686320105134,"created":1686320105134,"remoteIdentityKey":"BVgu9gI03FzsShbdA9LSITWQa5rwqBpfNxCigV5Keko+"},"_chains":{"BS2Wl5ypztdd8x/6lenL3WeIpD9kf07Ac8kNB52Rexd+":{"chainKey":{"counter":1,"key":"OJw1THqOXhmaVTYdg2REjKzLl+6CmSGWlD6RWaCpuxA="},"chainType":1,"messageKeys":{}}},"pendingPreKey":{"signedKeyId":26,"baseKey":"BckYSU0d3UA6woaijOs1WDMn8hjmzkkn/fZCPfL6tGV2","preKeyId":6791493}}},"version":"v1"}