{"_sessions":{"BfTp1DcUYve4dZIQmn0AYepdaYEraizEez0TU8ABFZsX":{"registrationId":822375580,"currentRatchet":{"ephemeralKeyPair":{"pubKey":"BT1Ad52+Wle/F/HUc4z3nTmh1SrOYE3Hpa2VtbnOhIBC","privKey":"yEtrwovLfUS+tl5lSXbew0AYhtuZC/OR6CWUz/IwP0I="},"lastRemoteEphemeralKey":"BR6JKikSoljc3jz+dzBauo+f2o0D0V9jA6pXbxqztOV7","previousCounter":0,"rootKey":"UxkJSn+Wz2twbW/z3PKgyvsFNXEhQ+T6lQmsMtFZlNk="},"indexInfo":{"baseKey":"BfTp1DcUYve4dZIQmn0AYepdaYEraizEez0TU8ABFZsX","baseKeyType":1,"closed":-1,"used":1686274794003,"created":1686274794003,"remoteIdentityKey":"BSzBw0IAIeMPyw6d2TpCy1KzjhFLKmnpNdl0Pli/B+YW"},"_chains":{"BT1Ad52+Wle/F/HUc4z3nTmh1SrOYE3Hpa2VtbnOhIBC":{"chainKey":{"counter":2,"key":"cM9ri3X0xz8knqJJHUM5t4pw406MOZOYvEjQ4IHbWyQ="},"chainType":1,"messageKeys":{}}},"pendingPreKey":{"signedKeyId":3,"baseKey":"BfTp1DcUYve4dZIQmn0AYepdaYEraizEez0TU8ABFZsX","preKeyId":10413115}}},"version":"v1"}