{"_sessions":{"Bf/hJdZGEfxqIV/KuB51okmvgJ7ORssEA41Jf3FWZHMg":{"registrationId":187889532,"currentRatchet":{"ephemeralKeyPair":{"pubKey":"BYWhM78SDLUpnERejIpmIax4MuJr6a5BGD4CDx/xvfV+","privKey":"yAgbq5nGjGv/qPlzuix0stTrR0FJHyojRD8+yLB0vnw="},"lastRemoteEphemeralKey":"BTiOxqDazM6YAB2QlmiQj7DG+2TaKY1htqv6jpndRVZ6","previousCounter":0,"rootKey":"+gX290XSh50VYuq0hQWPV8mcgKymLRCdeTg2gpBX68Q="},"indexInfo":{"baseKey":"Bf/hJdZGEfxqIV/KuB51okmvgJ7ORssEA41Jf3FWZHMg","baseKeyType":1,"closed":-1,"used":1686320105587,"created":1686320105587,"remoteIdentityKey":"BZ/26Xja5HC6FZhjW8hZAR1qQZ/LWQFY5/cXJlzBePI6"},"_chains":{"BYWhM78SDLUpnERejIpmIax4MuJr6a5BGD4CDx/xvfV+":{"chainKey":{"counter":1,"key":"XwVaSH71ecnKnR/gEPl1NmY6Dt5j11zi6gA1ZvnEP/o="},"chainType":1,"messageKeys":{}}},"pendingPreKey":{"signedKeyId":8,"baseKey":"Bf/hJdZGEfxqIV/KuB51okmvgJ7ORssEA41Jf3FWZHMg","preKeyId":7666901}}},"version":"v1"}