{"_sessions":{"BfCdJBRiG5uWw+rXVpweI4IR/agftuyuceMeF+okll4E":{"registrationId":10951,"currentRatchet":{"ephemeralKeyPair":{"pubKey":"BQSkIdnVJmMipPz76gM1bVAJM5DOo5X+wwokJ5vTWywf","privKey":"4DyVjGNkCDrKFrQYBfKcL8Fvu07f/NqUIZGu7RxzLFU="},"lastRemoteEphemeralKey":"BTKePIN8ZI/Zpimq7QTKsEjXwnVc4Wv5/T9tQ0/BBvdk","previousCounter":0,"rootKey":"dj2ICSZItRcE8rDoWFENrRZZ5MLH0SFrsYBUOndKZRg="},"indexInfo":{"baseKey":"BfCdJBRiG5uWw+rXVpweI4IR/agftuyuceMeF+okll4E","baseKeyType":1,"closed":-1,"used":1686320104743,"created":1686320104743,"remoteIdentityKey":"BdUQWCbT0rJZVpniZoYmuUcSdiSxWH2mbekllATCGnRD"},"_chains":{"BQSkIdnVJmMipPz76gM1bVAJM5DOo5X+wwokJ5vTWywf":{"chainKey":{"counter":1,"key":"uJ5Qhtf7EMVduzFFPkwAEYFbKQ5PR8GGS+PuVQGTvtQ="},"chainType":1,"messageKeys":{}}},"pendingPreKey":{"signedKeyId":1,"baseKey":"BfCdJBRiG5uWw+rXVpweI4IR/agftuyuceMeF+okll4E"}}},"version":"v1"}