{"_sessions":{"Bb10wmvSzFznfngfWEeRPnIb5cv51uvHcf7tfAyTPtJh":{"registrationId":1617337952,"currentRatchet":{"ephemeralKeyPair":{"pubKey":"BTZhbYq+ZDjK07UQqNMzpzviqKGH4t+sdlrCGYDVjzU5","privKey":"IG7Dpe9bD+22kGGwzcrVHdPy/sz/QjjRSwcToQ9geEI="},"lastRemoteEphemeralKey":"BexdAGE1dY+ll+6++P9rcu6o59C+XKUbeJ/pFmuoblYH","previousCounter":0,"rootKey":"HjKcf+JU7QGPrrx1XqH/1AVrSlKkebIiPP5A+c/E7zQ="},"indexInfo":{"baseKey":"Bb10wmvSzFznfngfWEeRPnIb5cv51uvHcf7tfAyTPtJh","baseKeyType":1,"closed":-1,"used":1686320105709,"created":1686320105709,"remoteIdentityKey":"BXHoz5QVGSQNQVJUaeZJblNVD/4YQIyeMoLUVpE+qjUp"},"_chains":{"BTZhbYq+ZDjK07UQqNMzpzviqKGH4t+sdlrCGYDVjzU5":{"chainKey":{"counter":1,"key":"t/k2weDLRSMIDHcS7mKuRe3YbWpiY1IGjnI1n1pEbio="},"chainType":1,"messageKeys":{}}},"pendingPreKey":{"signedKeyId":4,"baseKey":"Bb10wmvSzFznfngfWEeRPnIb5cv51uvHcf7tfAyTPtJh"}}},"version":"v1"}