{"_sessions":{"BSnHuk06d9fGJmpfEHzjGZxYXJ/MkIEOC/WLsaKDfe9h":{"registrationId":320241236,"currentRatchet":{"ephemeralKeyPair":{"pubKey":"BcLCB7K3srrd0pVddhrfbHoBYXWEFYsV/nsG/EelLW5k","privKey":"AMwtN1E+gAIxD8J4KqQo35mO+pTMD8rPSxJp2J9+m3E="},"lastRemoteEphemeralKey":"BZu+lPXR6Svk1x+X3QVuQLS7cWYMhWt+AvZOvp8mIplR","previousCounter":0,"rootKey":"ydg0Xld3JvdwaFsGx7savAzGYKYZAQj5zkyuFnznhAM="},"indexInfo":{"baseKey":"BSnHuk06d9fGJmpfEHzjGZxYXJ/MkIEOC/WLsaKDfe9h","baseKeyType":1,"closed":-1,"used":1686320105347,"created":1686320105347,"remoteIdentityKey":"BURbPGPcAVoZXmYrWPiqcubF2Nm/UO6K2zPpgWUjTlAY"},"_chains":{"BcLCB7K3srrd0pVddhrfbHoBYXWEFYsV/nsG/EelLW5k":{"chainKey":{"counter":1,"key":"IVdvMIs0IkkVV6nwgSL1b0BMrtTLpaX4iPjngja4Tng="},"chainType":1,"messageKeys":{}}},"pendingPreKey":{"signedKeyId":5,"baseKey":"BSnHuk06d9fGJmpfEHzjGZxYXJ/MkIEOC/WLsaKDfe9h","preKeyId":7602809}}},"version":"v1"}