{"_sessions":{"Bds2l1GnYdKi1Gmc5RHjoni+5+8BqNlbif3avX1DVU8g":{"registrationId":1496196672,"currentRatchet":{"ephemeralKeyPair":{"pubKey":"BbLrjqzIUUHhZqHD1xAty8vpqoi2WstJSI4+kqsFebNJ","privKey":"AE9AsUFkZ6Vlo5EkgprOULvjEyJLZml9CqCd1/nzGE8="},"lastRemoteEphemeralKey":"BbRprgVtNaGEWf0YoSZwamJGiZ1XEj6V6h36DNFkc9E4","previousCounter":0,"rootKey":"3cayfff/tBcfFATYVkY2sJceR0YGM9U0iRzkYR3kVF0="},"indexInfo":{"baseKey":"Bds2l1GnYdKi1Gmc5RHjoni+5+8BqNlbif3avX1DVU8g","baseKeyType":1,"closed":-1,"used":1686320104988,"created":1686320104988,"remoteIdentityKey":"BRg1qjBbgmsob7dFM72kZ9Ie6VhxtzYOcCg6tON+Njtv"},"_chains":{"BbLrjqzIUUHhZqHD1xAty8vpqoi2WstJSI4+kqsFebNJ":{"chainKey":{"counter":1,"key":"5KGjjCedyCmgYCTHkvOaZOpclPj1nOb9Ctv/Whjqidc="},"chainType":1,"messageKeys":{}}},"pendingPreKey":{"signedKeyId":7,"baseKey":"Bds2l1GnYdKi1Gmc5RHjoni+5+8BqNlbif3avX1DVU8g","preKeyId":14615404}}},"version":"v1"}