{"_sessions":{"Bd6a4cW6Oy+XZCZmysWy127bfqEAkuVwhcue3jnWXPFi":{"registrationId":21184757,"currentRatchet":{"ephemeralKeyPair":{"pubKey":"BZgcud0CrgChWuucYuOvwHlip4NnuXy6bVz0CJgeEit8","privKey":"MG4manNq6Wmi9gZo/FY9qr/+RrOVt8pm9f1yXVf1SkI="},"lastRemoteEphemeralKey":"BdIXn2sscMAK+tpQxqOF4tFrMD4nlPR+Fjg0dIl/KOM9","previousCounter":0,"rootKey":"o5i23DBsPTRT6+g7LmJHrIKVpG1EQtqIibaNoJsq514="},"indexInfo":{"baseKey":"Bd6a4cW6Oy+XZCZmysWy127bfqEAkuVwhcue3jnWXPFi","baseKeyType":1,"closed":-1,"used":1686320104907,"created":1686320104907,"remoteIdentityKey":"BRaT0kmQbyiffW/hOwjVQPJAQ+iyU294TO3CzfMdTW5G"},"_chains":{"BZgcud0CrgChWuucYuOvwHlip4NnuXy6bVz0CJgeEit8":{"chainKey":{"counter":1,"key":"HaBxOIKgdiZUXPxjVgW6LXixfdZHsew3L4HPS9Y+vWw="},"chainType":1,"messageKeys":{}}},"pendingPreKey":{"signedKeyId":7,"baseKey":"Bd6a4cW6Oy+XZCZmysWy127bfqEAkuVwhcue3jnWXPFi"}}},"version":"v1"}