{"_sessions":{"BRMgwhFIBGlpqLC8GEygE7qAYwB5zZv3bDnJYOPQ54UI":{"registrationId":222794209,"currentRatchet":{"ephemeralKeyPair":{"pubKey":"BXXTfrDqN3e9obmskRefqkuf/Ocdsr8dB2Dud6gFKRoZ","privKey":"OCU9K2Sci5xHzTTDGTzvQwn6Pg2Q3wxUv9EtGq6gj1s="},"lastRemoteEphemeralKey":"BUOgHhVMxm91CTfQFUfefLj0ZwvK9gkzezmf5bH1l0pX","previousCounter":0,"rootKey":"wV4PRdvCJlrO5A7WenTBmp2rvV62dmea25F78TaSi10="},"indexInfo":{"baseKey":"BRMgwhFIBGlpqLC8GEygE7qAYwB5zZv3bDnJYOPQ54UI","baseKeyType":1,"closed":-1,"used":1686320105286,"created":1686320105286,"remoteIdentityKey":"BWHHY6q2v5NshX4eoBWLoHa1plSPSGcy3sB/0V0WGWEH"},"_chains":{"BXXTfrDqN3e9obmskRefqkuf/Ocdsr8dB2Dud6gFKRoZ":{"chainKey":{"counter":1,"key":"csmOVvy3E+iBwgLUHEUZqbxCf3fa/gcxt5bs/Y8ABhg="},"chainType":1,"messageKeys":{}}},"pendingPreKey":{"signedKeyId":4,"baseKey":"BRMgwhFIBGlpqLC8GEygE7qAYwB5zZv3bDnJYOPQ54UI","preKeyId":2310266}}},"version":"v1"}