{"_sessions":{"BW+zHK3MTjmvLk/se/Exg0CRCreyTxgXi/YgAe3Y0e1D":{"registrationId":13908,"currentRatchet":{"ephemeralKeyPair":{"pubKey":"BdOTkgbS8OV4dEmbuqm2fPuVc11BvIiAWUpxdOCEziAi","privKey":"iAhXdMU9JUqQVdIRQuOMZPRcDy4Zh+ASqDoex3we110="},"lastRemoteEphemeralKey":"BUoLDNHwAYTMOgDSumenFFOkZDTuumuXfs8tEjL2OvB9","previousCounter":0,"rootKey":"NuNle0hzVLNxfEpIQRQxRaGwB6VzTu418RtbvaYgUr8="},"indexInfo":{"baseKey":"BW+zHK3MTjmvLk/se/Exg0CRCreyTxgXi/YgAe3Y0e1D","baseKeyType":1,"closed":-1,"used":1686320104683,"created":1686320104683,"remoteIdentityKey":"BekKm+CTbPTdd3b4OyGK7t/0fW8hKVEx9YOrWq7NPsMp"},"_chains":{"BdOTkgbS8OV4dEmbuqm2fPuVc11BvIiAWUpxdOCEziAi":{"chainKey":{"counter":1,"key":"p6leyHnbg1qINfdAq4zODI/qGTpN2L5IyMkJPZc7RU0="},"chainType":1,"messageKeys":{}}},"pendingPreKey":{"signedKeyId":1,"baseKey":"BW+zHK3MTjmvLk/se/Exg0CRCreyTxgXi/YgAe3Y0e1D"}}},"version":"v1"}