{"_sessions":{"BdTI5eego6psr3tQ6QQhECBYbhKvF2I9tQXoMT3ArXU9":{"registrationId":735192252,"currentRatchet":{"ephemeralKeyPair":{"pubKey":"BYDxfdMbDSnyEvxxzqH/w4vPM1ShVxzg1v1/2FycXmpm","privKey":"kI2pKdW58foarrza5d8VnZsHKvMlo/KsxDZvqfKc1l8="},"lastRemoteEphemeralKey":"BbnO9frT5wEogM0ArjmQvYe8R+cas4xOmob4eX5n5TJ3","previousCounter":0,"rootKey":"baYafxjq/6T5fvl8+LLsn6+j6q+8InlnmMss53YdbEQ="},"indexInfo":{"baseKey":"BdTI5eego6psr3tQ6QQhECBYbhKvF2I9tQXoMT3ArXU9","baseKeyType":1,"closed":-1,"used":1686320104855,"created":1686320104855,"remoteIdentityKey":"BRE5qc+GHd19LT4Pnjfi9yJX6PEcrdeRpUXYmzpwVFYE"},"_chains":{"BYDxfdMbDSnyEvxxzqH/w4vPM1ShVxzg1v1/2FycXmpm":{"chainKey":{"counter":1,"key":"H12OJNQNyH/1EMngeTFLQDG73fTmPpkftODm1ZXumI4="},"chainType":1,"messageKeys":{}}},"pendingPreKey":{"signedKeyId":1,"baseKey":"BdTI5eego6psr3tQ6QQhECBYbhKvF2I9tQXoMT3ArXU9"}}},"version":"v1"}