{"_sessions":{"BcjNrvwsAP/70+/6j9ia3r7T6mlSkWdacgPu5GKuzoN8":{"registrationId":1604038656,"currentRatchet":{"ephemeralKeyPair":{"pubKey":"BQdobnIIWUcj78Rk60kxagnh8iNW95p7Fdz/hR0rSI0c","privKey":"SC3mkM9jczrZD01xtfJGs8JbXswVcbP/4ODaGSMapFc="},"lastRemoteEphemeralKey":"BUY/XJeXaKrriSm2i+751Om1Pmq0RxUNvF3USaMw5WNw","previousCounter":0,"rootKey":"qjvh2e9xBwaTpFwwgVPOgYo+gSCpwD86v1O/Q0VzsX0="},"indexInfo":{"baseKey":"BcjNrvwsAP/70+/6j9ia3r7T6mlSkWdacgPu5GKuzoN8","baseKeyType":1,"closed":-1,"used":1686320104868,"created":1686320104868,"remoteIdentityKey":"BacXFbemM/WaqsbW15cDsURMmL4I2n9ctXHuP/gZo/N2"},"_chains":{"BQdobnIIWUcj78Rk60kxagnh8iNW95p7Fdz/hR0rSI0c":{"chainKey":{"counter":1,"key":"o8Eq21ZTm3yIoiIf1alMJfCcKUNOC/em4uXtgb3rOSU="},"chainType":1,"messageKeys":{}}},"pendingPreKey":{"signedKeyId":30,"baseKey":"BcjNrvwsAP/70+/6j9ia3r7T6mlSkWdacgPu5GKuzoN8","preKeyId":9529384}}},"version":"v1"}