{"_sessions":{"BTSAlIMHCqocpy7Tx2HP7cc9gJZTQQQKw88w/CFAq9QS":{"registrationId":1346148337,"currentRatchet":{"ephemeralKeyPair":{"pubKey":"BeioqRcC5W/uVNa3yGszuhf4rcFLpxOay/EMSQLBiC4j","privKey":"SHXTHLeLSpssppM+NS6fuxN+0u1bSHrd8M0rtWZC11M="},"lastRemoteEphemeralKey":"BX+cBstaTsvoFbeZvjap5EI4W9LSGiIJs92trwhJckoB","previousCounter":0,"rootKey":"HGQ7s+r6t/3i8bi4kh+eBLHXA2kdYo46W0Abxe0+2QU="},"indexInfo":{"baseKey":"BTSAlIMHCqocpy7Tx2HP7cc9gJZTQQQKw88w/CFAq9QS","baseKeyType":1,"closed":-1,"used":1686320105722,"created":1686320105722,"remoteIdentityKey":"BS7GnNR33Jgwy8o2YVrweLNuEYyqZdEJVpE05AL0PFVj"},"_chains":{"BeioqRcC5W/uVNa3yGszuhf4rcFLpxOay/EMSQLBiC4j":{"chainKey":{"counter":1,"key":"yz3uNXpH9HTqn1LmVYEZsq2Cj2Ui/iX98KuujU77IRI="},"chainType":1,"messageKeys":{}}},"pendingPreKey":{"signedKeyId":11,"baseKey":"BTSAlIMHCqocpy7Tx2HP7cc9gJZTQQQKw88w/CFAq9QS","preKeyId":503810}}},"version":"v1"}