{"_sessions":{"Bf+wMkV2IKM++LGF3hgRMaIhn6q9D3zcvEzFBrpjQkl3":{"registrationId":12891,"currentRatchet":{"ephemeralKeyPair":{"pubKey":"Bd7xmYMMr5AmcQd778sLPpl90BYX1PHNSS/fu89ohysO","privKey":"yGsrOcul6lQ9bUMkSSsgsmi4r8nmyRHUEfjSdVLM9FA="},"lastRemoteEphemeralKey":"BTXY+/dqV5eat0F4nYBJLyu2/z2M4vVKCeWV3R1a5wMm","previousCounter":0,"rootKey":"WX/VGUxX3wzd5liYF9DKxnm3U3xRn3j6/Hm7ogtSI2k="},"indexInfo":{"baseKey":"Bf+wMkV2IKM++LGF3hgRMaIhn6q9D3zcvEzFBrpjQkl3","baseKeyType":1,"closed":-1,"used":1686320104657,"created":1686320104657,"remoteIdentityKey":"BTLKmDTRHsbojj+nT3kGFmg7O7zhi+2jNsIUNRkWVSBR"},"_chains":{"Bd7xmYMMr5AmcQd778sLPpl90BYX1PHNSS/fu89ohysO":{"chainKey":{"counter":1,"key":"de0Qk6U0hGeYQge+tpR3VbJW9uifdr9QREmhT6z8UgI="},"chainType":1,"messageKeys":{}}},"pendingPreKey":{"signedKeyId":1,"baseKey":"Bf+wMkV2IKM++LGF3hgRMaIhn6q9D3zcvEzFBrpjQkl3"}}},"version":"v1"}