{"_sessions":{"BUwU+h8V0QWUZYh+fn809xZeTQvpNkSjG0+QfEZzgWhD":{"registrationId":1733720406,"currentRatchet":{"ephemeralKeyPair":{"pubKey":"BVUiX8IU+HVD5tgd2M535Xielnyk84Z2zvi6Lwe1wzJV","privKey":"cHck5nSixpfT/hAgSyLQkL1OB+ZU5j4+4SUOdDjaZHI="},"lastRemoteEphemeralKey":"BXtDsuv4QdswfAIeSFh67jEJgOv9lWe7xQwwzcL/VyJ9","previousCounter":0,"rootKey":"pSQjMcSzfpDnEIxp2AkRJz18FsuzO+orVMV5vSGDTEY="},"indexInfo":{"baseKey":"BUwU+h8V0QWUZYh+fn809xZeTQvpNkSjG0+QfEZzgWhD","baseKeyType":1,"closed":-1,"used":1686320105485,"created":1686320105485,"remoteIdentityKey":"BUoU8X70CVxrhWLQZLFrvplC0FbNMgXCG5kxGam7YQ1g"},"_chains":{"BVUiX8IU+HVD5tgd2M535Xielnyk84Z2zvi6Lwe1wzJV":{"chainKey":{"counter":1,"key":"xmmRw3UbyMfFL519WaFzdx2W83mmY6PUVuGlpN6zQEM="},"chainType":1,"messageKeys":{}}},"pendingPreKey":{"signedKeyId":0,"baseKey":"BUwU+h8V0QWUZYh+fn809xZeTQvpNkSjG0+QfEZzgWhD","preKeyId":13202019}}},"version":"v1"}