{"_sessions":{"BRdQbghIbuXxumUTpzr0Ij17YeFlpnzbvj9XbOMBT5QP":{"registrationId":805650530,"currentRatchet":{"ephemeralKeyPair":{"pubKey":"BSAa0oBHXxvGF7PCAGLQJn32ep640v/ZcLrvvV5TDrk0","privKey":"yGNzo6xa3Orud1CV2Reqop9jO/ICquu3we0G40uQ/kw="},"lastRemoteEphemeralKey":"BfG0tOUc2su8lg7zDCD8haVIZCdCLwD8DfJrJyeb7BEl","previousCounter":0,"rootKey":"rKs1vROs8CIsIw9euHhgqr8xpOMTbGujfin+26vFalo="},"indexInfo":{"baseKey":"BRdQbghIbuXxumUTpzr0Ij17YeFlpnzbvj9XbOMBT5QP","baseKeyType":1,"closed":-1,"used":1686320105205,"created":1686320105205,"remoteIdentityKey":"BbTZqP5IiOmDdNaQ+guY+YFUvTpCgwyJ9JzMTjI2qIor"},"_chains":{"BSAa0oBHXxvGF7PCAGLQJn32ep640v/ZcLrvvV5TDrk0":{"chainKey":{"counter":1,"key":"8WSNj0+Q/jHVQTKoqlDKRiylz44z6tGSqaW645g8eE8="},"chainType":1,"messageKeys":{}}},"pendingPreKey":{"signedKeyId":9,"baseKey":"BRdQbghIbuXxumUTpzr0Ij17YeFlpnzbvj9XbOMBT5QP","preKeyId":9948300}}},"version":"v1"}