{"_sessions":{"Ba41Bx32mbuoxMJ1qyI9cnI4cSdcRRl9O0PQbhpGCZAO":{"registrationId":710320169,"currentRatchet":{"ephemeralKeyPair":{"pubKey":"BQ4nhXAiyExI0/0Bg3HulWcKf/19ww8l0/6LQa2DVv8j","privKey":"WBYgtLPIB5cJRIXjMuy/pM1PJ5foDNmIrbHXuLoqYEY="},"lastRemoteEphemeralKey":"BUbIxA6zhr7FwYL8YlXJoZMdQDopgfcQiFX5h/m95cQZ","previousCounter":0,"rootKey":"GMu3c3ubKvKgrh8N+hVEIi6Xsblw16krxBJhfSiYv6s="},"indexInfo":{"baseKey":"Ba41Bx32mbuoxMJ1qyI9cnI4cSdcRRl9O0PQbhpGCZAO","baseKeyType":1,"closed":-1,"used":1686282055529,"created":1686282055529,"remoteIdentityKey":"BZ8r5SB4nyfbtidB8h1+aOmpGNbVrwFSrpHVJv28fIQh"},"_chains":{"BQ4nhXAiyExI0/0Bg3HulWcKf/19ww8l0/6LQa2DVv8j":{"chainKey":{"counter":0,"key":"alKZvrYJ6HC6AhgJ7DbDXqv1GIXLfCouX7w4Y43hSb4="},"chainType":1,"messageKeys":{}}},"pendingPreKey":{"signedKeyId":23,"baseKey":"Ba41Bx32mbuoxMJ1qyI9cnI4cSdcRRl9O0PQbhpGCZAO","preKeyId":2795164}}},"version":"v1"}