{"_sessions":{"BT4MenrLMD3KRJYTKztUG3JkUOCNFxhsebDOy538QuME":{"registrationId":1271033100,"currentRatchet":{"ephemeralKeyPair":{"pubKey":"BeX/w3/zbO3WbwKpcJu8JPe2G93kU1kHZz7+jFH8IdtM","privKey":"+AMDEsVRUBWuxyMEgwM/o7xAxTEuqutbocgAPExGXXg="},"lastRemoteEphemeralKey":"Bfg0m3Vz1Cqj8J9Lxp3IN4jmIOQ6R6nXChi+hyMpxidk","previousCounter":0,"rootKey":"XXELBrNMEdwNicPXG4Oy/DmQ0ICgJzEd2H9CYN17C8s="},"indexInfo":{"baseKey":"BT4MenrLMD3KRJYTKztUG3JkUOCNFxhsebDOy538QuME","baseKeyType":1,"closed":-1,"used":1686282055590,"created":1686282055590,"remoteIdentityKey":"BY6QoEhkAR69FnaLVyy6mDFxDK50LIQIzA3MZPy8AIgI"},"_chains":{"BeX/w3/zbO3WbwKpcJu8JPe2G93kU1kHZz7+jFH8IdtM":{"chainKey":{"counter":0,"key":"BS4IbPVW4KGS7OA+uFekFXiOFr4NmqXUA7OgIqLPtoM="},"chainType":1,"messageKeys":{}}},"pendingPreKey":{"signedKeyId":5,"baseKey":"BT4MenrLMD3KRJYTKztUG3JkUOCNFxhsebDOy538QuME","preKeyId":7258524}}},"version":"v1"}