{"_sessions":{"BZ+691kfGwwGPn+rBzYlVRHoQy5gADBn5EyBa84atsEP":{"registrationId":172450175,"currentRatchet":{"ephemeralKeyPair":{"pubKey":"BdH/QV/clC3YgzWSCjf90earMZdks79T+M7ll/KbOBMo","privKey":"+Eraz4zPUFrHPK9498yyPumQYX7E1fT5WpxSGg3o61Y="},"lastRemoteEphemeralKey":"BWWCsW8rr83BVazjbaTiF8R7x/IiXuiuZn8GpaEaLNwV","previousCounter":0,"rootKey":"U7RNAXOM3xKY51XLMp9f4lVPYrCktCO/c5qK+5hRzsQ="},"indexInfo":{"baseKey":"BZ+691kfGwwGPn+rBzYlVRHoQy5gADBn5EyBa84atsEP","baseKeyType":1,"closed":-1,"used":1686320105470,"created":1686320105470,"remoteIdentityKey":"BeUNRRtrphKYBsCfmSbsWHTPGnvAMg+P+0GEmkodErUM"},"_chains":{"BdH/QV/clC3YgzWSCjf90earMZdks79T+M7ll/KbOBMo":{"chainKey":{"counter":1,"key":"3/madDQA9kb9wAFJKrWq71iXuzd9IFtr93F4SsDiwG8="},"chainType":1,"messageKeys":{}}},"pendingPreKey":{"signedKeyId":7,"baseKey":"BZ+691kfGwwGPn+rBzYlVRHoQy5gADBn5EyBa84atsEP"}}},"version":"v1"}