{"_sessions":{"BTo0vdIyqoZVwMvYCPBU9HdlXfTuRdYGPEQvpDUK1NQb":{"registrationId":1520675261,"currentRatchet":{"ephemeralKeyPair":{"pubKey":"BWTB/XoteKjfo9ugr5qznw/Zr1EkRKve2T8d1V2S+CNT","privKey":"4IqRiBQWJd+e0zbq4RgkB8vXsHMs0Kad1+GZ2JD7k0w="},"lastRemoteEphemeralKey":"BebvsdWJjpuzWirev2CK9Y8UQOqcMYevj/Itg7+nrElH","previousCounter":0,"rootKey":"S8hzMLOsArLIgBpomImP/Wr8aUbRbHTvuIQkZWDmk20="},"indexInfo":{"baseKey":"BTo0vdIyqoZVwMvYCPBU9HdlXfTuRdYGPEQvpDUK1NQb","baseKeyType":1,"closed":-1,"used":1686320105373,"created":1686320105373,"remoteIdentityKey":"Bd7P1MYlK0Ebn7j7k7xnHyD+QqwPrEyt10Mk7yeFd9oP"},"_chains":{"BWTB/XoteKjfo9ugr5qznw/Zr1EkRKve2T8d1V2S+CNT":{"chainKey":{"counter":1,"key":"jAyATKv7v/22a9ddCJZNUo4KMgLkE8zbzr6sXmr44xk="},"chainType":1,"messageKeys":{}}},"pendingPreKey":{"signedKeyId":29,"baseKey":"BTo0vdIyqoZVwMvYCPBU9HdlXfTuRdYGPEQvpDUK1NQb","preKeyId":6019660}}},"version":"v1"}