{"_sessions":{"BUEJr/wheb+sIw8Ed9yXj2oVMXODYszvW7bMcw04cXIZ":{"registrationId":705061338,"currentRatchet":{"ephemeralKeyPair":{"pubKey":"Bd1U5BxmUxLmx9xRx/UQrRf7O8O3YdmQ1sTkRAbEQucq","privKey":"OK0tF7hxnxRh7Yk21JenRYvp91O53lCMgJhLHFwmJnY="},"lastRemoteEphemeralKey":"BfwJtHyE5HvRfOVdFpg1dGxfpsaNxnXZhKyuPHOJrfZG","previousCounter":0,"rootKey":"78V1FSMfWj0vl/8+myAftgA/cSB4ISqAgZT8MXiqrso="},"indexInfo":{"baseKey":"BUEJr/wheb+sIw8Ed9yXj2oVMXODYszvW7bMcw04cXIZ","baseKeyType":1,"closed":-1,"used":1686320104919,"created":1686320104919,"remoteIdentityKey":"BTzF/94MIVPhixpAnb2obUiHhdjp/9ZT/OvjFbD3JFZ3"},"_chains":{"Bd1U5BxmUxLmx9xRx/UQrRf7O8O3YdmQ1sTkRAbEQucq":{"chainKey":{"counter":1,"key":"7HDHQRql4AzY2odPuq9J7cWD/43xCudQyTsgv0P0jPk="},"chainType":1,"messageKeys":{}}},"pendingPreKey":{"signedKeyId":1,"baseKey":"BUEJr/wheb+sIw8Ed9yXj2oVMXODYszvW7bMcw04cXIZ","preKeyId":15212273}}},"version":"v1"}