{"_sessions":{"BXCkXJx4mAMfd1JTtgZa1+W3aPXBNBYnK2XKN45SGlQ8":{"registrationId":191590862,"currentRatchet":{"ephemeralKeyPair":{"pubKey":"BYwcpO6lzF8PrMAIbhWuC6CBM7oxSAU0N9P8E6Kg+5sX","privKey":"wAOwKvoo41H5BzM2hRzVOA1sRQRDH4fqbbmqam87u2c="},"lastRemoteEphemeralKey":"BR/MKJWQ0sJtWA/jVFgQA7fBZDTo9vZV5wP8sbdzarUS","previousCounter":0,"rootKey":"qZvreRQ/WP1AL1kZCHAd6sBYB1pkzpkxn12QXNYKFyY="},"indexInfo":{"baseKey":"BXCkXJx4mAMfd1JTtgZa1+W3aPXBNBYnK2XKN45SGlQ8","baseKeyType":1,"closed":-1,"used":1686320105271,"created":1686320105271,"remoteIdentityKey":"BZFsNOUam5g7N+AIv0p6KpKXN09/YNIgBxXq3pYh+pF/"},"_chains":{"BYwcpO6lzF8PrMAIbhWuC6CBM7oxSAU0N9P8E6Kg+5sX":{"chainKey":{"counter":1,"key":"MDbu/uukvTO8Qs9J4UMs+EFElSs/ocClYgXvQIxIpxQ="},"chainType":1,"messageKeys":{}}},"pendingPreKey":{"signedKeyId":0,"baseKey":"BXCkXJx4mAMfd1JTtgZa1+W3aPXBNBYnK2XKN45SGlQ8","preKeyId":15047140}}},"version":"v1"}