{"_sessions":{"BREt4iPjXOHmf3D9Kk/UAGBz1rkGvcV8jv3GrEDyKult":{"registrationId":172342554,"currentRatchet":{"ephemeralKeyPair":{"pubKey":"BeYR9dGJdqIJ2Ga81efVbvHFs4V2hdDYbpcDAUhWR3AQ","privKey":"8DJbEZ0OtWw2FVVknrJfjNkwr3t88p34EOEMfzprFUY="},"lastRemoteEphemeralKey":"BVVIAgForTItmqSsmbnyifeU02X6fRVPoTImP3IeIqxo","previousCounter":0,"rootKey":"uV2+cIhmTWRh/NcNYyRh7cVdkMmlcU++gdsdiMOeEDk="},"indexInfo":{"baseKey":"BREt4iPjXOHmf3D9Kk/UAGBz1rkGvcV8jv3GrEDyKult","baseKeyType":1,"closed":-1,"used":1686320105794,"created":1686320105794,"remoteIdentityKey":"BSJ+BrIMih7QGXBemIY/hdxsxGVgx2lGXbn32zltT0YY"},"_chains":{"BeYR9dGJdqIJ2Ga81efVbvHFs4V2hdDYbpcDAUhWR3AQ":{"chainKey":{"counter":1,"key":"hKtiV3eC+JpFy8a+x5TIAvXCdvxODEK2isapULe9Az4="},"chainType":1,"messageKeys":{}}},"pendingPreKey":{"signedKeyId":1,"baseKey":"BREt4iPjXOHmf3D9Kk/UAGBz1rkGvcV8jv3GrEDyKult","preKeyId":3199574}}},"version":"v1"}