{"_sessions":{"BZ8wjJ9BbbrooqUXEEi4Xotj8Etr8Kf/g6h5sLfkY1w3":{"registrationId":1947357595,"currentRatchet":{"ephemeralKeyPair":{"pubKey":"BXbpWPOnDV6kaxFMHaDvYk0xG1SIxVCiPisvM5fFyA5m","privKey":"6HVenhBOZX5z1NVyWNc1+MhTYG5ytll5drcaBf7uDEI="},"lastRemoteEphemeralKey":"BaLsaolfjyc1Ff2A8H1iiLPbknAPm8kMt8WFd/YdK05c","previousCounter":0,"rootKey":"bjQ1zXf/Tjh1DphfniBjSF46xnEJ7DrH/PM+RbR+GBg="},"indexInfo":{"baseKey":"BZ8wjJ9BbbrooqUXEEi4Xotj8Etr8Kf/g6h5sLfkY1w3","baseKeyType":1,"closed":-1,"used":1686320105961,"created":1686320105961,"remoteIdentityKey":"BasarAAFLjKhPPlatiQ9edsRAC/YnOGYBQ9WAc901ypE"},"_chains":{"BXbpWPOnDV6kaxFMHaDvYk0xG1SIxVCiPisvM5fFyA5m":{"chainKey":{"counter":1,"key":"/So9kP7jinPQxdfqeHCcKJwkBy+AJ0xRH3o2sTgBEDQ="},"chainType":1,"messageKeys":{}}},"pendingPreKey":{"signedKeyId":8,"baseKey":"BZ8wjJ9BbbrooqUXEEi4Xotj8Etr8Kf/g6h5sLfkY1w3","preKeyId":10449923}}},"version":"v1"}