{"_sessions":{"BXCJdWwWsudqBHlTIcGM2xwdS2UJBl4O6B3XjxEM0FZV":{"registrationId":541377312,"currentRatchet":{"ephemeralKeyPair":{"pubKey":"BSLq1Cu1hi1PvX1rSxm9bsbTyDEuqt4DDzLYr3U4FSo6","privKey":"iE2Sj1LZNt7kFA5Anmj4K2YB4qHLRR2ZjmGbn0/0tFQ="},"lastRemoteEphemeralKey":"BdTJ2DYJ/XM0iOftVNGNVMCKoT6obzp94OhOXB50Recr","previousCounter":0,"rootKey":"yZRgLpzavBNiOJF5FdoG19sm5FyaiwkFqS94nGOkaXM="},"indexInfo":{"baseKey":"BXCJdWwWsudqBHlTIcGM2xwdS2UJBl4O6B3XjxEM0FZV","baseKeyType":1,"closed":-1,"used":1686282055574,"created":1686282055574,"remoteIdentityKey":"BYdXd/2MtihCB73KEk01SmsDTM9Mv317J9vTcpT2lS94"},"_chains":{"BSLq1Cu1hi1PvX1rSxm9bsbTyDEuqt4DDzLYr3U4FSo6":{"chainKey":{"counter":0,"key":"Ps8jb1qsM8Mo/su+Q2W5YNIJ4QDIdRQXvIeOSJrMFa8="},"chainType":1,"messageKeys":{}}},"pendingPreKey":{"signedKeyId":8,"baseKey":"BXCJdWwWsudqBHlTIcGM2xwdS2UJBl4O6B3XjxEM0FZV","preKeyId":1887718}}},"version":"v1"}