{"_sessions":{"BYAG1ypP4DkzTe7nMSz2fxQ1tpqUcNVa3yxeGRJmxsFd":{"registrationId":263463609,"currentRatchet":{"ephemeralKeyPair":{"pubKey":"BTTNfbO5gqriNdWNOdFWMtoDF/A/LEgADhqmPwdZDXIx","privKey":"mAL+E+abkPxLm9zCGwpHt1gIX5O4ndoBcr0CkXcb10o="},"lastRemoteEphemeralKey":"BSE7Caehad4LtEm7a81C6JXh8AZt2c4g6AF73NZGGywe","previousCounter":0,"rootKey":"rvcMh2buJqi/do2Y/4U8sKIjJw6TYU/2zm2ikcrClq4="},"indexInfo":{"baseKey":"BYAG1ypP4DkzTe7nMSz2fxQ1tpqUcNVa3yxeGRJmxsFd","baseKeyType":1,"closed":-1,"used":1686320105036,"created":1686320105036,"remoteIdentityKey":"BSkKGsHh8S8Lw/VqVCYmrrqRibI/OTHVmMHAwh0ilHAz"},"_chains":{"BTTNfbO5gqriNdWNOdFWMtoDF/A/LEgADhqmPwdZDXIx":{"chainKey":{"counter":1,"key":"0q4ljFebw7fKuWjvdKDg8uWalaja588HJzfY6jBBnD8="},"chainType":1,"messageKeys":{}}},"pendingPreKey":{"signedKeyId":8,"baseKey":"BYAG1ypP4DkzTe7nMSz2fxQ1tpqUcNVa3yxeGRJmxsFd","preKeyId":27176}}},"version":"v1"}