{"_sessions":{"BbgAJw0ttWploeoVvnvsrqbJxInipbDT+cSSzuHhMiJE":{"registrationId":1472393930,"currentRatchet":{"ephemeralKeyPair":{"pubKey":"BTTvkInAmpXDIP/Od/EzwH099/c3o8QeS8RMeNdOrAVn","privKey":"wIxEBwhlEUbXxJ9NrrKKcsTxpoGgALxM58LWLbcHMVE="},"lastRemoteEphemeralKey":"BZQFgrIK7uNRXlTi4ytH1hmyCzvjI9ltmzGAgRvxZbMN","previousCounter":0,"rootKey":"+ZPGIy9jtP/MkZx3Y3DlO1wgfcEcyKS0sqwh1WC4xs8="},"indexInfo":{"baseKey":"BbgAJw0ttWploeoVvnvsrqbJxInipbDT+cSSzuHhMiJE","baseKeyType":1,"closed":-1,"used":1686320105850,"created":1686320105850,"remoteIdentityKey":"BRljXYwmz0J430dBnfhgOiD5YCAALLiu2xeK/FV+rxdK"},"_chains":{"BTTvkInAmpXDIP/Od/EzwH099/c3o8QeS8RMeNdOrAVn":{"chainKey":{"counter":1,"key":"kAZPiJeeeA1JXKbSWJPi0DJhchF/imdYmApC1v8el1M="},"chainType":1,"messageKeys":{}}},"pendingPreKey":{"signedKeyId":6,"baseKey":"BbgAJw0ttWploeoVvnvsrqbJxInipbDT+cSSzuHhMiJE","preKeyId":15077439}}},"version":"v1"}