{"_sessions":{"BQ+cKsp0RLkkCVLptyw/wg8QeWvKP1AbOF0i0IV6PWpD":{"registrationId":1440461772,"currentRatchet":{"ephemeralKeyPair":{"pubKey":"BRcARFpSVYTc3ujXeljiwe/aJlbNvnHIvastsi1/XoA8","privKey":"8AXjkyUKJ2zq0cWHXinz5kse4DJzezQauPnvi4anFlI="},"lastRemoteEphemeralKey":"BWz6MzWqQJQdWljAIdUWJYD1msQP4ANgkxQo0OllOZhq","previousCounter":0,"rootKey":"I73i0mEJ/D85CzAGCak36u22LetXTskXecRIhKt3qA4="},"indexInfo":{"baseKey":"BQ+cKsp0RLkkCVLptyw/wg8QeWvKP1AbOF0i0IV6PWpD","baseKeyType":1,"closed":-1,"used":1686320105993,"created":1686320105993,"remoteIdentityKey":"BWPhimdO0WxWfsHzhyQMwR5X0Ceb3I60BLPGn5NWwcg9"},"_chains":{"BRcARFpSVYTc3ujXeljiwe/aJlbNvnHIvastsi1/XoA8":{"chainKey":{"counter":1,"key":"ClhYY/9Cxt4jbBfrPdEPFNdUCrTDOaag52mj/zicw44="},"chainType":1,"messageKeys":{}}},"pendingPreKey":{"signedKeyId":20,"baseKey":"BQ+cKsp0RLkkCVLptyw/wg8QeWvKP1AbOF0i0IV6PWpD"}}},"version":"v1"}