{"_sessions":{"BV+pU4myvP5dAtp8LSjNxvcWLoBntbY29n/CV5c1alsf":{"registrationId":1493771395,"currentRatchet":{"ephemeralKeyPair":{"pubKey":"Bd+XKCXFT6iqULwD10uVeZflCwIZw3PjYATRxZiaU48K","privKey":"SA4by7c1Brb8yw9MCQJrwJSpiwTArxQdRde60WEoM2E="},"lastRemoteEphemeralKey":"BTAJjHft3o5ifQ6R8SrT9jBDmNfytm/HsgD5Sj4otzV2","previousCounter":0,"rootKey":"2Tnv2L5P2k0fcVcORj9QU3akcs59Xn0yNd7YM1XrsFM="},"indexInfo":{"baseKey":"BV+pU4myvP5dAtp8LSjNxvcWLoBntbY29n/CV5c1alsf","baseKeyType":1,"closed":-1,"used":1686282055558,"created":1686282055558,"remoteIdentityKey":"BWm+ZNxPtxjVQ2OE41nB34TaZ70InAi+x6AADmDVJD9E"},"_chains":{"Bd+XKCXFT6iqULwD10uVeZflCwIZw3PjYATRxZiaU48K":{"chainKey":{"counter":0,"key":"NRCek6poZrb+PPehKnmFZpuIa2YZ6guefvMNtZ54V6s="},"chainType":1,"messageKeys":{}}},"pendingPreKey":{"signedKeyId":12,"baseKey":"BV+pU4myvP5dAtp8LSjNxvcWLoBntbY29n/CV5c1alsf","preKeyId":6965295}}},"version":"v1"}