{"_sessions":{"BYaPVXhlTSK20pzijKJv+yKSNjWj8k6myAi0lVI3SCIe":{"registrationId":294200702,"currentRatchet":{"ephemeralKeyPair":{"pubKey":"BbfDiRYBPvNxGPx7YXjR6gqeMVykNG/29o7Y8NctKTIy","privKey":"IN2W1qcmtPAEbQRf3HUvhHO4muWprwllFfnRkxad/HE="},"lastRemoteEphemeralKey":"BeH7g7PztscXJVj5UGySNfvKq8MsFBpKsJ8BDv66b9cj","previousCounter":0,"rootKey":"lHIY1FEzS3f+OOB6Spn1A3pKvkzo+1cOrtTewbsK3zY="},"indexInfo":{"baseKey":"BYaPVXhlTSK20pzijKJv+yKSNjWj8k6myAi0lVI3SCIe","baseKeyType":1,"closed":-1,"used":1686320104946,"created":1686320104946,"remoteIdentityKey":"BbrIYRFjK/IAWA0zvedvBnXaKaYqNOf8MiLS9HBnNF9E"},"_chains":{"BbfDiRYBPvNxGPx7YXjR6gqeMVykNG/29o7Y8NctKTIy":{"chainKey":{"counter":1,"key":"8GVmlKBbxaYzi2iwZcnyKsf22qamD7cJG+ZDPsJK2wk="},"chainType":1,"messageKeys":{}}},"pendingPreKey":{"signedKeyId":1,"baseKey":"BYaPVXhlTSK20pzijKJv+yKSNjWj8k6myAi0lVI3SCIe","preKeyId":15508491}}},"version":"v1"}