{"_sessions":{"BbLcIw/9ckd30wzD9OxzhcdGFqWq/ujDuVO0huUvDTg4":{"registrationId":1232524703,"currentRatchet":{"ephemeralKeyPair":{"pubKey":"Be2EZ8ERa4prY1zgQlJ4TW6M11UGw3sWeRrGkNH48tUc","privKey":"yCyh4+8kAVnfrdOpRkSF/16BlF+mHfbvHzQ7KmPgmHE="},"lastRemoteEphemeralKey":"BZLBH8xfFdcR6vOjyNr+Ncx80JkybGIXfld0kTbH7OV/","previousCounter":0,"rootKey":"zTPoCjU1xnisMcwboxHSJC1VwKL8LPh7OWX7zpGdtYQ="},"indexInfo":{"baseKey":"BbLcIw/9ckd30wzD9OxzhcdGFqWq/ujDuVO0huUvDTg4","baseKeyType":1,"closed":-1,"used":1686320105747,"created":1686320105747,"remoteIdentityKey":"BfvTWytw/wjaLzMlvvgmwB362+wpxnKIhhcBZN1Z2p85"},"_chains":{"Be2EZ8ERa4prY1zgQlJ4TW6M11UGw3sWeRrGkNH48tUc":{"chainKey":{"counter":1,"key":"tkV1K+XCuy41534omLgg8AXjRAM4ZapN4WL8jiTqxKY="},"chainType":1,"messageKeys":{}}},"pendingPreKey":{"signedKeyId":13,"baseKey":"BbLcIw/9ckd30wzD9OxzhcdGFqWq/ujDuVO0huUvDTg4","preKeyId":7498152}}},"version":"v1"}