{"_sessions":{"BXq4C10IZVhr/B3AhsGHyMkbrio/QOtq9z69gLDKLGAV":{"registrationId":177233779,"currentRatchet":{"ephemeralKeyPair":{"pubKey":"BX5hZZqQtlVb91E0jXW+3rabn3bOEdQcxzS8vHDAEAgW","privKey":"yJLmlrJZNb9eOr0EAhT9445x50fj1q3BOv6Yujj++X4="},"lastRemoteEphemeralKey":"BQYpArb4X5/Ld+LrLrpD57t03sTaFb+xRwIEywcChkY9","previousCounter":0,"rootKey":"mHJZCTgtRdI9hqBzKeQa8z/1Tfo4qTcjULJPrFXdMZ0="},"indexInfo":{"baseKey":"BXq4C10IZVhr/B3AhsGHyMkbrio/QOtq9z69gLDKLGAV","baseKeyType":1,"closed":-1,"used":1686320105555,"created":1686320105555,"remoteIdentityKey":"BayKhXqVVVaKFE3GGmoLv1/3YK6fSH3i1l7pu/nk99hE"},"_chains":{"BX5hZZqQtlVb91E0jXW+3rabn3bOEdQcxzS8vHDAEAgW":{"chainKey":{"counter":1,"key":"bzzaLqwEvPmtVY/x6FxpCLnk/BCefqTR42SCPm7bDj8="},"chainType":1,"messageKeys":{}}},"pendingPreKey":{"signedKeyId":4,"baseKey":"BXq4C10IZVhr/B3AhsGHyMkbrio/QOtq9z69gLDKLGAV","preKeyId":15058494}}},"version":"v1"}