{"_sessions":{"BR0rBhRQNaQ6bbzY69MbzwzHMBr04GHZvvEVQCduv0RA":{"registrationId":705802185,"currentRatchet":{"ephemeralKeyPair":{"pubKey":"BYs1XdwK51rjbP/KW2uL0Fa2AB8nM4dLqQbTaGyT0EhJ","privKey":"WMsNtHetwVlWorAOApar4YwfAezv7GEVYINhjzTrM3Y="},"lastRemoteEphemeralKey":"BWXfcFmcZw+dmTnf1s8SEt+1ugkQlmNMo+z+Ht7iggVr","previousCounter":0,"rootKey":"O1YCMh7nbWShasjNQW/6Gjm6RVX/dUY9QZdeXRGKDUU="},"indexInfo":{"baseKey":"BR0rBhRQNaQ6bbzY69MbzwzHMBr04GHZvvEVQCduv0RA","baseKeyType":1,"closed":-1,"used":1686320105053,"created":1686320105053,"remoteIdentityKey":"BYpeCDixTX7iz90cwhgab01JdPnMpd0PUeLCjUuj9RBk"},"_chains":{"BYs1XdwK51rjbP/KW2uL0Fa2AB8nM4dLqQbTaGyT0EhJ":{"chainKey":{"counter":1,"key":"XHszXAPps7XZRrB3J1z4WYhYUpEHA5cBQzbHRZlsBwc="},"chainType":1,"messageKeys":{}}},"pendingPreKey":{"signedKeyId":1,"baseKey":"BR0rBhRQNaQ6bbzY69MbzwzHMBr04GHZvvEVQCduv0RA","preKeyId":1740859}}},"version":"v1"}