{"_sessions":{"BSG+r2lqqRd+RvCypmLkcrIvmYLBKw/IiVrDUp7U13IP":{"registrationId":1475794494,"currentRatchet":{"ephemeralKeyPair":{"pubKey":"BTIJ5q+nE82jXZl9aoNC7CM1yDWYee9Y3aOAg3lng+k1","privKey":"EJTYJZd0BoHrGSaoZho8IQhnTItJLR4gFgs+O9I6jE4="},"lastRemoteEphemeralKey":"BVgFCr6ScyLCsTVfXyhhFKIhAvTy2PVa1fC9YNgtnwAH","previousCounter":0,"rootKey":"jEBC0i2V7sG6WmEQXM9wZOnTK/dw8TpGYASt0q04Ufc="},"indexInfo":{"baseKey":"BSG+r2lqqRd+RvCypmLkcrIvmYLBKw/IiVrDUp7U13IP","baseKeyType":1,"closed":-1,"used":1686320105070,"created":1686320105070,"remoteIdentityKey":"Be+HxY3XVL0rCIAY9TQKDIZcWiN5hm2VZsqyVkyyALVe"},"_chains":{"BTIJ5q+nE82jXZl9aoNC7CM1yDWYee9Y3aOAg3lng+k1":{"chainKey":{"counter":1,"key":"cJ3A+WKHR5N+JEwsnzBGpU2ea/TdnGxSg+BgBG0bvMs="},"chainType":1,"messageKeys":{}}},"pendingPreKey":{"signedKeyId":1,"baseKey":"BSG+r2lqqRd+RvCypmLkcrIvmYLBKw/IiVrDUp7U13IP","preKeyId":14751635}}},"version":"v1"}