{"_sessions":{"Bd9QV2AFlrbCzLldou/LlHDu080J+wm0H5LBgmsvd9sM":{"registrationId":706037233,"currentRatchet":{"ephemeralKeyPair":{"pubKey":"BZSX+ds/0cM4xrnQUhY29ZTnFdtLckZ0CPgRCnC5krVK","privKey":"qDvH+2i42FMjY0nkiJZcQpuIX4QyH9TOXx8cVFlgEEo="},"lastRemoteEphemeralKey":"BVcpaDr6vjAyE2eBllLEdoz8DJOas72Vr9Ep6BTBIO0p","previousCounter":0,"rootKey":"bcuujJgxY+IqK+QwJZOU0vNPja5/5nizI71V/0K+XIw="},"indexInfo":{"baseKey":"Bd9QV2AFlrbCzLldou/LlHDu080J+wm0H5LBgmsvd9sM","baseKeyType":1,"closed":-1,"used":1686274793905,"created":1686274793905,"remoteIdentityKey":"BeG+Z7G6XKJ6CGvAvIQHjLK7IzlRNBbcCQVbCva92Cp6"},"_chains":{"BZSX+ds/0cM4xrnQUhY29ZTnFdtLckZ0CPgRCnC5krVK":{"chainKey":{"counter":2,"key":"fZ71J4G7X2MBv9jHMyatYvAxIMadfnT4/9apmPxl72Y="},"chainType":1,"messageKeys":{}}},"pendingPreKey":{"signedKeyId":6,"baseKey":"Bd9QV2AFlrbCzLldou/LlHDu080J+wm0H5LBgmsvd9sM","preKeyId":11332438}}},"version":"v1"}