{"_sessions":{"Bb6oblPs1LPC1LgOxnXrxZ5Gt9Q75U2sxvlHVDiJ168P":{"registrationId":964738673,"currentRatchet":{"ephemeralKeyPair":{"pubKey":"BROUF4N06RHGy1ACKx4kxjrAKVNMXQP5oqPE72D7wGgP","privKey":"OLxsfvuW4a0qG20HSxRrh/n/oKTYpwUv/hpY1HY+V1w="},"lastRemoteEphemeralKey":"BZEHGbj6HkjLp9w/XJZLeWLXsvtU/HQ29Bepin88dKde","previousCounter":0,"rootKey":"x/BuuLLa/W/EWSCbJ72V+PdD5bpuoCHWwQ3qiGu4P/Y="},"indexInfo":{"baseKey":"Bb6oblPs1LPC1LgOxnXrxZ5Gt9Q75U2sxvlHVDiJ168P","baseKeyType":1,"closed":-1,"used":1686320105984,"created":1686320105984,"remoteIdentityKey":"BfbNY6AJGFfKwmVlaRSKweb+xsYiDRYewVsLZUJfjoFz"},"_chains":{"BROUF4N06RHGy1ACKx4kxjrAKVNMXQP5oqPE72D7wGgP":{"chainKey":{"counter":1,"key":"rQa8qNI63Ne10pC5A6/8vqOdLtheV4YgNDScwc2HJ5E="},"chainType":1,"messageKeys":{}}},"pendingPreKey":{"signedKeyId":14,"baseKey":"Bb6oblPs1LPC1LgOxnXrxZ5Gt9Q75U2sxvlHVDiJ168P","preKeyId":14397416}}},"version":"v1"}