{"_sessions":{"BX9TJFpoHLe/6G2Qmcia17UCIlyjElDo4nqcedz76FN5":{"registrationId":1408902065,"currentRatchet":{"ephemeralKeyPair":{"pubKey":"BYzGz1pv1mKnOGO5yqDMeZSFSJ3mIBRy5BUb5doywHV5","privKey":"CEtYM3GWpy2mqYCtB5nUOfoyPWQ3ly0a3G6yWdhwYnQ="},"lastRemoteEphemeralKey":"BRDcognM+stRaqIUfrhv7F+263DkDHnEY9wcX+toY7EW","previousCounter":0,"rootKey":"ox7Kfl6h2x3KqdpR4ay8/CA29yCoq5tAs+fjj2VSqwY="},"indexInfo":{"baseKey":"BX9TJFpoHLe/6G2Qmcia17UCIlyjElDo4nqcedz76FN5","baseKeyType":1,"closed":-1,"used":1686320105333,"created":1686320105333,"remoteIdentityKey":"Bf9DP0KmbHub2cCODOgoSihdM20CValKB5qDGwSyYf0/"},"_chains":{"BYzGz1pv1mKnOGO5yqDMeZSFSJ3mIBRy5BUb5doywHV5":{"chainKey":{"counter":1,"key":"QAX6FRmzQO1RmIQn3n66JG46SNKvtkEeYbgkSwUdPI8="},"chainType":1,"messageKeys":{}}},"pendingPreKey":{"signedKeyId":7,"baseKey":"BX9TJFpoHLe/6G2Qmcia17UCIlyjElDo4nqcedz76FN5","preKeyId":9740771}}},"version":"v1"}