{"_sessions":{"BewpMsgXSuYelz/1Q2byEZJhJeZbXOLe655q5rTDsVoc":{"registrationId":1902438414,"currentRatchet":{"ephemeralKeyPair":{"pubKey":"Be1ROyN0/+nBxEgF4yKKl6Dws5EpzHe5wqxSr0Df5Nt+","privKey":"kP+t6OW7//ofty2PrjbDAEd8crJdwWMkeheZh7/5vG4="},"lastRemoteEphemeralKey":"BShUL7KKEGfij6A7MGU6/YCOM7QPo0IfHUL6rk/5WhI0","previousCounter":0,"rootKey":"WG60gVPQvpTH1318Xd4v6HYBx+A4RWtXyG3o9BUBMLk="},"indexInfo":{"baseKey":"BewpMsgXSuYelz/1Q2byEZJhJeZbXOLe655q5rTDsVoc","baseKeyType":1,"closed":-1,"used":1686274793894,"created":1686274793894,"remoteIdentityKey":"Be70tiGd38Ug4Vw2smuW+rEz25HvhLne6+zD3NcdyUZG"},"_chains":{"Be1ROyN0/+nBxEgF4yKKl6Dws5EpzHe5wqxSr0Df5Nt+":{"chainKey":{"counter":2,"key":"pUK/hkr2gPSsKVNWZZHtegqXdyQ6tDnuSyMyc1bKQAc="},"chainType":1,"messageKeys":{}}},"pendingPreKey":{"signedKeyId":34,"baseKey":"BewpMsgXSuYelz/1Q2byEZJhJeZbXOLe655q5rTDsVoc","preKeyId":7319270}}},"version":"v1"}