{"_sessions":{"BcDJ7GFdwVe60GYKDYXuHiuRNxxA53s9CdrOTdAk3Wgd":{"registrationId":1124727201,"currentRatchet":{"ephemeralKeyPair":{"pubKey":"BSp9hmCelIhx2LqKVo+TfcX62+PeDQjTFD3wO5ogMuog","privKey":"wFyIC8hx4swbwVNq+4C4HHjK2YnXc0Mf5n7kj2VXGm8="},"lastRemoteEphemeralKey":"BZLxC5k4oLNzTmUel2GYmdk/c4CKqbg0MqPOB9ZgYQdo","previousCounter":0,"rootKey":"LSpaOBIPUyL74MtCyIie9kPJvow5N2Y68WDtacf8gGQ="},"indexInfo":{"baseKey":"BcDJ7GFdwVe60GYKDYXuHiuRNxxA53s9CdrOTdAk3Wgd","baseKeyType":1,"closed":-1,"used":1686320105896,"created":1686320105896,"remoteIdentityKey":"Bd17scfD+swGS3rFJLRDNTPzLTBiuUH306pZKwS7WoY1"},"_chains":{"BSp9hmCelIhx2LqKVo+TfcX62+PeDQjTFD3wO5ogMuog":{"chainKey":{"counter":1,"key":"ZsPZdTL8vAJYrJqKFzK3SW7VfvSIc/8uyqz75UsSYUI="},"chainType":1,"messageKeys":{}}},"pendingPreKey":{"signedKeyId":1,"baseKey":"BcDJ7GFdwVe60GYKDYXuHiuRNxxA53s9CdrOTdAk3Wgd"}}},"version":"v1"}