{"_sessions":{"Be5URVcAv7HPWVWL4QY758RpGRLnF9aLG1pkxdNp9rZ7":{"registrationId":395485313,"currentRatchet":{"ephemeralKeyPair":{"pubKey":"BX1rUNIdyIEe7/RnInsEw//V0zWrOVfJHyf9q1jQVG9h","privKey":"wNktAl7/J+xUT85VvycjwNEm+hWM5tBmmAAKnqzLhkw="},"lastRemoteEphemeralKey":"BfZX7JfMb/u8/hr9d8G8nKzHoho5CrYOuIXmnV1hp/4D","previousCounter":2,"rootKey":"1CH37DxpUlHnIg5/y5ZIm0ggDZLgExriOAr+YDVhBqM="},"indexInfo":{"baseKey":"Be5URVcAv7HPWVWL4QY758RpGRLnF9aLG1pkxdNp9rZ7","baseKeyType":1,"closed":-1,"used":1686290518957,"created":1686274793561,"remoteIdentityKey":"BULUbCjbRh2KIg3Ly/FokNNd2HlfFZcJOwSttd/VhBUL"},"_chains":{"BfZX7JfMb/u8/hr9d8G8nKzHoho5CrYOuIXmnV1hp/4D":{"chainKey":{"counter":1,"key":"fPU0oUQvBER/r8O0JFUxkE00Lkp+xFgBYEwYpeGUOCc="},"chainType":2,"messageKeys":{}},"BX1rUNIdyIEe7/RnInsEw//V0zWrOVfJHyf9q1jQVG9h":{"chainKey":{"counter":-1,"key":"AtKMFqDkKvE+XMOcYDtV+bOGGe4A3D2dHXxsaz8tUZE="},"chainType":1,"messageKeys":{}}}}},"version":"v1"}