{"_sessions":{"BSiXIklyhKm9KvPuvvM64hmx66UlneBObVuFcglRhow5":{"registrationId":1277501700,"currentRatchet":{"ephemeralKeyPair":{"pubKey":"BY4iIvuPRSwmPqXSDwplLu3Du2SiYBHtLCPLeD1TX39N","privKey":"kM+UzQ0NzsfR1lTNqo0OfNlq9lGJ1v4GpWV1+kohK1U="},"lastRemoteEphemeralKey":"BedI3nZbEezZIq3Lsdcs73ZkM1T/IuPz/C8z5hlSKJ5T","previousCounter":0,"rootKey":"Y+heYYKb3N3/M+okENpO5R0/Kv1oIrUI5ULOQhkwq08="},"indexInfo":{"baseKey":"BSiXIklyhKm9KvPuvvM64hmx66UlneBObVuFcglRhow5","baseKeyType":1,"closed":-1,"used":1686320105414,"created":1686320105414,"remoteIdentityKey":"BdXDOZIbe9QCA7BVaMLrrmshuvMQCi5bFJ4f3ZIjuap4"},"_chains":{"BY4iIvuPRSwmPqXSDwplLu3Du2SiYBHtLCPLeD1TX39N":{"chainKey":{"counter":1,"key":"NPYA035AUU6v6o/dawC7kauTDZM0AmGFK3Z3sPZDCVk="},"chainType":1,"messageKeys":{}}},"pendingPreKey":{"signedKeyId":10,"baseKey":"BSiXIklyhKm9KvPuvvM64hmx66UlneBObVuFcglRhow5","preKeyId":13798455}}},"version":"v1"}