{"_sessions":{"BUqxwEyzvajoow8xJ7o8YhtTmP0zazUUhq5DRqlp8eAz":{"registrationId":1110146900,"currentRatchet":{"ephemeralKeyPair":{"pubKey":"BTJ1sg33GZk6B6nB6DdIlV2Oa/kEEc6lng1QvQFg5/hh","privKey":"yNDXlUpl6fPCAFSyjcKXf8/5fcvoAnY/hly3UhtFD0Y="},"lastRemoteEphemeralKey":"BXFhUzz8v7aE/GoZiA7/yPpvYmWmLz9lEFnSJ9jW3OFo","previousCounter":0,"rootKey":"zr3E37gWoG9aQNPsSX47//7br5UmOSs9ljQGA9Z7bCQ="},"indexInfo":{"baseKey":"BUqxwEyzvajoow8xJ7o8YhtTmP0zazUUhq5DRqlp8eAz","baseKeyType":1,"closed":-1,"used":1686320105874,"created":1686320105874,"remoteIdentityKey":"BZa9/QTPEy9z/qnMUD2+Az+43jmt3Qek2HSG38AtFt4F"},"_chains":{"BTJ1sg33GZk6B6nB6DdIlV2Oa/kEEc6lng1QvQFg5/hh":{"chainKey":{"counter":1,"key":"AJBCkkIuifv93oZdWQen220mwxoFIX7ZgDJMix2i4V4="},"chainType":1,"messageKeys":{}}},"pendingPreKey":{"signedKeyId":6,"baseKey":"BUqxwEyzvajoow8xJ7o8YhtTmP0zazUUhq5DRqlp8eAz","preKeyId":2048924}}},"version":"v1"}