{"_sessions":{"BWI4n0PqnGQ/SXKoGrIsL8PNeah/T8XdzrJzoiqnixJt":{"registrationId":1448811509,"currentRatchet":{"ephemeralKeyPair":{"pubKey":"BRII18chTrH/1Ywx6ftk1HOX5rtZb3THNXC/6vwYV0p/","privKey":"aHecl1UeG33CcxPBreckXS0QkWQu5i7dsYwLnK3T61g="},"lastRemoteEphemeralKey":"BSBBwmWgAfuSs45O1/mloRpA6ETqeOl1+D4cYsqEGzon","previousCounter":0,"rootKey":"qY4aFUzgvlVUg07IWFc6z6QtUkH44n/gZjjWKGsGGQQ="},"indexInfo":{"baseKey":"BWI4n0PqnGQ/SXKoGrIsL8PNeah/T8XdzrJzoiqnixJt","baseKeyType":1,"closed":-1,"used":1686320104961,"created":1686320104961,"remoteIdentityKey":"BXQxfu8oo1jbUdKnng5KaJaCgk5Ng2A8Hk5FntX5QBRn"},"_chains":{"BRII18chTrH/1Ywx6ftk1HOX5rtZb3THNXC/6vwYV0p/":{"chainKey":{"counter":1,"key":"u0GztRP2fqqBQwFWhg1GfO/IZt8bWTmIrZ/mjfDIUec="},"chainType":1,"messageKeys":{}}},"pendingPreKey":{"signedKeyId":9,"baseKey":"BWI4n0PqnGQ/SXKoGrIsL8PNeah/T8XdzrJzoiqnixJt","preKeyId":2600224}}},"version":"v1"}