{"_sessions":{"BWJNegJzjve27Ub3vs1girnjwxsGH6Z26GWfRjBYZZ4z":{"registrationId":918146071,"currentRatchet":{"ephemeralKeyPair":{"pubKey":"Bf6LIce68BzM3LVGzSlg0oaeuE0VdwK36d/qJ7E4M6Zr","privKey":"GBhNQ+LR4kgxV4RCVSGTSuD5NNosoH31pG+S+f2ZGmU="},"lastRemoteEphemeralKey":"Ba99/CNGSK0rcYReewl0yuUIPPi6RSsE5rI+fa8NqQ8l","previousCounter":0,"rootKey":"YdI/LYBhllXWuO0NqP39uAXt/zuQjRIUHb2QNdjrHSA="},"indexInfo":{"baseKey":"BWJNegJzjve27Ub3vs1girnjwxsGH6Z26GWfRjBYZZ4z","baseKeyType":1,"closed":-1,"used":1686320105118,"created":1686320105118,"remoteIdentityKey":"BXf3PEOl+hsrxAjq1vffRucA3ygNXEdL4S69kmj5V9gv"},"_chains":{"Bf6LIce68BzM3LVGzSlg0oaeuE0VdwK36d/qJ7E4M6Zr":{"chainKey":{"counter":1,"key":"+OElvD6GT1oetL1s1vQDORW7UqAi132DK7F9fOnOww0="},"chainType":1,"messageKeys":{}}},"pendingPreKey":{"signedKeyId":1,"baseKey":"BWJNegJzjve27Ub3vs1girnjwxsGH6Z26GWfRjBYZZ4z","preKeyId":14615423}}},"version":"v1"}