{"_sessions":{"BbJjN5W+ck65zP8cPpvXPQodpD4cqNlZ9FTdWr7jO0c7":{"registrationId":1064640897,"currentRatchet":{"ephemeralKeyPair":{"pubKey":"BYg2NhAT14bwccQEiuz8vd8vj1rWElKmsNaIb0/W9Vsw","privKey":"uGFHj2ZzySoVAZpcJpSS4vzBODsWXZAetsQKilyYcmI="},"lastRemoteEphemeralKey":"BXMG9PVQrZ+0YymOZd22Uywurp/yQvy0N8wHjqPeeU0x","previousCounter":0,"rootKey":"kj9y+Jzxbc+p4OTu5h/dVgEox04bSvIDSbx5X9orEzs="},"indexInfo":{"baseKey":"BbJjN5W+ck65zP8cPpvXPQodpD4cqNlZ9FTdWr7jO0c7","baseKeyType":1,"closed":-1,"used":1686320105949,"created":1686320105949,"remoteIdentityKey":"BeoWozsyVCDQx/QuxnHc+cck2rEmpbp3nf0FNbQXtkot"},"_chains":{"BYg2NhAT14bwccQEiuz8vd8vj1rWElKmsNaIb0/W9Vsw":{"chainKey":{"counter":1,"key":"40S/wreBuzU23xGpkYTlp9lAGKSMTGSxvH8q1umQ0uA="},"chainType":1,"messageKeys":{}}},"pendingPreKey":{"signedKeyId":3,"baseKey":"BbJjN5W+ck65zP8cPpvXPQodpD4cqNlZ9FTdWr7jO0c7"}}},"version":"v1"}