{"_sessions":{"Be8a6rrO/Y9za4KtpDITmQsGfM4vH66eDw+WnhCouL1T":{"registrationId":427061806,"currentRatchet":{"ephemeralKeyPair":{"pubKey":"BQ0CtP5SPYdQZFxqZOM6sYqJQ2jGVjzso5f5+4b/QqVn","privKey":"UKPuAUXpReCebqRG5sZGzh3HxEWvlxzMttIAMXSjMV8="},"lastRemoteEphemeralKey":"BZQ75gmEKx8PfIC0YT00e103TAInUtlzG/6djFNta9Zf","previousCounter":0,"rootKey":"cRDagMOjnQ5q5k2R0a//zQAp6/nGTHtFOqF9Z44TO2E="},"indexInfo":{"baseKey":"Be8a6rrO/Y9za4KtpDITmQsGfM4vH66eDw+WnhCouL1T","baseKeyType":1,"closed":-1,"used":1686274793970,"created":1686274793970,"remoteIdentityKey":"BSBxnLMpGd38S0IXw9FqV14PGUlvQcTMEvnu175c3S4C"},"_chains":{"BQ0CtP5SPYdQZFxqZOM6sYqJQ2jGVjzso5f5+4b/QqVn":{"chainKey":{"counter":2,"key":"qFwMsfAALH12PfR0r65kvGSBjOsgRe1NCWEjdkPZp48="},"chainType":1,"messageKeys":{}}},"pendingPreKey":{"signedKeyId":6,"baseKey":"Be8a6rrO/Y9za4KtpDITmQsGfM4vH66eDw+WnhCouL1T","preKeyId":9794831}}},"version":"v1"}