{"_sessions":{"BZ3n/AlrHBUzoAJmPnqxlZVEb589FXpQorQoc0Apf2xB":{"registrationId":997217553,"currentRatchet":{"ephemeralKeyPair":{"pubKey":"BSD4Vqxvea0i/P7E102WhY5YuAMvgov7DVjMVemVT94T","privKey":"oBtKGIw5rAiD1/v0njy4PlZjwBJmWSBn/iK5mM3mcU4="},"lastRemoteEphemeralKey":"BcZy5mcwqzhU0JPfpGrV74PQnq/iNqYlpi35GortoII6","previousCounter":0,"rootKey":"fLvTdDCe7Pj0ajiIgpDhGuH2+YHQkSWuFuyMlMk6748="},"indexInfo":{"baseKey":"BZ3n/AlrHBUzoAJmPnqxlZVEb589FXpQorQoc0Apf2xB","baseKeyType":1,"closed":-1,"used":1686320105614,"created":1686320105614,"remoteIdentityKey":"Bc0Mu//lRefJeVQ6yvcoZkufWCnHAXcTf6uUDxnHVY08"},"_chains":{"BSD4Vqxvea0i/P7E102WhY5YuAMvgov7DVjMVemVT94T":{"chainKey":{"counter":1,"key":"l4uqNwJuGL3j4xdgUmfkZ7AA64gWj5h4bwDs7Ni3GC0="},"chainType":1,"messageKeys":{}}},"pendingPreKey":{"signedKeyId":8,"baseKey":"BZ3n/AlrHBUzoAJmPnqxlZVEb589FXpQorQoc0Apf2xB","preKeyId":9112123}}},"version":"v1"}