{"_sessions":{"BbBs2RqLETnQMF7T5Vc21Pbd4Ec9awkGtszFhX/8MqUn":{"registrationId":2110028730,"currentRatchet":{"ephemeralKeyPair":{"pubKey":"BRd4yXTFQD2w6ISYhi7Ot85FkIi239cF00Gv911oZ0gD","privKey":"aFYnwLVxGnczRPnjOnrFS0uavSktDWHZMvCPYsjn33I="},"lastRemoteEphemeralKey":"BesVdsWtXfo9cJMSAaJmyvqW1A4cV1+kzInVw9Ur16d5","previousCounter":0,"rootKey":"Y+xfxdyIYJdCj+wt+y2CKXpIpTBIJgO4e5qPMFhq8sk="},"indexInfo":{"baseKey":"BbBs2RqLETnQMF7T5Vc21Pbd4Ec9awkGtszFhX/8MqUn","baseKeyType":1,"closed":-1,"used":1686320105500,"created":1686320105500,"remoteIdentityKey":"BYPE6FeioFhiF5UU4Ca53WGsx2h8uukSBgCwIX2Iz8oW"},"_chains":{"BRd4yXTFQD2w6ISYhi7Ot85FkIi239cF00Gv911oZ0gD":{"chainKey":{"counter":1,"key":"AZs+Hv3r1lbsWUhdFtY/Pjz/owRKiSEeHUiDXMqPANs="},"chainType":1,"messageKeys":{}}},"pendingPreKey":{"signedKeyId":0,"baseKey":"BbBs2RqLETnQMF7T5Vc21Pbd4Ec9awkGtszFhX/8MqUn","preKeyId":8763945}}},"version":"v1"}