{"_sessions":{"BZVC+bC3aHSWpxFWEKwhY7WHk41lNBE05VEtsOql8LYt":{"registrationId":1479923859,"currentRatchet":{"ephemeralKeyPair":{"pubKey":"BXiybL1TbtGON1VL0p0kBkAFwAcWanT1Meo8e5c6tL9o","privKey":"gEiOZVVsX78Kq/w48nZuO8B9r62YC9u+q9PyMvreP2U="},"lastRemoteEphemeralKey":"BV/PxeqqZLsA2Soa4zOvzxDlUsKyGbycklf9WdxcqUp1","previousCounter":0,"rootKey":"aeasFfa+r7zhY0qGO5lFLZvaMebfYdtIAB5N0oLT0Kc="},"indexInfo":{"baseKey":"BZVC+bC3aHSWpxFWEKwhY7WHk41lNBE05VEtsOql8LYt","baseKeyType":1,"closed":1686266328382,"used":1686261586015,"created":1686261586015,"remoteIdentityKey":"BSSj4DKLG5GmEhYDgPShclQhEM96dFr3UJ7CVHQjBqpo"},"_chains":{"BXiybL1TbtGON1VL0p0kBkAFwAcWanT1Meo8e5c6tL9o":{"chainKey":{"counter":19,"key":"OZgDR+ZxuGRQ0NtPm9bruDORmt2Ud4RRypwVGKsvAuU="},"chainType":1,"messageKeys":{}}},"pendingPreKey":{"signedKeyId":2,"baseKey":"BZVC+bC3aHSWpxFWEKwhY7WHk41lNBE05VEtsOql8LYt"}},"BaV/BOv94t8jTaCaaGUKM2daUVtLp2EPu09qqQ1GIalp":{"registrationId":1479923859,"currentRatchet":{"ephemeralKeyPair":{"pubKey":"BWFQDptswO8rDjSs9h7CqUCQSYo+xl07rd82vtezQad0","privKey":"0DSyuAIfYd102LsS93PGHfh3aLa6Zy1unlx5k+JLfHM="},"lastRemoteEphemeralKey":"Ba7C7cGcqd9Trew4OmJg9pvlXDiDGrIKtNWWZ0shiqgm","previousCounter":41,"rootKey":"RgXKYicOsEVzOkWu+lMwdKYlVHjNH6xkI4QCTXgC8w8="},"indexInfo":{"baseKey":"BaV/BOv94t8jTaCaaGUKM2daUVtLp2EPu09qqQ1GIalp","baseKeyType":1,"closed":-1,"used":1686320115827,"created":1686266328376,"remoteIdentityKey":"BSSj4DKLG5GmEhYDgPShclQhEM96dFr3UJ7CVHQjBqpo"},"_chains":{"BRWTjqIIzt7fUN4s01d/gOimD8a/V8fYsTmf/rRb8/MU":{"chainKey":{"counter":0},"chainType":2,"messageKeys":{}},"Ba7C7cGcqd9Trew4OmJg9pvlXDiDGrIKtNWWZ0shiqgm":{"chainKey":{"counter":0,"key":"1VcB1rsxDCqHXhLG1EAPeCAZ1Q5KqDdDu/myfIFS5RQ="},"chainType":2,"messageKeys":{}},"BWFQDptswO8rDjSs9h7CqUCQSYo+xl07rd82vtezQad0":{"chainKey":{"counter":615,"key":"ZxImHV0k01vDICsX4g3yJmODToQliAL6uexfhknacno="},"chainType":1,"messageKeys":{}}}}},"version":"v1"}