{"_sessions":{"BcL61DoCvoCSS/0YevGHfUcWZ4popJEVvUUaDYD2eh45":{"registrationId":739352110,"currentRatchet":{"ephemeralKeyPair":{"pubKey":"BQqcUfkfsrBTGgyIX4gtaDNjGuhouqa8H/7OQ6VQq6NE","privKey":"GHxIIAYqNu4iZAkmNw9NKHMKOwVgVPiZyWkBwNIsOHs="},"lastRemoteEphemeralKey":"BTAXNcVsj/HDY3jwlpqQvAwrjYDllSgJse2/W3xsXm9O","previousCounter":0,"rootKey":"BctNXnXKBgdgMJZHhJXiXI7eH5LUau7rv/OXJ3RaTMM="},"indexInfo":{"baseKey":"BcL61DoCvoCSS/0YevGHfUcWZ4popJEVvUUaDYD2eh45","baseKeyType":1,"closed":-1,"used":1686320105238,"created":1686320105238,"remoteIdentityKey":"BbkXjhVzKYS0RYHqmb+o37pSqtKVqoJMPV6GLrimEhh9"},"_chains":{"BQqcUfkfsrBTGgyIX4gtaDNjGuhouqa8H/7OQ6VQq6NE":{"chainKey":{"counter":1,"key":"Gzw1prBu/U2vvBYIZeCNqgZbp67yOKEBHI9bTxEdG3M="},"chainType":1,"messageKeys":{}}},"pendingPreKey":{"signedKeyId":2,"baseKey":"BcL61DoCvoCSS/0YevGHfUcWZ4popJEVvUUaDYD2eh45","preKeyId":6281198}}},"version":"v1"}