{"_sessions":{"BWgb7W6I06dOr1rBCIrtfLHW/xpmYQtiCDY0r76T7R55":{"registrationId":1740256829,"currentRatchet":{"ephemeralKeyPair":{"pubKey":"BbEiOKGdp7N5Hot3p9oeFygdWKyNtHfNFGtYb9IXEVAD","privKey":"YDiQKM6MFcD2AmWICTXoROWMbEynwSUqTImfp4ocs1M="},"lastRemoteEphemeralKey":"BV55ncjyK4dmCDQeCHIEJzF8LLQZMf42Xky4hz82GrUw","previousCounter":0,"rootKey":"8MqUPAJ2h7NEBP7zBGgX5YndL4bGRN2cNYI562TEPEg="},"indexInfo":{"baseKey":"BWgb7W6I06dOr1rBCIrtfLHW/xpmYQtiCDY0r76T7R55","baseKeyType":1,"closed":-1,"used":1686320105770,"created":1686320105770,"remoteIdentityKey":"Ba+gOIKSsrEIcorgxDVn6DaYCR1GxdnuznzFLiYIZmgP"},"_chains":{"BbEiOKGdp7N5Hot3p9oeFygdWKyNtHfNFGtYb9IXEVAD":{"chainKey":{"counter":1,"key":"/Nhg8PMIe6e+N7Wyqs4M7h9eXIT/sDvrIMlhXngAK9g="},"chainType":1,"messageKeys":{}}},"pendingPreKey":{"signedKeyId":16,"baseKey":"BWgb7W6I06dOr1rBCIrtfLHW/xpmYQtiCDY0r76T7R55","preKeyId":10078969}}},"version":"v1"}