{"_sessions":{"BfeS20BcpKHFH8PHFpscyqdc0CQV4am8RLlK/7aV2NFU":{"registrationId":299389815,"currentRatchet":{"ephemeralKeyPair":{"pubKey":"Ba7WhUIGJaLQT6jPxkcHOLUg3zJLDX48K9Zn+veC479F","privKey":"8IwKRTmcyo3Y/CEIMnfF1MBL6VXg9fGwXxLhjDOjClY="},"lastRemoteEphemeralKey":"BQNZLD/eyeca3Hdo53XKx4frbXOplpsdKZ45DpbHrzZH","previousCounter":0,"rootKey":"3g072HpjSh/SgnOq36tTCgvVhm3LdihA7hBL9EKkDMs="},"indexInfo":{"baseKey":"BfeS20BcpKHFH8PHFpscyqdc0CQV4am8RLlK/7aV2NFU","baseKeyType":1,"closed":-1,"used":1686320105626,"created":1686320105626,"remoteIdentityKey":"BfRBO/yvia2Mr0VQ8WHaA3u6owwnBL5FoY9yau9ryqZZ"},"_chains":{"Ba7WhUIGJaLQT6jPxkcHOLUg3zJLDX48K9Zn+veC479F":{"chainKey":{"counter":1,"key":"OTouBRqO80zM6muUOyGH66vEakB2jF+SPnFQT66DfLk="},"chainType":1,"messageKeys":{}}},"pendingPreKey":{"signedKeyId":2,"baseKey":"BfeS20BcpKHFH8PHFpscyqdc0CQV4am8RLlK/7aV2NFU","preKeyId":13498576}}},"version":"v1"}