{"_sessions":{"BYZj5BtMuRw1IJFQj2XYs1iooe3KfvSitbKhXTriETMH":{"registrationId":1814705078,"currentRatchet":{"ephemeralKeyPair":{"pubKey":"Be4YDFemX2/19o3JCaJyT11WcYXYJRlQiG27tzYaXd8h","privKey":"qAyMMz3aSyfv6Xys4GF0xXF3Fm28uv2waNBAAROnfnw="},"lastRemoteEphemeralKey":"BVmyNOjm8cfEhp1L6yndWwX/p06EFGuljKZaAlZ2NJUx","previousCounter":2,"rootKey":"uCAOrH086PR2c4Ph8022DpmVG3UIlHAgRHhJvH98hGQ="},"indexInfo":{"baseKey":"BYZj5BtMuRw1IJFQj2XYs1iooe3KfvSitbKhXTriETMH","baseKeyType":1,"closed":-1,"used":1686294128853,"created":1686274793927,"remoteIdentityKey":"BWkL+h+llZV0g3S9o8PAbgfd61TDc4izKkjylIiuqycu"},"_chains":{"BVmyNOjm8cfEhp1L6yndWwX/p06EFGuljKZaAlZ2NJUx":{"chainKey":{"counter":0,"key":"XCP2hKduqzTmSt68ycBg9Rfeo5/9Sft5FRasphWvxuk="},"chainType":2,"messageKeys":{}},"Be4YDFemX2/19o3JCaJyT11WcYXYJRlQiG27tzYaXd8h":{"chainKey":{"counter":-1,"key":"uMDlxuiZZF/F20qMi1LO05/eJDZ24C2+62jBNAun3hc="},"chainType":1,"messageKeys":{}}}}},"version":"v1"}