{"_sessions":{"BUp3bQ7HVDgvivijiDh1GRFmz1Xy1H1lrFt6o2bU/9cA":{"registrationId":533885650,"currentRatchet":{"ephemeralKeyPair":{"pubKey":"BQH3Eih4GnmeJhvtpWSGYgJ89TlE9p9151IKlO89/ARR","privKey":"2AdKy8UTveCaZqAOHB1yoYvuQhe2gBEcVs/tpbW/v1Y="},"lastRemoteEphemeralKey":"Bc5exHBid7sL76ookk3EhUYBLh/vSmpID2y30UCsdrsd","previousCounter":0,"rootKey":"/bQIYd4kxdNf5up5T6/iyZfFnVPLeg6Yjz4RTR1TEss="},"indexInfo":{"baseKey":"BUp3bQ7HVDgvivijiDh1GRFmz1Xy1H1lrFt6o2bU/9cA","baseKeyType":1,"closed":1686320106600,"used":1686320105317,"created":1686320105317,"remoteIdentityKey":"Bcul0u2KU8qSJiuJfN52XD/Z+A0h9kwpyJNE+NLQC84E"},"_chains":{"BQH3Eih4GnmeJhvtpWSGYgJ89TlE9p9151IKlO89/ARR":{"chainKey":{"counter":0,"key":"tIAorMNpY/jCQ7MYogPMFLSF8rDxaGOVLUsRJ1QXTWc="},"chainType":1,"messageKeys":{}}},"pendingPreKey":{"signedKeyId":1,"baseKey":"BUp3bQ7HVDgvivijiDh1GRFmz1Xy1H1lrFt6o2bU/9cA","preKeyId":4214379}},"Bbd5FJsxtI9W4pebEVWNjpUumuJBrud9fkUVcEYgONdK":{"registrationId":533885650,"currentRatchet":{"ephemeralKeyPair":{"pubKey":"BZWAZ5nCa2yF28QGCHKj1HE7LNiSigtn5xdObTXXAJoo","privKey":"+GBu83dtD0VkOSgGofeC+JcbbV84r3VyqSDaLN5aJGw="},"lastRemoteEphemeralKey":"BUZs6sxgUZTo6QYMYrENyyZ70Ly8sq217KIXx2+Ix0Be","previousCounter":0,"rootKey":"ZS8bC/j07Rei2gwwhvgXG2RRLwuyhV3fEfbK+0BMN1I="},"indexInfo":{"baseKey":"Bbd5FJsxtI9W4pebEVWNjpUumuJBrud9fkUVcEYgONdK","baseKeyType":2,"closed":-1,"used":1686320106611,"created":1686320106611,"remoteIdentityKey":"Bcul0u2KU8qSJiuJfN52XD/Z+A0h9kwpyJNE+NLQC84E"},"_chains":{"BUZs6sxgUZTo6QYMYrENyyZ70Ly8sq217KIXx2+Ix0Be":{"chainKey":{"counter":0,"key":"T7VcldzNsIycWK+ejsNvoeshdrsiWLxwNfAu8UydyL0="},"chainType":2,"messageKeys":{}},"BZWAZ5nCa2yF28QGCHKj1HE7LNiSigtn5xdObTXXAJoo":{"chainKey":{"counter":0,"key":"WBJf3jQZj7OF0D8vbMNbaDHuig4PoPpTjBo4p/Ggw/E="},"chainType":1,"messageKeys":{}}}}},"version":"v1"}