{"_sessions":{"BZLZjsXiGoY6LCnPsWr865bB55dbYDh6MEoBiNHw2VRx":{"registrationId":101514898,"currentRatchet":{"ephemeralKeyPair":{"pubKey":"BaB9lmZplS6048GwZiMmccJI7ti+hjDBX6UC5KvTA0cT","privKey":"qIxeXmmLQaiIoJpwg7h7QcHd+Bj/HALIulYxtNAJcmA="},"lastRemoteEphemeralKey":"BRy5GhfxbE15B++RIeymZ53LKjXHPcPvmHnz280BUUMl","previousCounter":0,"rootKey":"nc9QDQsImj+85d5rD3LIf+C13KKh5IDcxqKXeOXwn5A="},"indexInfo":{"baseKey":"BZLZjsXiGoY6LCnPsWr865bB55dbYDh6MEoBiNHw2VRx","baseKeyType":1,"closed":-1,"used":1686320104841,"created":1686320104841,"remoteIdentityKey":"Ba15Fpl1iBTDfQw6FA4r5eNnaFBq3LwyE63C5FybL/VL"},"_chains":{"BaB9lmZplS6048GwZiMmccJI7ti+hjDBX6UC5KvTA0cT":{"chainKey":{"counter":1,"key":"u6t+uvwW6nLhH2+d00Z6ObKMEmazP8FWI1gjD8mB6Po="},"chainType":1,"messageKeys":{}}},"pendingPreKey":{"signedKeyId":2,"baseKey":"BZLZjsXiGoY6LCnPsWr865bB55dbYDh6MEoBiNHw2VRx","preKeyId":13879607}}},"version":"v1"}