{"_sessions":{"BfnV4mujTU5dw/hVTEVEwWnsT3Hn0gchLqWlQKoLQncB":{"registrationId":941487777,"currentRatchet":{"ephemeralKeyPair":{"pubKey":"BcEex55DVdpz1PEskAfKFStEIopWUM2qiU3QJw4VRetf","privKey":"2CvVo7aqu5t9tJhvZb4VcoC37+ZfihRjmP30nxWialc="},"lastRemoteEphemeralKey":"BSPxFHzBitbWNFhQvo+oBQT/5A2KIOEYfj4zYI0FriFs","previousCounter":0,"rootKey":"kF816iC0zd+jZ8B3MVrBIjcc1Ra7xGLybh6Ts3X8jX0="},"indexInfo":{"baseKey":"BfnV4mujTU5dw/hVTEVEwWnsT3Hn0gchLqWlQKoLQncB","baseKeyType":1,"closed":-1,"used":1686320104973,"created":1686320104973,"remoteIdentityKey":"BfWySHMMpbre3ca01TbCT4bCXF8N/zUtf765Q6+0jnIO"},"_chains":{"BcEex55DVdpz1PEskAfKFStEIopWUM2qiU3QJw4VRetf":{"chainKey":{"counter":1,"key":"e8KKUnx6aRjp0ES5hmr4SmaSIoTapqVI58SkpDTPdlQ="},"chainType":1,"messageKeys":{}}},"pendingPreKey":{"signedKeyId":6,"baseKey":"BfnV4mujTU5dw/hVTEVEwWnsT3Hn0gchLqWlQKoLQncB","preKeyId":9404158}}},"version":"v1"}