{"_sessions":{"BYBmEai3M7DcXEKi0Tl9SmsIKKf2dGsbUfxoX5kRZKsu":{"registrationId":346871644,"currentRatchet":{"ephemeralKeyPair":{"pubKey":"BZKiVDZ0T/2pvsFvuyu0tbkxFRcvLW4NFWaZVqMCOQw5","privKey":"gP8RPHaTVEDVZoJA+rrLvEh2T2X53kTvEMy/lLe6GHM="},"lastRemoteEphemeralKey":"BRhAq1oCo9uk1PkK/Ao0TskF4sOacGwpZHLKM1boHysT","previousCounter":0,"rootKey":"SzZn0DuC/j7Oe2GJiUn+/3UlaO7siJkd4DfLr5Q3Zzc="},"indexInfo":{"baseKey":"BYBmEai3M7DcXEKi0Tl9SmsIKKf2dGsbUfxoX5kRZKsu","baseKeyType":1,"closed":-1,"used":1686320105222,"created":1686320105222,"remoteIdentityKey":"Bdh6nvcjUeDbSf13ihTQjacOQcrxPu0ONMPyDVyqB7BJ"},"_chains":{"BZKiVDZ0T/2pvsFvuyu0tbkxFRcvLW4NFWaZVqMCOQw5":{"chainKey":{"counter":1,"key":"7xQqybQXCYyt53AYGrOECj8ykYKoad6o+BSk0RA3OEs="},"chainType":1,"messageKeys":{}}},"pendingPreKey":{"signedKeyId":5,"baseKey":"BYBmEai3M7DcXEKi0Tl9SmsIKKf2dGsbUfxoX5kRZKsu","preKeyId":6179012}}},"version":"v1"}