{"_sessions":{"BZJUTs9CHQEnIPDgMUNqL4VGQob4xdkvoFblGZ7WpdM0":{"registrationId":366193487,"currentRatchet":{"ephemeralKeyPair":{"pubKey":"Bf/aHDtqLG3hyUf8XTeswE1LO8MZeSTomFddQaVCPL4b","privKey":"+F+bRutRXbGF2Wuj9UwO5wrFoVGU0vQ4zPhACJ7VwkI="},"lastRemoteEphemeralKey":"BV6a/ulI3HAGrQW5uqxbIhIZLbhiccQmXz4NGTv0kaNd","previousCounter":0,"rootKey":"d8wzSs+p22r/JynILkMHZWedNviWGU8+kTevw4elVkg="},"indexInfo":{"baseKey":"BZJUTs9CHQEnIPDgMUNqL4VGQob4xdkvoFblGZ7WpdM0","baseKeyType":1,"closed":-1,"used":1686274793948,"created":1686274793948,"remoteIdentityKey":"BfuDIPe/7ckXF1SBuZ1ZYK2/y1dX3AF/w5gzrRAclFpS"},"_chains":{"Bf/aHDtqLG3hyUf8XTeswE1LO8MZeSTomFddQaVCPL4b":{"chainKey":{"counter":2,"key":"Xdf3WxjH0gCYyIA/wjGOkp2tAfuOIRtJvKV0VOfOrtI="},"chainType":1,"messageKeys":{}}},"pendingPreKey":{"signedKeyId":9,"baseKey":"BZJUTs9CHQEnIPDgMUNqL4VGQob4xdkvoFblGZ7WpdM0","preKeyId":15411700}}},"version":"v1"}