{"_sessions":{"BeyEs8Kffy/8JDXc6T2nqu1f107lewFe0hr/NtmIVl91":{"registrationId":1088559409,"currentRatchet":{"ephemeralKeyPair":{"pubKey":"BQEKBvBjFQ3fzGWamjp8+wUQM7Xt3QLtZqeNUTsYWlMC","privKey":"SF9Mpxq6UjZzOpi5g/LuqYiczYsHtlLph4zxg6rB7GI="},"lastRemoteEphemeralKey":"BaJ7EReP2aAiUi30J6G5ZdLZPB7zbD6Ye7mrXzfoNxQU","previousCounter":0,"rootKey":"kR4Z8bp0yRIYFolSXSQ/WSjWKthDb/UpPKh+Z9zotqY="},"indexInfo":{"baseKey":"BeyEs8Kffy/8JDXc6T2nqu1f107lewFe0hr/NtmIVl91","baseKeyType":1,"closed":-1,"used":1686320104812,"created":1686320104812,"remoteIdentityKey":"BVQmi1hi+VqfY/A6lqKKkPCX5l429k+WYDzBlnq4pgAI"},"_chains":{"BQEKBvBjFQ3fzGWamjp8+wUQM7Xt3QLtZqeNUTsYWlMC":{"chainKey":{"counter":1,"key":"30OQRXEm54kY834Sx1bCZehgHyIXlsc0XTYiuo07r6s="},"chainType":1,"messageKeys":{}}},"pendingPreKey":{"signedKeyId":21,"baseKey":"BeyEs8Kffy/8JDXc6T2nqu1f107lewFe0hr/NtmIVl91","preKeyId":145577}}},"version":"v1"}