{"_sessions":{"BRSiojOT9ax4fDs33Xh5+m5mnh88nPxbcSD/2dGO0Gxl":{"registrationId":210270010,"currentRatchet":{"ephemeralKeyPair":{"pubKey":"BZ3qzMx4peq0nTgUptczGvCZrLPD5nKwBysoTd3LgrsU","privKey":"UOWE7vH9JLmVMyXgxaEMDCnduWKEWZ4KNJy3tI9xZHU="},"lastRemoteEphemeralKey":"BVD66gTq66nlFEadONuuXMgd5MEIHGIqeXg0AypA8Dlm","previousCounter":0,"rootKey":"yoNM7ZG20RyyAdWnIDm0gwUrR6AVAtP8ezobFpY7Gn8="},"indexInfo":{"baseKey":"BRSiojOT9ax4fDs33Xh5+m5mnh88nPxbcSD/2dGO0Gxl","baseKeyType":1,"closed":-1,"used":1686274793916,"created":1686274793916,"remoteIdentityKey":"BW8/RlN5g60wlX4jQwhb2dg6DOF6rgWaTKZAVdhYV3gy"},"_chains":{"BZ3qzMx4peq0nTgUptczGvCZrLPD5nKwBysoTd3LgrsU":{"chainKey":{"counter":2,"key":"023lFvi4siCvrLw6E+Ga1byw2Eog/lgVt3yV3frMILI="},"chainType":1,"messageKeys":{}}},"pendingPreKey":{"signedKeyId":15,"baseKey":"BRSiojOT9ax4fDs33Xh5+m5mnh88nPxbcSD/2dGO0Gxl","preKeyId":12732046}}},"version":"v1"}