{"_sessions":{"BYgPu2VFDKjpn035pHF1QfUFdev69V8MI12S6qA9Wi1b":{"registrationId":1938537789,"currentRatchet":{"ephemeralKeyPair":{"pubKey":"BRu1ito+1kdg9VxQVQWtTqw94xMjomgR0ZXT3J7q1I5C","privKey":"KCRmg5MlXAaWVzzP5Fu7rTUuRhGAlsjFytttY6Hzykc="},"lastRemoteEphemeralKey":"Bbrf2skDYNzEppGCh4RW0D97PzfWWl3MxrHGZMtaCaoh","previousCounter":0,"rootKey":"MBdfuVniLWBVW/0K6+BD1AvAMIi99zTkGNYMlTdgBzw="},"indexInfo":{"baseKey":"BYgPu2VFDKjpn035pHF1QfUFdev69V8MI12S6qA9Wi1b","baseKeyType":2,"closed":-1,"used":1686320107656,"created":1686320107656,"remoteIdentityKey":"Be8DqTamVPOXsG1L31VLFRRx0OoND1XP4Egs4d97sG9b"},"_chains":{"Bbrf2skDYNzEppGCh4RW0D97PzfWWl3MxrHGZMtaCaoh":{"chainKey":{"counter":1,"key":"r3css2JYtMoxvKP/ww5oLmod/2/kRmtLm+kcLKVmLCk="},"chainType":2,"messageKeys":{}},"BRu1ito+1kdg9VxQVQWtTqw94xMjomgR0ZXT3J7q1I5C":{"chainKey":{"counter":-1,"key":"Rc2plmHHvEgCAKTEqtc9U6MkQXcCWt/qSaRDR6oMnEU="},"chainType":1,"messageKeys":{}}}}},"version":"v1"}