{"_sessions":{"BRBoTH74dC4Vnihi/8WaJ3G8BQLd8WH7jh+w5zONPk1Q":{"registrationId":637000683,"currentRatchet":{"ephemeralKeyPair":{"pubKey":"BWkqvLMb9MlP8dKnsyZauEf15XA71kGzHFL5acSIa2sU","privKey":"0Afg0sLObKSfl8fsz2Ml+yBjehHqLqYDPUHFUhnpbXI="},"lastRemoteEphemeralKey":"BUs6dA+E3DMIzsPWxglwVDEsnx9Qm3vERLVQTZKMARhd","previousCounter":0,"rootKey":"lbUenlMYmz2DbAXfz2GF/fVENDWmTjciTo3ILcDGBWE="},"indexInfo":{"baseKey":"BRBoTH74dC4Vnihi/8WaJ3G8BQLd8WH7jh+w5zONPk1Q","baseKeyType":1,"closed":-1,"used":1686320105021,"created":1686320105021,"remoteIdentityKey":"BQfKtLIscO4J1LrXw3Do0RHtgih56nx33Lkb2LQe/9AU"},"_chains":{"BWkqvLMb9MlP8dKnsyZauEf15XA71kGzHFL5acSIa2sU":{"chainKey":{"counter":1,"key":"5pahxhU2oPKELY/EWfVQambbJc6JH9owWeAifNmBN1I="},"chainType":1,"messageKeys":{}}},"pendingPreKey":{"signedKeyId":7,"baseKey":"BRBoTH74dC4Vnihi/8WaJ3G8BQLd8WH7jh+w5zONPk1Q","preKeyId":12732860}}},"version":"v1"}