{"_sessions":{"BaSzAQ5cbmNBM+6xTdGLmV2+Wp7CfxIxr3eFDjFi0eBp":{"registrationId":1686896681,"currentRatchet":{"ephemeralKeyPair":{"pubKey":"BXrkaFeHeuG7aA+ILSVBJQ038ZLtf7XZJgtt18dHz1sh","privKey":"4HHPiFGF1eCfHToT3VJyNNpz4PkAXxcDzbvvm7S3Z3w="},"lastRemoteEphemeralKey":"BUQyGFM89OJdc5eTdU2WihQ6KjGljKBBW4oNbyx1qwgL","previousCounter":0,"rootKey":"cWAShWw/eqxv2/eHqBwU+BYnKT4TexBGeXaFPUYd4Ao="},"indexInfo":{"baseKey":"BaSzAQ5cbmNBM+6xTdGLmV2+Wp7CfxIxr3eFDjFi0eBp","baseKeyType":1,"closed":-1,"used":1686320105301,"created":1686320105301,"remoteIdentityKey":"Bdid9ynx/pHLBCKcjJr+JvuOaQzm40MLZ0sfET6j9sRY"},"_chains":{"BXrkaFeHeuG7aA+ILSVBJQ038ZLtf7XZJgtt18dHz1sh":{"chainKey":{"counter":1,"key":"JggFF6fQtz5l6hnKWAAen/XvGksk70TRyE6SaieDRig="},"chainType":1,"messageKeys":{}}},"pendingPreKey":{"signedKeyId":25,"baseKey":"BaSzAQ5cbmNBM+6xTdGLmV2+Wp7CfxIxr3eFDjFi0eBp","preKeyId":6625932}}},"version":"v1"}