{"_sessions":{"BRT4sM3u4o9Wad/UhJZ5279RdBxG97QAhn1eV0e1+7pw":{"registrationId":1215930480,"currentRatchet":{"ephemeralKeyPair":{"pubKey":"BW9RwJzVEGK5dS8o5CdEhiuWcSaw7dkA9dF3Fm+ZgS56","privKey":"gCwSEdJBcQtNTeGuHul8l/mTkcuDZjHzPvpyRtnc80U="},"lastRemoteEphemeralKey":"BaCpvarm1tZ+5y/jW1UJgAgc9RXYezFkCQHHbOHay3pn","previousCounter":0,"rootKey":"oVQNeJrjvJUlDq4RQKzFjwtC3o9CngMbEeVVerM7xZM="},"indexInfo":{"baseKey":"BRT4sM3u4o9Wad/UhJZ5279RdBxG97QAhn1eV0e1+7pw","baseKeyType":1,"closed":-1,"used":1686274793937,"created":1686274793937,"remoteIdentityKey":"BYFLbemHCFkHZPKxK6O2JTE0qDi7tSD9D3u8xas16NQB"},"_chains":{"BW9RwJzVEGK5dS8o5CdEhiuWcSaw7dkA9dF3Fm+ZgS56":{"chainKey":{"counter":2,"key":"H6XKbyE0S3Gp1PehJCpZZaTMDYWweu9O95BrLlaXlA8="},"chainType":1,"messageKeys":{}}},"pendingPreKey":{"signedKeyId":16,"baseKey":"BRT4sM3u4o9Wad/UhJZ5279RdBxG97QAhn1eV0e1+7pw","preKeyId":11721732}}},"version":"v1"}