{"_sessions":{"BfBnK5xPX7ke/IvyIEgNvcSU5IQZFUZjXIpSOZscd9Ue":{"registrationId":643286231,"currentRatchet":{"ephemeralKeyPair":{"pubKey":"BUiYE5+rl/zc8cHVDuE88GF15H97yDDHphcnB5PFdCwa","privKey":"qDoqW5dB2WWsMzP5+hSYyj6BuR4jUbqOWDqa1UnoKVE="},"lastRemoteEphemeralKey":"BfJO0QfN8Wb0GP2fLkNa5s8KZdla/ekjwzLGOQ3eyCh4","previousCounter":0,"rootKey":"Xj47OCkDvB8TPUDftHgFqMmFMqr3ZvvfRK9w/vX0EqA="},"indexInfo":{"baseKey":"BfBnK5xPX7ke/IvyIEgNvcSU5IQZFUZjXIpSOZscd9Ue","baseKeyType":1,"closed":-1,"used":1686320104881,"created":1686320104881,"remoteIdentityKey":"Bf+xLvAnrO43Vb6n2cXgS/AlMCuxi1mcEzTkTkaigRoW"},"_chains":{"BUiYE5+rl/zc8cHVDuE88GF15H97yDDHphcnB5PFdCwa":{"chainKey":{"counter":1,"key":"99y3+AFXnAcY3lDQdEDnmgUH7rJlN1yk0bCEHVFUYog="},"chainType":1,"messageKeys":{}}},"pendingPreKey":{"signedKeyId":8,"baseKey":"BfBnK5xPX7ke/IvyIEgNvcSU5IQZFUZjXIpSOZscd9Ue","preKeyId":523151}}},"version":"v1"}