{"_sessions":{"BTktcfVbHIXqmOZlEaGpyjGe8nmRIgI9HiScY1mMzTFe":{"registrationId":1030278017,"currentRatchet":{"ephemeralKeyPair":{"pubKey":"BU5VxPf8Wy6JdHx6z2dlIvZxOoXK4IUSFhufHztkwqNf","privKey":"IJuA5vFYh4djkoj1T2Mk28wFHnj7F//lJfgiVZ8raVA="},"lastRemoteEphemeralKey":"BVAOyd0iR5E1KLd3T6iJAojTr15y9GpKz8CS6i9sV4QI","previousCounter":0,"rootKey":"j/rpgQOqCkphcAAHdoyMezwDTp3RuF71jS2q7te0aWw="},"indexInfo":{"baseKey":"BTktcfVbHIXqmOZlEaGpyjGe8nmRIgI9HiScY1mMzTFe","baseKeyType":1,"closed":-1,"used":1686320105806,"created":1686320105806,"remoteIdentityKey":"BSphq5XBbZqncK8J7tPhhlk2obPUVJz6ApORvhtAvcZ2"},"_chains":{"BU5VxPf8Wy6JdHx6z2dlIvZxOoXK4IUSFhufHztkwqNf":{"chainKey":{"counter":1,"key":"hDenF0XHYudcV+RwgCnevOrWze05ehF3jcF2bWem6Rs="},"chainType":1,"messageKeys":{}}},"pendingPreKey":{"signedKeyId":4,"baseKey":"BTktcfVbHIXqmOZlEaGpyjGe8nmRIgI9HiScY1mMzTFe"}}},"version":"v1"}