{"_sessions":{"BbL0mpGrA9tIyHys1z+srjxgwCan/NO0d/OaXSQYuLNV":{"registrationId":739207071,"currentRatchet":{"ephemeralKeyPair":{"pubKey":"BarDy9l87LQGy41NvJwpk+gDrhvE+QOdRW1auxXDSC4M","privKey":"yDcnnq4r1kKM4l44e0mKQnLk0KI/9/7NiCCA6Bf16FQ="},"lastRemoteEphemeralKey":"BTFNoYB77Gwezy5OQTKr/KB65Za8QxKYzONaJDRuXhVJ","previousCounter":0,"rootKey":"VTpjKTA3wihb5DaEmO3fVQd9ITYP2tpqm1ARETSydSs="},"indexInfo":{"baseKey":"BbL0mpGrA9tIyHys1z+srjxgwCan/NO0d/OaXSQYuLNV","baseKeyType":1,"closed":-1,"used":1686320105783,"created":1686320105783,"remoteIdentityKey":"BdFZCqYSqBiepYoEmz2c6wtkA5JcrzSewgG9V+js5Xcm"},"_chains":{"BarDy9l87LQGy41NvJwpk+gDrhvE+QOdRW1auxXDSC4M":{"chainKey":{"counter":1,"key":"RdpaoKrp5Tsj6MKH7aCeqAw5WvwuoZYeDzjZTocxDx4="},"chainType":1,"messageKeys":{}}},"pendingPreKey":{"signedKeyId":4,"baseKey":"BbL0mpGrA9tIyHys1z+srjxgwCan/NO0d/OaXSQYuLNV","preKeyId":6536665}}},"version":"v1"}