{"_sessions":{"BbJ5uIiKLVdIOivF7UKlRveYVsS/cMsL0VdvHoU2ChhS":{"registrationId":4878,"currentRatchet":{"ephemeralKeyPair":{"pubKey":"BUYdq7rbBVGH4HwvkUEsmCcXzGsWbPQTB1C+Ywa0FscV","privKey":"YAMDYek57u1M4ZCsZXDQqf9OdwVE/OQ/JQ6bEW2FjWM="},"lastRemoteEphemeralKey":"BX0TO/WRgoqW+7yrz7pgei/GMp64h1ZOWDMbpS3WbGd6","previousCounter":0,"rootKey":"Z/+Rq22MqrcktQu9iXAJ2C8Bu3mAV0BQLQbeZ/2HNss="},"indexInfo":{"baseKey":"BbJ5uIiKLVdIOivF7UKlRveYVsS/cMsL0VdvHoU2ChhS","baseKeyType":1,"closed":-1,"used":1686320104707,"created":1686320104707,"remoteIdentityKey":"Ba1V50zkwQnyxli3Usla+VEfV0t4d2WJlce4jHd6jhh0"},"_chains":{"BUYdq7rbBVGH4HwvkUEsmCcXzGsWbPQTB1C+Ywa0FscV":{"chainKey":{"counter":1,"key":"CIAQzCkIYvMJF2WZlonz6vHJw3GPbDvMkSnX0Vlau/w="},"chainType":1,"messageKeys":{}}},"pendingPreKey":{"signedKeyId":1,"baseKey":"BbJ5uIiKLVdIOivF7UKlRveYVsS/cMsL0VdvHoU2ChhS"}}},"version":"v1"}