{"_sessions":{"BTwi6muR0dkiVjsHp+JfrrqBMyfjK4jwVJdIX9n4Hbkc":{"registrationId":1161879127,"currentRatchet":{"ephemeralKeyPair":{"pubKey":"BUT33Ps0xvI2uK7WfeRi86qEFSjAE7OHV28weFcB0RM9","privKey":"iKQyYU20urDYxJYwH4cZcvOGPrKj2X5lWrtAbmaj2k8="},"lastRemoteEphemeralKey":"BXw8YfUgtdO/q44E73I4FVZYNJcAzBs7IM/nvMdcGWl+","previousCounter":0,"rootKey":"MHrZr04cyySNuetthAgBNy4PmaLMRmKKBqsi4LlIrII="},"indexInfo":{"baseKey":"BTwi6muR0dkiVjsHp+JfrrqBMyfjK4jwVJdIX9n4Hbkc","baseKeyType":1,"closed":-1,"used":1686282055514,"created":1686282055514,"remoteIdentityKey":"BfKNwJOGIDAgQDMudI1f0amb3GEc6treJSkRvuz2JD55"},"_chains":{"BUT33Ps0xvI2uK7WfeRi86qEFSjAE7OHV28weFcB0RM9":{"chainKey":{"counter":0,"key":"HMdE/hs2LrQPO67rMSZXGyqdMacVvuiGR7UUPDAsUSk="},"chainType":1,"messageKeys":{}}},"pendingPreKey":{"signedKeyId":1,"baseKey":"BTwi6muR0dkiVjsHp+JfrrqBMyfjK4jwVJdIX9n4Hbkc","preKeyId":7657471}}},"version":"v1"}