{"_sessions":{"Bbzc7lrLg+mHFQozGjx3S1hlOQntE+0PJBSlNsMPBsYy":{"registrationId":1314831599,"currentRatchet":{"ephemeralKeyPair":{"pubKey":"BesZK1DqN2gK1rJqwC0xRceMsjou+h1CHIqKn3V5B0sI","privKey":"GN3pifQ+3LIHr+H9u9+GzoiimRL/IcO46PoaNtQPymo="},"lastRemoteEphemeralKey":"BclkzOMWkcMaHLAIe+ypL6kWG+hC8W+1G8KRvQSObPAz","previousCounter":0,"rootKey":"jli9oEinZuBtBL0bX71ojc207qektEzInQsrcP6PK0c="},"indexInfo":{"baseKey":"Bbzc7lrLg+mHFQozGjx3S1hlOQntE+0PJBSlNsMPBsYy","baseKeyType":1,"closed":-1,"used":1686274794018,"created":1686274794018,"remoteIdentityKey":"BXs7sinyeJims5wZKNV7NKc11VeG10M4OfMlPbFQq4h/"},"_chains":{"BesZK1DqN2gK1rJqwC0xRceMsjou+h1CHIqKn3V5B0sI":{"chainKey":{"counter":2,"key":"++FIv7LdMMzwwmFzC2vyW+/uz9c1vPThIIIWxooJx7Y="},"chainType":1,"messageKeys":{}}},"pendingPreKey":{"signedKeyId":1,"baseKey":"Bbzc7lrLg+mHFQozGjx3S1hlOQntE+0PJBSlNsMPBsYy","preKeyId":13320725}}},"version":"v1"}