{"_sessions":{"BZAngtXkWfGkCTdIj8l4j1gZnTwwfl7HTuOoM1dbuIsd":{"registrationId":5860564,"currentRatchet":{"ephemeralKeyPair":{"pubKey":"BShuBg0irq/GN0idqIsIIyhp3XdNsRBYUrhhuvApKtUC","privKey":"mBa0jr1WnJ9nzJt/pFX0UOhOowBeiXVeeYX+rRC910E="},"lastRemoteEphemeralKey":"BWY2bv0OU43x63vP2EYWkqQYmiyOqLc6kN69nvOQExtu","previousCounter":0,"rootKey":"8ycRnfPPQ0u8nkpll5xOihheXptOrs8EWMb+xzS4dlY="},"indexInfo":{"baseKey":"BZAngtXkWfGkCTdIj8l4j1gZnTwwfl7HTuOoM1dbuIsd","baseKeyType":1,"closed":-1,"used":1686320105836,"created":1686320105836,"remoteIdentityKey":"BZ1aZtQZWddAGqbuK9jBcHhQ7mjKyFjte3iq9PdwATo9"},"_chains":{"BShuBg0irq/GN0idqIsIIyhp3XdNsRBYUrhhuvApKtUC":{"chainKey":{"counter":1,"key":"hxRYXZxTowj9XjxjujAdl9VWNl2eFkOPtMpP9aff4WQ="},"chainType":1,"messageKeys":{}}},"pendingPreKey":{"signedKeyId":6,"baseKey":"BZAngtXkWfGkCTdIj8l4j1gZnTwwfl7HTuOoM1dbuIsd","preKeyId":16286436}}},"version":"v1"}