{"_sessions":{"BRZerF+V6w1oiQk7trzwHapY5FJJlKajK4VtoU8WvdNt":{"registrationId":373848446,"currentRatchet":{"ephemeralKeyPair":{"pubKey":"BfqFWl2bcA3k+CyBcQGN2vPRBtMIojUfAyoCOPoZn/ob","privKey":"8Cnv42BqECSdMc/wHcM/JZhpYN5yOLGYy6pKEt1ccX0="},"lastRemoteEphemeralKey":"BROFmSY23AZbl3zJySpcT8A3NvTJ9/N2J5YNWJmsjKhh","previousCounter":0,"rootKey":"S2bvxbMXQ1UgurYmY0QKShzzRTy43WYKX7BwFKnj/Hc="},"indexInfo":{"baseKey":"BRZerF+V6w1oiQk7trzwHapY5FJJlKajK4VtoU8WvdNt","baseKeyType":1,"closed":-1,"used":1686282055543,"created":1686282055543,"remoteIdentityKey":"BRBXh4I/eX+/vOnnJVUavTSoHk1VSFpbqv0zW3bpxYt9"},"_chains":{"BfqFWl2bcA3k+CyBcQGN2vPRBtMIojUfAyoCOPoZn/ob":{"chainKey":{"counter":0,"key":"LcLHZ7vOmSWs5b8Vjrg7KuZtTW0Soso3FZsChXOpTYc="},"chainType":1,"messageKeys":{}}},"pendingPreKey":{"signedKeyId":23,"baseKey":"BRZerF+V6w1oiQk7trzwHapY5FJJlKajK4VtoU8WvdNt","preKeyId":12138547}}},"version":"v1"}