{"_sessions":{"BW+I1GkjbmftSce95cx1TwnvwZJRO1E4PDk0pFmVHiNM":{"registrationId":200885197,"currentRatchet":{"ephemeralKeyPair":{"pubKey":"BYwDRdcFqxt1YeuruobPEVntJ+ps964GnG7h8oUwyxk8","privKey":"4EQEv2iym9YEoreOQ6BiWHyd9IlIH5snDtadksqF7EE="},"lastRemoteEphemeralKey":"BX9Iu5v/98qRYtM3zPWb5raYJPw7IVrmNrL3cMtClfh8","previousCounter":0,"rootKey":"t9Bhg6555w1Q6JD1PSBYllUvuWEMZ/REbINVhJmvshY="},"indexInfo":{"baseKey":"BW+I1GkjbmftSce95cx1TwnvwZJRO1E4PDk0pFmVHiNM","baseKeyType":1,"closed":-1,"used":1686320105637,"created":1686320105637,"remoteIdentityKey":"BTasZIY4B1ZTTpsR2BZxnpz3+PcMKgzH4YwkGG/BN+te"},"_chains":{"BYwDRdcFqxt1YeuruobPEVntJ+ps964GnG7h8oUwyxk8":{"chainKey":{"counter":1,"key":"ckFLHgegZPpYVk52RhAxGRNxHz71m9FFDOzdTS39dZs="},"chainType":1,"messageKeys":{}}},"pendingPreKey":{"signedKeyId":9,"baseKey":"BW+I1GkjbmftSce95cx1TwnvwZJRO1E4PDk0pFmVHiNM"}}},"version":"v1"}