{"_sessions":{"BY29outDha1EUQ6J4Z2tFhiyRQaBV85dDjP3s7hxrnAV":{"registrationId":2060839704,"currentRatchet":{"ephemeralKeyPair":{"pubKey":"BQE+ZmUPlXs0drqqEY53mlxJ9iFM/q6BQ8qp/3nDpHBI","privKey":"gLjqVyq/8XMsPNcmW365bKJKM3waQVW8Du3BxxRoqWY="},"lastRemoteEphemeralKey":"Bd5za6bPN4lAsZcKF5Geo2sEQJpNGGx/HpnGd/++maI2","previousCounter":0,"rootKey":"wy3SfNxNRj99k433lmjYkOHZ4uYVAcBmXQyewRLas4I="},"indexInfo":{"baseKey":"BY29outDha1EUQ6J4Z2tFhiyRQaBV85dDjP3s7hxrnAV","baseKeyType":1,"closed":-1,"used":1686320105759,"created":1686320105759,"remoteIdentityKey":"BTic2lQFc4whWpCwRApCk9aj+Pl2t38AIwLdMPYmRykw"},"_chains":{"BQE+ZmUPlXs0drqqEY53mlxJ9iFM/q6BQ8qp/3nDpHBI":{"chainKey":{"counter":1,"key":"0BZMIH1EaRtLoxydKF0fR4Y9gYweOLeKCCU2VdVFCeE="},"chainType":1,"messageKeys":{}}},"pendingPreKey":{"signedKeyId":9,"baseKey":"BY29outDha1EUQ6J4Z2tFhiyRQaBV85dDjP3s7hxrnAV","preKeyId":12959388}}},"version":"v1"}