{"_sessions":{"BWRk20j9tV0QJReTGfeGyzxRkBXAkIipWyPhhxFAOJpV":{"registrationId":1438317690,"currentRatchet":{"ephemeralKeyPair":{"pubKey":"BaTVBAx/GveTkltOfewyrPOzcmKZjEW0Iit12sactltn","privKey":"aAS2GKe0cxz63Sild/4PP4Q7igCf0tsXHzYdSUR+eVk="},"lastRemoteEphemeralKey":"Bf1MG5aiZBgQq4CycaX3gxtrLibcrrXzm3/zy5kStiM1","previousCounter":0,"rootKey":"7WvjpTYZ6qFQpgfX4Y50F6h7KNyOszXQBPRZhCDO7B0="},"indexInfo":{"baseKey":"BWRk20j9tV0QJReTGfeGyzxRkBXAkIipWyPhhxFAOJpV","baseKeyType":1,"closed":-1,"used":1686320105940,"created":1686320105940,"remoteIdentityKey":"BarzvINRlO1lM0bCySox+p1UXePsMI5C+8AsTAmpUtxk"},"_chains":{"BaTVBAx/GveTkltOfewyrPOzcmKZjEW0Iit12sactltn":{"chainKey":{"counter":1,"key":"Ymwk0nZbMT4U8nKbSJ6Sn9D/1UFB/6rXGeqcoq1bwk0="},"chainType":1,"messageKeys":{}}},"pendingPreKey":{"signedKeyId":4,"baseKey":"BWRk20j9tV0QJReTGfeGyzxRkBXAkIipWyPhhxFAOJpV","preKeyId":15865861}}},"version":"v1"}