{"_sessions":{"BQu0R8LBXTxcig4EdGdiO9ZCQyHcgAClQPt9mIWI1BJH":{"registrationId":907432477,"currentRatchet":{"ephemeralKeyPair":{"pubKey":"BYOiI6W9wX8O5YUfk47DwDOGbTK4wQHpYiUaqiuQFhg+","privKey":"+J5olPPLqXjntJ05H+oRsWE7S4X733vcUg0d8dD8E2A="},"lastRemoteEphemeralKey":"BSgaSRK0YUPx9QjDszIqen4ADxuHDyf1SjkRZSPqYRR5","previousCounter":0,"rootKey":"LSGuE6clBpDpt2NQr4isEWI6cmAjCiKFzzhPDrxOihI="},"indexInfo":{"baseKey":"BQu0R8LBXTxcig4EdGdiO9ZCQyHcgAClQPt9mIWI1BJH","baseKeyType":1,"closed":-1,"used":1686320105972,"created":1686320105972,"remoteIdentityKey":"BeZkKa306bxDzCKJ6bV0AeKns4p+ABmsml5EM1BWJJdm"},"_chains":{"BYOiI6W9wX8O5YUfk47DwDOGbTK4wQHpYiUaqiuQFhg+":{"chainKey":{"counter":1,"key":"SfqTIU6fw9ZEUbAwQa4LPpxLRJluJIXelJdV+NGEYsg="},"chainType":1,"messageKeys":{}}},"pendingPreKey":{"signedKeyId":13,"baseKey":"BQu0R8LBXTxcig4EdGdiO9ZCQyHcgAClQPt9mIWI1BJH","preKeyId":9111849}}},"version":"v1"}