{"_sessions":{"BS8UWQIicGh4Y/0npCqMAmn6VTyqg0HyyEMZft5t+70B":{"registrationId":1678697979,"currentRatchet":{"ephemeralKeyPair":{"pubKey":"BVagU2aOOZthLi9qBlSM01ao4EI4tRKH6/ri3yWtP0JA","privKey":"MEPinPkcB7dH/28j1SuvpgQWn9hvldmwADyRt8BaxH8="},"lastRemoteEphemeralKey":"BQAdLKeX1xU3dMWc3xFarBdNB1ar3GDYmDG7XS6/6olm","previousCounter":0,"rootKey":"8cFlaJqWAB1BYwLFoXueX5nk/cyh6kCy2p6gJ2ImEaA="},"indexInfo":{"baseKey":"BS8UWQIicGh4Y/0npCqMAmn6VTyqg0HyyEMZft5t+70B","baseKeyType":1,"closed":-1,"used":1686320105087,"created":1686320105087,"remoteIdentityKey":"BUNj9sF/cqyV77R/bux282dntegyYdog68vTSAfHc5MC"},"_chains":{"BVagU2aOOZthLi9qBlSM01ao4EI4tRKH6/ri3yWtP0JA":{"chainKey":{"counter":1,"key":"GertJD1DhuevngRBr0/3syRy/A9U6Sxg6ukqI2hFhZ4="},"chainType":1,"messageKeys":{}}},"pendingPreKey":{"signedKeyId":1,"baseKey":"BS8UWQIicGh4Y/0npCqMAmn6VTyqg0HyyEMZft5t+70B","preKeyId":10972005}}},"version":"v1"}