{"_sessions":{"BQACx9+dwIoYafE3/L0QTSwlOkJG/LEoucjiaBQe+5wy":{"registrationId":733937250,"currentRatchet":{"ephemeralKeyPair":{"pubKey":"BdhImBraojWkcqR35Gy9YWq8Blwz0NI339NJy5vCKlZf","privKey":"SJ823lm68l1vcUG0bsYck3dhj4Is+SrOrG42cA9QB1I="},"lastRemoteEphemeralKey":"BUJU9pZyfdjDq/49tUEF2OAYeiSmAenSqG0wZqxrprkX","previousCounter":0,"rootKey":"jqBlmZwWVLL9LwgmPPlXkrTdF9XoUAsf/iOIrUW/7SE="},"indexInfo":{"baseKey":"BQACx9+dwIoYafE3/L0QTSwlOkJG/LEoucjiaBQe+5wy","baseKeyType":1,"closed":-1,"used":1686320104670,"created":1686320104670,"remoteIdentityKey":"BUfQ964gwi4f3cbvWiz3IPPk+P7trd4f8SMcrw8XuMZf"},"_chains":{"BdhImBraojWkcqR35Gy9YWq8Blwz0NI339NJy5vCKlZf":{"chainKey":{"counter":1,"key":"MZd61PJjVQVI8PRVmLAHf70msrGT2Z4cpizzTBHBYiU="},"chainType":1,"messageKeys":{}}},"pendingPreKey":{"signedKeyId":6,"baseKey":"BQACx9+dwIoYafE3/L0QTSwlOkJG/LEoucjiaBQe+5wy","preKeyId":9215421}}},"version":"v1"}