{"_sessions":{"BewiYxchbPiCWwR2hDFQl0ZeEqKR3aJpw/afgz/lvpVM":{"registrationId":801817922,"currentRatchet":{"ephemeralKeyPair":{"pubKey":"BZyfy7/KdBt+aCbmlI4vwg7zo9/eDqtB/saVO/R6h0U7","privKey":"YLhHUt8zAk0V7TVY6evzL8UBZypdAjUBv+Z4VQ0Cdn0="},"lastRemoteEphemeralKey":"BbgxSzULLP3F0iVAF3gb5uRzQn9NGMN73Oy6st8dfKx9","previousCounter":0,"rootKey":"Lwb67SyAtlBO+6q/7hEmW9S/UhEL8QvXt7VQZ88sEe0="},"indexInfo":{"baseKey":"BewiYxchbPiCWwR2hDFQl0ZeEqKR3aJpw/afgz/lvpVM","baseKeyType":1,"closed":-1,"used":1686320105734,"created":1686320105734,"remoteIdentityKey":"BRzrDbe9qfbijQPKOWZOvhcZV3Q0u7Kp3WxvEgN3UeMH"},"_chains":{"BZyfy7/KdBt+aCbmlI4vwg7zo9/eDqtB/saVO/R6h0U7":{"chainKey":{"counter":1,"key":"V+/Ty1ALAwqVk/LphfHbNR4a1Sghcx8LwroO36w1qno="},"chainType":1,"messageKeys":{}}},"pendingPreKey":{"signedKeyId":3,"baseKey":"BewiYxchbPiCWwR2hDFQl0ZeEqKR3aJpw/afgz/lvpVM","preKeyId":8848150}}},"version":"v1"}