{"version":119,"hash":{"type":"Buffer","data":"JXXhjX24GCxv9R9KAvUxkUHiCdXiTxYJAoGGCH7t0Y0nJ7CkkwIDJnIqjYSDxpGW8Fw3kjDhnJGP1XrsFulYVHFHpT+ivERSZEsycTNV4Sc9un6flCZBH8wY5UJOWKnMkBoJGMgFAAaHWjQVRGIuanrnwtwlzyJRIvMiO6TyGHk="},"indexValueMap":{"An9caSr8z0dmioRos2oGfrzao2s67UdCTH5DuatRHqY=":{"valueMac":{"type":"Buffer","data":"eREkf4CVpXTB9rlAQFk7WQFyGkPatN13rbG6hhExmFI="}},"C4gzHFEiLdAZ9c6IPgZOQFzjS2ci+qqN21Lota+JXVc=":{"valueMac":{"type":"Buffer","data":"x0Ue1O1KatBC4q7ShMEY0eGLKXmE3H8sz2jCDBah/50="}},"ExvYojmUsgcIvzdM+yxbhJRuBIsaqmMX7/YQcFNEbTI=":{"valueMac":{"type":"Buffer","data":"zxcTajH1fOJKqRYAf6+ynRPdJlqVv34n2BJPtMKWMOo="}},"Ft78OH8/mY/HIK+nBKdNAGdHzLbwBBsNkmYQNzIxzIM=":{"valueMac":{"type":"Buffer","data":"KIE5S9I/QqKnkK/CQrE0zqwh7ijTNMZEQ4UrTeh/ZQM="}},"J4G+L2rwF4X5aXjd6wvkkS0caGvXeJvo9miQ5UjAW/s=":{"valueMac":{"type":"Buffer","data":"RGuo1oD1ChkAMMZ/Y6bhTXZECRcMGggAbiqQ7E+FPdU="}},"LXEM0Xqf2Puj0voFPxHgD3LePi6zpIkE4ZjmMs6+WRo=":{"valueMac":{"type":"Buffer","data":"QMHWYVTkdCmtJVJBurphhCM192sFSDcvjjqMzIQHIQ4="}},"OEj5KhWKxq3S5XTQQw97Ah8qSyNxl+a3uP+MjqlNpGM=":{"valueMac":{"type":"Buffer","data":"jnLnMEhFatiF48pITYlVy7uXp3qzDne206gon9MCbso="}},"PyKEbfirO8Yk8s44cdqmgHPQdzEGC5eoIZ5T+8uAfA8=":{"valueMac":{"type":"Buffer","data":"wiLc2W/utYu3oxxeWGwYGRxjAfKAcZg5QC8kAYfik2c="}},"WyQ3qkAnb9ayoPYVwkZFO+7eoek1cOhZey3mPvQ2TPc=":{"valueMac":{"type":"Buffer","data":"/tLLBlVX5CXpOoYHtnIYKyFiwfEpjHP13E0fokBc85k="}},"YsWMSSO1U2b4w4QGz9sa77jFFKQRnlaEAG4weeQcYIU=":{"valueMac":{"type":"Buffer","data":"fq1M2IjT7wyZvIzCfCBcl1Gf+BTi7B6yyDDktOF/YEg="}},"aN2vNHJOlxHxFmRib73/3DrO31ddyWcRyYIsuqTEpvw=":{"valueMac":{"type":"Buffer","data":"nRWHFjEuCjpTuhUxnBV2vlEESeZs0F3v7oBpUzrulvc="}},"fygrVInoBXwjKa6kW2596f2gwhE5EBgvp6RMQM4IG8Y=":{"valueMac":{"type":"Buffer","data":"q+VpjlDTfNMVJpkhwwNMqbGIftgKI1pxHecwI2/xc8Y="}},"htAQ7+rpEfgLVQJAPcSFu0cAmzoFkkNgV9BQS5vSE4U=":{"valueMac":{"type":"Buffer","data":"2Gy/W51DwcxwQ15CMeMA4RqjEklTtznE8SsUtBfzAMI="}},"nAaaUHsLnoazY9HVT9miTaBRm7vwf7o0y4wDWI08dvY=":{"valueMac":{"type":"Buffer","data":"KqcF22ltN1h1L8dqLaWJ74F0egci8iVaIqYEYOSfxSE="}},"ua91xO5Oo90dxfF2CxppkrWHGI4YDVSe/EONnwoPeb4=":{"valueMac":{"type":"Buffer","data":"Eg5/4MifYrkznbyXMcdfkFOWMDDtr4roOY3rQ40xP40="}},"uuy+BYS/AZsB0nmI03YmKvT3Qq6OJplRjARPb11hEso=":{"valueMac":{"type":"Buffer","data":"kYO7z6C+h95X5HJuGfBqzxEDayZ96v+IG3skDyaityk="}},"wxFkvsb7hLIFykJv4h1Usj+UTjptzIahpEeUfNG2wYc=":{"valueMac":{"type":"Buffer","data":"gA0S83FB9hbaICCqRvu9hQSRImQ8OrDqAwir7eUMDXE="}},"xo3VlElfCQNZLltq98m+sWvun0516oOIBLglEvOn5+I=":{"valueMac":{"type":"Buffer","data":"jS5c5YEPeyJoXbFEZWJ7gXyQarCFXXdTyW1GuT3QhnA="}},"0/UJJz8fx0jc1Ij5lrnT43Mmz1dwW9EgZB0839hoP0k=":{"valueMac":{"type":"Buffer","data":"YpsfsdSC+hwvEU8NEE3MHAgEBRnEJl3qFkkQ/WKdFlc="}},"KfCzE+eo6SsRabO2THTNyxjwBg0R+QS2lXjRjGdOYh8=":{"valueMac":{"type":"Buffer","data":"rRxpDNSPlgwygzVRqQXf2LzQeJV51zE0YY1OFVH0nQ8="}},"NokO0xF+wZJjl+pNIdwsprCGlCB04ANNckYYMU+Dy+g=":{"valueMac":{"type":"Buffer","data":"sxRwaEq8BgyE66GyrR9uPwkIpZwumj3Sx8S6V0A/CCE="}},"uu+epy3Ip+d098YaQu8R+glZz8rpfJBQDVWHqYqw1Tc=":{"valueMac":{"type":"Buffer","data":"0pzdAdiuYHOYZVbfcPUtKIZSKrp9OS/T+6h+HvmQK3A="}},"9bJUA/mbQcFF0J72rLOvf4vsZNWe3eN+RvLt0d+9+cc=":{"valueMac":{"type":"Buffer","data":"JITKqiGtdWhVNEnVc+HTphYejTBiuEbEcFO+Ets6vm8="}},"hWyhNhh4iogDKEJ+pDYsezh2SjeFsh7FZ3FgRbzNbpI=":{"valueMac":{"type":"Buffer","data":"PxNkl7iWYu1JIMK9CmkWebWgFbB7cci6sxceb1fmomw="}},"itkhppZvf+kIqsMM1Vt20Jg3USJg2EpJTXQSGzO9IIg=":{"valueMac":{"type":"Buffer","data":"oKwr7nb14nh5j2z5Gmy5cy2kAAI+J/uLyzFZHJ3krPU="}},"QuYUjWLbYPuAxGOQNO8oH0SpIy3YTZJQ59hVuqwyKyM=":{"valueMac":{"type":"Buffer","data":"GifjoPaRSbPgJxmp35wnsR59vQ5wwmVJXI++1ADkWzo="}},"U+Kl+flH/G4IYOYFuJOBU1Z/ct0p3ye1xIa3Q5AWp1o=":{"valueMac":{"type":"Buffer","data":"xUZ/zMccDolUgPU6WWvEyYGw4Ykleq9kquyzBXBex3Y="}},"/NIuV535bxKOdFjacw+0uIluGw3yd/rirp5wDudDt64=":{"valueMac":{"type":"Buffer","data":"N5aI82RTfTito9oc8vuvgWNs5IWRod2fUwIwQC/FBB0="}}}}