{"version":47,"hash":{"type":"Buffer","data":"YIsVCIdX5DnCTMulcEPq7dHKQuxpy4B6Vj/Ql8yZpCW5bVgm4detSTgQS/bD0qB0LtVgMRB9EQQBdF6vwSlZsy2nnhvF3lBQuzc1FtRyKrkYYi+mv4zIzGWbYwq2ZMe5SnKOJPlVGzmZ+YbV3i+zQo77rZJdlOgK0ApwZ54Jlf4="},"indexValueMap":{"4RfUN7FcLiyabajVPAek1vssUypwGyePz0A0FM1cqZ4=":{"valueMac":{"type":"Buffer","data":"dg/mU5ivl3MV/9JDY1E9x5X6BTXT83JqjxbmyiKvfhE="}},"BDpJFevrvZqzdI2QEr5DAWxlWZEbzfiExzgLtSJdX0Y=":{"valueMac":{"type":"Buffer","data":"wVgfkeQkXD138J//Lu8SspE+0QDZuX2JkCn/wJiXk8Y="}}}}