{"version":98,"hash":{"type":"Buffer","data":"y2Y4Q4MUpM+aG/5mCip5k4s/q0modnwzqD8iOYOLh7N+mhNoUb0sMjk50WHyve268EvUAqg6uVALcFVgwBj8+nczljneYH/UKEEkkbgADlV5i8B6E8QkcJo8KmRmyZ2/8rbcLupWmYGcjgvuedSUKb991wsCjO4ByirMaMqzhCo="},"indexValueMap":{"A6hnxpDn39uaJoNLIy4qPn8qoNJGt7e6wxaX1tBVesY=":{"valueMac":{"type":"Buffer","data":"ju3GQoRclSE/SeqJgtVvmDNCKQT9p4iWtUcwt07R1Gs="}},"BET9Pi2ysEj4+JgRv4sBXRfBwihHAQSfKEQZi1jckaQ=":{"valueMac":{"type":"Buffer","data":"V/sOtasSL2JRfVDGeVZqAHRqHUBZdZmAkz5/xlZ7tAo="}},"BZr+Q+14Ye29a24/RwizFCNCiLeVildMqZLeTvj9GOg=":{"valueMac":{"type":"Buffer","data":"k0HGqkr/qm6Tq6JJ9OTUx2KsJdWA7fw9JrKyxayPULg="}},"CQNvN3sSI724Kidu+gnrAHeMGRu8+x/seWvElVdMqWQ=":{"valueMac":{"type":"Buffer","data":"c5/tehuE+k6QSThCGAjSlBS4C4wR1DIMzKFUEHUMQ+k="}},"CSaG3fG8Juy3IxE1w3A/7wa+UPJDdUC+jph8liqHe5g=":{"valueMac":{"type":"Buffer","data":"x9yaDSZ3WV2nhipoQIEMdczLvEuqbNq25npxkQE8Fvc="}},"CcYJu9Ld5HvsGh/qHHR/mlsWGoY3zcZ6MSZR6UVqeEU=":{"valueMac":{"type":"Buffer","data":"u2UN9AllP3G+WyNMVM4OnM9XZHO+kcGaGMoajC0yFTA="}},"C/lahb+BfSKVTkTT6Wgzl9cwVlnB3FB1CdscaJUmlXA=":{"valueMac":{"type":"Buffer","data":"Lsmtegzqwt6PnuiQzqsMU1T/QzoVCjeyTajYm8Jrkvc="}},"DPajwm2T25Re9+jmeqTCtZsNtIcuw0n+YiSh21tNpAE=":{"valueMac":{"type":"Buffer","data":"BzpRioF1XVnS1Lw6Z4Ru8EtQATU3+xtPMBKv/abnWa0="}},"DXYKuHwa7/dpP4Wu7XdAqeA/tRI3rll5NKFjlEConUk=":{"valueMac":{"type":"Buffer","data":"tPWFihTuHI0bN/7NNxlYzPgl6enPAWCS2yl2B7Nw7Y0="}},"ExowRSiVHOuez27kmrIA++YD6Q5EZp442MgS1GkSGnw=":{"valueMac":{"type":"Buffer","data":"Nrepx1ZbfpafJy+KIlmw4jO9/nX7nrUy9eFc5QAmucU="}},"Fd76KRETNCYQrVFvZnamscUzYANuzMcAXewQUZP5/IQ=":{"valueMac":{"type":"Buffer","data":"evuaHNDlzjjKcOT7eAzC7ppZCU8952+vXxExeWt4KCw="}},"F1EohYXnUKVEVpVnOeOiYjq6m9uFuGiaKa31i7v62A8=":{"valueMac":{"type":"Buffer","data":"obEF6LuTpG0Pp8r9G/iLBYg+nHURWOq4z6GchWkq2C0="}},"F4r4AxeHth/p9BrixguNhP6X1phEWJSCM88wKOfNe98=":{"valueMac":{"type":"Buffer","data":"Bang7BoiADTYfIyOfC2sr3BK7uvX53t7Jo13CWwjL5w="}},"GAsvLh8PAwT/AypPLb4nj0jvqonbe2lfPHJKR3QfKBo=":{"valueMac":{"type":"Buffer","data":"mMLCs5TOCYCwhSeeod7F4MgMC7Tdh8eQlgNn9o0KrJk="}},"GofZQ1lhOWL6QEQmHWpiTfzhg0KDy6Cl9gJv3rAvirw=":{"valueMac":{"type":"Buffer","data":"wbaolytQArNyaVdBv/uPqVRj11Fb+VrMP/KQgISYN3Q="}},"Gpqkr5ekJ7u8FKFIBkqE+kQ7tnpeqZcGLCPzffsPssw=":{"valueMac":{"type":"Buffer","data":"pPZ69vubuXU6t0KfhmbOkmb2tBY3N/m0Tgpbm4POEKI="}},"H8F9YXH+ull39AObGvpZzC/L6R2g6cn3hAu4LtrK0T0=":{"valueMac":{"type":"Buffer","data":"7j8XQ1+NKBCPpVThn2AnsXD862+6XmvKKPP5S2NmUJg="}},"IvNFqOedzWH7+CXfWzVSJVe3LpuTuRze3m9E9EGOKww=":{"valueMac":{"type":"Buffer","data":"AReM8VRikHJr6AiANLlTl6hFZjZ0AD99O0u5RHDz53s="}},"JBlfc28aJOALMWGTYY6s7SYXF8V6aNDLWzVgyYlNGFU=":{"valueMac":{"type":"Buffer","data":"oYi75+pe5VqWY0jDuJ7uLFl6JJtFSk4H0VW7/YZJihc="}},"JDJBId0OXX5iWflFRELqfZLNVBqueuRC7RGs5Mjeqdw=":{"valueMac":{"type":"Buffer","data":"VElR4KLKxjtMm4aC9nwUcXaXe2ZZqoK/WTtfS9LAI8w="}},"JGBZpLPWYuGEyDVFqjznB/RsmxjXpFXnswZzfCUgQso=":{"valueMac":{"type":"Buffer","data":"dXKuZT6H8rHUzJxZbtxeR3Cafo8pw9hQByJXiYh2Kp8="}},"JNZL7d97hSJ6PpwMcOQM0tYZpSS/2xEkZcONXtxWLeU=":{"valueMac":{"type":"Buffer","data":"P+llKTdMZOlpJB2VSxgEs/eQ5Psi6FTw5Gsu3YJ2h/I="}},"JS0Onh8ocYp8U+HbRz3/TtwNWgtJ48pSiBaoLIEiYuQ=":{"valueMac":{"type":"Buffer","data":"baU5+NeiIJTZ/dWX+FA+BrfIuYp4sMrVItZUHudyGx0="}},"JdFiqA56kghH5SRwm7JnuEt83Bi2G/PAVTzLViGfv2I=":{"valueMac":{"type":"Buffer","data":"QGRi92zGvslaxn/7C7Fyd+YROZe4mO0nMGU0r5yi5Ac="}},"JyuucpDLrX+gTZLGbkFsOuudM102218TMxyHYHS3Ock=":{"valueMac":{"type":"Buffer","data":"Vgxp+CHI/nayyoDfNuzOWhGLgvGKS5kySRvIu79Zezw="}},"KrckorlkBbDw6vTXAXD8gghxjOuL8g+ItIVk4nyRDuM=":{"valueMac":{"type":"Buffer","data":"ISPYNdWEe96LYc4NX+ZiUk3qLVQwoMhVtcmOageJB+Q="}},"K0xNxl2gMPl4L351X7FBM0rYQl/s4pkcQ3e76a4Fy+c=":{"valueMac":{"type":"Buffer","data":"iW30d4MxNffnM2spsXLCXR9qQCWeBNGyy8mjSzHl2SI="}},"LIC+l1mXl7Qv6wLxuwmX9+ndmSAp4gUeJ0ZgWHNRWnY=":{"valueMac":{"type":"Buffer","data":"f5Ryg7XtfkwbQLhYIy5r8KK6vwRZSymU8vy+WWMdXuw="}},"LOTYxHkJKZvU7dOHpQnDEys+TbzjITlSGNK0KVdDCDo=":{"valueMac":{"type":"Buffer","data":"sau/k/MuuSKBdMyrKdX6qKbNbwwMZQ19iqj6SZuR+XI="}},"LP0u+CFHVEqBHEoT5n7ieJbD4kx7hLGRtP6MUB+pP+0=":{"valueMac":{"type":"Buffer","data":"czqNbo4FzTStCjBvcLTBuKdST5Ubd/OEh+v5U7459bo="}},"L4+BbJURjYyVB2jt+WTSEWUipkP5u4TfFJT9+1tjDOc=":{"valueMac":{"type":"Buffer","data":"1Ay5kdb8CsPL4cOUqytYHNT0zFrIBvPk2Vc4Pi0Xj5I="}},"L+zqKCDkV2BO+clImn3032c5z3jfveyI9y9M/WCYjuQ=":{"valueMac":{"type":"Buffer","data":"Ha4j7xdLLoGvm/71z0fRn8vOaOMUoeYwhiZYU349VQs="}},"MRNVS9L9AdWsUpdZlwo9WUBxTgLOJHvVuBFdNxEsRY0=":{"valueMac":{"type":"Buffer","data":"BQbYKTOORJOB0I8TskuMJygd8yuB+JCctbeGJYvxaMQ="}},"Mn8PebloSncn243JZBTzjWZiPNxLg065XLNST9Mq7ac=":{"valueMac":{"type":"Buffer","data":"g4yKR/v1pCNsI7y+g2YD1S0vm4kMHu8DjzIVCpkNTJE="}},"MvQ2FgwDZ3RTLSM4eXkn+d4ayH0oOXtuMRvH5Eg3OQ4=":{"valueMac":{"type":"Buffer","data":"eCihK18PmUEG0cHtxftkcIPsafrg5WMcWxLFGxuYdvM="}},"M7AjP53Ep93VEO+z0nJldsDDTRsYqwlldiyFq/aOEss=":{"valueMac":{"type":"Buffer","data":"nQCwxWjlDE8vZ9if3CXD/Mi/QRiEXFimrTCzi3xbtAs="}},"NEh8oK3puSPoEOuK83F5LQUs9svMEh10vSZJ4am1iuI=":{"valueMac":{"type":"Buffer","data":"x6Y9lowyd5bATJvOxynMcewudbCjO4ZV8Zwm0CJRXWo="}},"Na/WA6oJh9RNHw0RXZyJhzplziltZOoaY3zXVqLshQs=":{"valueMac":{"type":"Buffer","data":"1rFTuSxjp2pbR3a3tfTNSI+6HNecR0JdOGmty2oD1rE="}},"NjPBarDHUnLZOrTxoQiWXONYr19a7mE52JX0AJ0uq8s=":{"valueMac":{"type":"Buffer","data":"T74NfUiDOhMwBSETaytDEp7NYkwPhjNCRndUGd29U4Q="}},"N2fPLB7XavgCje2O42CcBvdZ4In/gfEUv6F06n3GI/Y=":{"valueMac":{"type":"Buffer","data":"YWFwUs3YVaVER6EQH8TTUTuna1FlCx7vLWuFfevOoD0="}},"OIU1f8JGEVTWN6sN9mieNmiumx6raRjh2grfjTXqrNk=":{"valueMac":{"type":"Buffer","data":"+/wGufiR5EAVUxDxIobgitM6QCdbzPSAqTyEAneeN04="}},"OSdHGHQ+D1YQkZzkNd//N4hN3rEy4B6pTfTxDXZirgo=":{"valueMac":{"type":"Buffer","data":"4+ErR+fBnhvDiwG7dx78w1ycF6yFkMd88zVsfTQh41A="}},"OZDa/oMw6id4IlPYenA6DroelwpGGRjEsBDxUvn5vno=":{"valueMac":{"type":"Buffer","data":"8XDH6IN/EK+AVW51vzInATrktDGovgo6jhibQKF8YiE="}},"Ow18Sh5kFWBILLnrYHu5q7AoLI/qyreLrBBUsmLvYRA=":{"valueMac":{"type":"Buffer","data":"s45uHFSwzsZ87XpcdmHdMZTJlpqnR0xbC0+LHxhenb4="}},"PTvj/+XaJcF+X7rDSbePvQOM+7eCGJ9fWUhHStbzEIU=":{"valueMac":{"type":"Buffer","data":"zX77dJmzuspZYuoz6RHkhh6iEuvPuQJUBMu18Hingn8="}},"PkKrQKQYxTa4HxrgtSFwciPjPnMamRkitijYuZe22Xw=":{"valueMac":{"type":"Buffer","data":"f58VvySd9Rbss1MH4UI4MNz9ekDfU3BBxP+7zAyIsbY="}},"PzenQF3WPngVVfI/Qz1rkqRR64plgatOKqY56Hdd6v0=":{"valueMac":{"type":"Buffer","data":"JT454YIiC3V9s29AGUyVOXyiG+egBfKVwSIWV6iZ98Y="}},"RSaBAVbPxLJUsPP9ec5Lf+YitYKuj0BEzjhhTp+l/6E=":{"valueMac":{"type":"Buffer","data":"QzoGLD1hZn8gSL9isvXAyU0eoIhGmBssvCrMj+Eic4I="}},"RvH4mLZxOmFSG1Xtyx+bB5Gz5epcXRMAV2rkg4B7W/A=":{"valueMac":{"type":"Buffer","data":"hZQB5/t7IsFOAr2LBvpN5Aku8Egn2dpA/qXXn/u5t0I="}},"RwsklKYWRHUQRNbSkA42YxidY9D3nPY63sK4DMpNLX0=":{"valueMac":{"type":"Buffer","data":"VwRxTlAfT51R2nw/HgxwLER3jPB4yglvOg4eGAOUnKg="}},"R9yuxy4gdxLIUoMICjt7AVeyZeDdw1GmPE9xKAGlHv4=":{"valueMac":{"type":"Buffer","data":"4Tsl6tq/2GFX6Pe6+AjvFS4Ptc1ov0GkTF23yKh8YP4="}},"SOFTW2lin/bD4wYOA1H7jyjXUwAJV0HnFLBgguFvXeU=":{"valueMac":{"type":"Buffer","data":"MO2LXqHSHQc9l5Y4hiF88T65kTMhUA6TFepJSOSyExc="}},"SxjTUKw0Nusb4tUi3JSEFnSn4MAhvc470FsqLLrtu9w=":{"valueMac":{"type":"Buffer","data":"zHM+PCeFBLP+z/49Eqm7eNRB3pSY6Hv2ZYqLTj9VU+w="}},"TjIxrgOWzx4ewKvHizVGG4zTyAgHETmCaTSElWaoRxw=":{"valueMac":{"type":"Buffer","data":"4SovAOF6SElw+PlSW8DH5iRhyqHqo4RL4zhds+pHhKY="}},"T7ZVeVwnq7XA3eWcry2FL1yEo/skffe7kSY7S02B0Wo=":{"valueMac":{"type":"Buffer","data":"GpeDCqGcxM6HyAhiU/a7iw3UiUlN4QQ0o3bYP53bfpE="}},"UEZ8CME3eIyHawhA6WKH/sSa97KHcY6WPxysaOkHKbE=":{"valueMac":{"type":"Buffer","data":"HKM0ubrMFHHz1ia3yDLy07OzGmXVohktSb7A+UQjyZo="}},"UHXEf/Iv1PZg9J5fNFQuEP3eXg3IdeHzbbQZrTUFVoI=":{"valueMac":{"type":"Buffer","data":"wOR8bemNXeFvwqC3zh/qH1SjcDh5n32UU6tuZ7U/76g="}},"UbK01tooOmJj3Wu4JDZ3VILZ/KsJ5CduzUGauPBAusw=":{"valueMac":{"type":"Buffer","data":"c+R6AAdYK1z6FDFN1gLnUUX6qj6F7il4lO5yoY19iyM="}},"Uq78JncTSGEj5fj1CBvQQHziZTCXXp2TYqR4c/j/vl4=":{"valueMac":{"type":"Buffer","data":"JF7bAZctms4aK19rr8qcr1wsr86KMRTfwS8v3hlXglg="}},"U/T6fToLbUY8LMANcd2XoJwqlEGsNvsBGC5MrzY9RtI=":{"valueMac":{"type":"Buffer","data":"tEVjT3iAd9vO2AKa70nmRhQSZtBI6EVUmpUfz0Svz6A="}},"U/0S4JdmHwgvH7z2g6vA/+8qqQvMm0jQTFvr/muqaM8=":{"valueMac":{"type":"Buffer","data":"DFVCiYG9unkdRz2C+2uTD5Uy4W/9vdOErm59GnwtLJw="}},"WBCMjiR4mnB/uPQM1PNzoxCJXIhYLoBDJ5POoFCcdvo=":{"valueMac":{"type":"Buffer","data":"aEtOnMP6z7cJ4scWlTJxIxzaDY3zmoJbSiTCTHm9f2Q="}},"WUkHOUKGOdMGKvsU/I1V+uvJqtiMdI2VAuPYaTnWzqA=":{"valueMac":{"type":"Buffer","data":"DUXHep6jxtlGEo9Vh7lLKl5KyWAYNuyDg0vaIqQ2Jak="}},"WdWikSbd6mw98j8vjDAiT1gLXAsZ/CvoMclaUH8VNfo=":{"valueMac":{"type":"Buffer","data":"YirRlCitd1mWOFWAolQFcJJkpKoZ+7UxspmsAR6Hbso="}},"WhmRSewRfrTRpikZTUqblzJcTLj/WcP3wBYV7g+tN80=":{"valueMac":{"type":"Buffer","data":"DuQ4CbNWAvoxUNhz5llc6dbvjaUeFtW15LcSt1cdT/o="}},"XLPNr5wR9ovaMl8IiqwXZOuv3gsyrdgfPjAndIB0LN0=":{"valueMac":{"type":"Buffer","data":"ATWiW0cXf9llmH7ocOQVHxZEMZXgOKbV3eH3KHPQCaQ="}},"XXweI1UV3FcIygvUwLqYHSMbxqvTtt+oA4LfYKHP/1E=":{"valueMac":{"type":"Buffer","data":"YO1ww4rEjp+j1m8G2uYwhOoJUDvVnwPdud7mOpoFIDM="}},"XogbkkmqFfUWr5XkSILHY8YuokdOABkH8YBUHr/imyA=":{"valueMac":{"type":"Buffer","data":"9IIba7kdWyxvyZ+YWia2KsEvLohrmMI5DKv9rKAsiHg="}},"Ynh2nLgQea2n/h9JJ8lzAO1KwS5SRW2LNmpjtxy/yMQ=":{"valueMac":{"type":"Buffer","data":"rAIJuEzqXpAK17maYPfh9app5yyPSl8SdJtI1AJXwcU="}},"YrmpA91HMX7k/bgnF9adAlzO+ArR4HOWh4n7wp99xMQ=":{"valueMac":{"type":"Buffer","data":"2qO98l/hxIiZ5EBbGg4qs3hzIJcnL232+CRuEov8U0g="}},"Yy8m8gOLy+RlZuItAHt3EUB6SBjG9TL/HC8OlYp1HNk=":{"valueMac":{"type":"Buffer","data":"O+d7qYYMIf+2+cqlqnqgqbpMLaksepIgUNaKAHg47d4="}},"ZRT0PQ7DiGmLo209n5+tTlOyDiWB1r9TS4y+uPVSUxw=":{"valueMac":{"type":"Buffer","data":"NPhQmISpch07V/0TJkD8IrPpc923IHiVjXRsRb7O6xA="}},"ZUAr5x9fxubNCI4rQzQf2iJKoFQXHFDqyh3WY9Bfans=":{"valueMac":{"type":"Buffer","data":"tQ4air47uB6sxoLvYCo2w3emEryxfsQLzv7SphgyqTU="}},"Zv+BYH8qZygi0WHU7dozDWyObCGBVUCO0l+y9O6lcRY=":{"valueMac":{"type":"Buffer","data":"AlHvEqT2GINJHDNByWZkNm2LXAJprwH7bcZYdDRo7/I="}},"aYnHZwMhC6JP9nyD2TMaRDkWgP/MdNarRyfG7o8B+4c=":{"valueMac":{"type":"Buffer","data":"Xn51EhShnYdqicPbsbCssgTq4ueSAAdAG6BkFqOStW0="}},"agO5ZW1ccOJrexhjWe0qR2LfWPZKQ/tvZX7BYA14VHE=":{"valueMac":{"type":"Buffer","data":"cNbuUSacTCDdj9Kl4UDROByh3KVFGKbfnqa9LNrYT+c="}},"awxla3VAp1pjOFD4uOG9BqnHOoehIwi1sgutHCzlLBM=":{"valueMac":{"type":"Buffer","data":"vbNLc/bC+/cB4/R0MJXwIsjwMeqWRsafZH/FQK1h4RY="}},"bvu924yRGd73LrHgvhiKxrgjmWL0qnAs0Ct1bb7agYQ=":{"valueMac":{"type":"Buffer","data":"v3qmdXBo+E9D5ybpDvOeVy0EQ12YBuINEoHV2Pns2yw="}},"b9olKDV+flLGeTxSR4myswqt8FuU6bjltcTmebMUQzg=":{"valueMac":{"type":"Buffer","data":"sMItJob10xkLml981H2Ev58xBtseOaVaHMwOcPOJKJg="}},"cheGp2qwxz/t81UVoQp9OrhFM5qJFzHRXq6EnrLG8r8=":{"valueMac":{"type":"Buffer","data":"ml/rEOpbJTiuWZ66+jY5DGc7LIpj4Vd9KiUwedEBl1s="}},"chqrQwwZa5vg2RsPaHwlflo7BvUUBRuIz88BJCOc7Ps=":{"valueMac":{"type":"Buffer","data":"4DeO5xiXNlIrwGNtDn0cyyhKS/FWpkYk95lSi/uZDS4="}},"cxE1NpJXstwjpkpTIu1zn69gG7eWl0QRtiTuvnI+nI8=":{"valueMac":{"type":"Buffer","data":"EX8LHcMM1WzdkQFwemEJRIPJXzp1Sgl66Mp4fgMH63w="}},"c/RkAEA9CAAhrZIUfhrMRXLhY4HxV41Q/p9e9n05UhE=":{"valueMac":{"type":"Buffer","data":"q4sECaVv+wyPfQJ3cS6VlFpZNSS54b2prxep2XXbmZA="}},"ePaxibjpVbbWKd6kaMGBJ39N/ukKWEIMg4R0OQkJGIg=":{"valueMac":{"type":"Buffer","data":"hg0HP5wlZUMV7lOs8WutRxrNAZlE8WefgtHRe0ROfEE="}},"flZocYXnsoWQHUhvLV6UsKL3WSoSHB+x3ShubmnDV+A=":{"valueMac":{"type":"Buffer","data":"iizptabPzkHEsXfLOpMus0ev00Oj4En8jeuJPjxshDY="}},"fsQWLzhLFi+W0M25jmi7/oOLxwEA56I9tfu37hgF8Qk=":{"valueMac":{"type":"Buffer","data":"zVWPYdXnX+5pgYMgt1WQCAj6koRYrSE0+XkjmGNDB9A="}},"hgLsr6ilDZ7tExcNHKPeuiZX8fSvYoFuxzvim5eXFZk=":{"valueMac":{"type":"Buffer","data":"0bvZr/reLBr7GASmd8bc29UtmPkwcFaG7+6T0GHkZw0="}},"h6rX+QQsbUnCTGLFbLdN4e3ZtrfoH+UEAwx41UuOeW8=":{"valueMac":{"type":"Buffer","data":"MFfxjtitrTbmT+5W1r7931j+SjBWJ5ZXs6Eux1CAhYY="}},"i7fWUsQJZyh9z6B39J7QVZB+wqHjka0JwQhBIL0nlH8=":{"valueMac":{"type":"Buffer","data":"ui99p3ZSUGxoxv0IvTwkreQT2/da37Ihrt3u7vVDZXc="}},"jiUOTR9R3fd/Gq8DIFmLRGVywih4xtR1G8MaOz3GczY=":{"valueMac":{"type":"Buffer","data":"jGeRXh/4OHSFiJkkogUKuYiRKpmMTmaurrsCwc6K++A="}},"jmcujqUoizYUnHk0KLhRZhTWBACzFuofzGG2Y/qpfBM=":{"valueMac":{"type":"Buffer","data":"FckE6svt6lcvpc9Uhd6Ts/XbpRVk4wAsGLqzk8c7Ung="}},"kHorVUQRQFGZ1SGI1wpW8kV73X5lseomIS9LM+oTyz4=":{"valueMac":{"type":"Buffer","data":"kjkh/E0U2ItiRx6LJ/LMgqt+/7fElE6rfoe006rLVzY="}},"kPUImjozzlqPRRLcMdJJi34oTe6+maZnfCSKRKudpXY=":{"valueMac":{"type":"Buffer","data":"t8Rsxtz8uPBlm/ODFtrSyS0P235XMGBdg3g0iWrMUeU="}},"k9/FMT+F47ctBB2JESJ2FiUEJPnm52hqeMsV4vFqCRc=":{"valueMac":{"type":"Buffer","data":"9XylELk6mfVhyOWniOPbz+yhCbFLjMMwIvFf3diu8q8="}},"lOSR+ftd4XyOQwrI5KZRxIeUVP3cRZlr4WXQjsmZBbE=":{"valueMac":{"type":"Buffer","data":"lzgK4jok4xdiDWvbA6yIazqwVY9yrIyp5cJi2bjdP7o="}},"lYBveM6NCB+3VNpgJZhIY39AFXVBctgC7BhqpE9QUfE=":{"valueMac":{"type":"Buffer","data":"tzPlsQ6a1GJyMhh1EFpl0eYlRb/9+gkgpBvfKCh+5YY="}},"mid66KbZJcUlfEvb4ZqaaxjADnNqnsECWWc5kq161DE=":{"valueMac":{"type":"Buffer","data":"GymgCKdF8wyWUmCirQ2FuAiRAfXZDXokO2QvEbn3EKk="}},"mpIRRPDG4Zu2Suu6VDuHK2pT+a3SSe2sqDq+staJTV0=":{"valueMac":{"type":"Buffer","data":"oVuPgDIqrSqDQ8Fq0JIZ/uzOoDwE4IdbPIgnSZhXhMw="}},"mwfaNPyY7hASIBszhkriazTkB0mAX/ELMsK64ys0hwA=":{"valueMac":{"type":"Buffer","data":"ts4gc6hBsvJq03CeJsEDgpFZXeMDZn9Ypxn31DDS3pA="}},"m0UGQWjuFPSf0ZRXi58LXrZE71+1sdjhcdbSILv9+VE=":{"valueMac":{"type":"Buffer","data":"PGW9OkMfapnJZDJfZzfaTydrTtubD4/5qdqa+N7Pbuw="}},"nNo3MxXYjsj6oQ9dQogq+YskFVXsytJzEkNK2og0ID0=":{"valueMac":{"type":"Buffer","data":"V6Sw7M+lQ2r2N7ywi5yX1Z6Hg+MgCDzMTh35H3yWJas="}},"nWkgofF6bQQh+/86OTw6s+U0gy6mNUv87tFnXuGwymU=":{"valueMac":{"type":"Buffer","data":"z3jflhFtbMUDzRWk0PYJpITxDC3pnWL+IPogZ0gJ6QQ="}},"naHJmYkTaCyoOzrXt9izFD1IjiAas3Mscx6hUbFtOP8=":{"valueMac":{"type":"Buffer","data":"5hEopoeUctaTQZZY5JsPP3IbU48EdHZ/pqCDH9Y1XQk="}},"nm7xTrbrH1mF4r6h/s7np5o2lUl0BWbbxwqUZkrA1LA=":{"valueMac":{"type":"Buffer","data":"Kcn+nZdqirUm0DPqt7z4lpz/rr1RSyBxcFjS1cyZwVE="}},"oBzRMpzNWTlejPcajzRmiSvDB+21xFOUq9oIpIW2N0I=":{"valueMac":{"type":"Buffer","data":"fRPmoFyIeNRLGO9GX0aboC/217/Rd7862vEG251hEnQ="}},"oRtVBf0WcDICe7Y7ffg7TzjWtpBTgF0lNoj/xKk5+BU=":{"valueMac":{"type":"Buffer","data":"qL0+dquk7HeFdA3DXbZSoZW8EjqHt7tx2gvOuEsakG4="}},"obi4J4r8ixeQbC4YNtOR5mAnoA/IuFX3wkt26joZtFs=":{"valueMac":{"type":"Buffer","data":"wnqoQNqj3CjRcqB6BPQxI7qn7UlSGo9OZoX4m7XGs6g="}},"oz9nQpDQwaY2VMI4sNC7c4ks9ADhDDrdkPZKUg7oTmA=":{"valueMac":{"type":"Buffer","data":"t/rdaRyCenuXuXgePrOVJma25g+rneMzd5mGcz1Uafs="}},"o2QZ9pfd9P3BEsjmI2CEPc5kIQeDSqMN3yHMlBw7ACU=":{"valueMac":{"type":"Buffer","data":"rzaEzx9YD2YP9Yx+16ZmijaIGSdfwbnqfnBFV3MdLjI="}},"o/1TeRQbSdU7vaHLh2WeVE393FVVTauq1VCwBh6Ij8M=":{"valueMac":{"type":"Buffer","data":"tCXKPBT4ipYAaMw2hsIM++LpM7+U0DAwzIQmq+xpvx0="}},"po79kybhTZ8dWV26B9+PxFgy+0opot/hqJITEZL4iDQ=":{"valueMac":{"type":"Buffer","data":"9b61sKcFZSBqwX6u85YPig3P1OFv0DYBqjyfeaL8n3w="}},"p2rQrlg9S3OxioQ06Ljfh0ShJUjllgaq7N6QcSiek6E=":{"valueMac":{"type":"Buffer","data":"50OA/WrFMdd7v40k2tFJroBTGACNUWLecYJesYwlvLM="}},"rOCJJjNGrM+mlBGZc7tuL5T4VjcWge2kEMirAP3O5UA=":{"valueMac":{"type":"Buffer","data":"dw/ncwUcBSn3HBOOhRztcK08x+H609UvHmUZXZo3AHg="}},"rRNOordQW1glb6BlKLCuEOm2uw95XGLrHuYe0ztwq+k=":{"valueMac":{"type":"Buffer","data":"4itQNAWX14tGSNh4d6a/fTTkV7i7TYr5dXNG7TGEoP0="}},"rYHR4pjdYn6vEM+i4OJnE6kmB6lvispHKo7YomqJH18=":{"valueMac":{"type":"Buffer","data":"YmhmIr0XdCcpXqbD8RtHdoL5Kdcg+c4InxVwZctKT8Y="}},"riknVV/RIDcMF4BO85KOiaHafZhgImcwBxccoVjNY0c=":{"valueMac":{"type":"Buffer","data":"Iw9ulsdT//1xlXsoNK2ku/KvQbyCYSj140F6t7uAW2g="}},"tfCrzbRhpPgzxfE1RYghUG7mOaa9Se/UhBviqNoyDqg=":{"valueMac":{"type":"Buffer","data":"VO1ohXwNGTb8TdcDlYPRoioNh2EqTQPezm4GPZYpYes="}},"tr1qz24eg6YzxrFBX6SUrUpu9sfjgCy4WYsPFlGZ5BA=":{"valueMac":{"type":"Buffer","data":"E0mbfD2Ox9emeq7u//aInuUNscjjJfgHFOw53lEV8nc="}},"ubnsOvlS/hgsqF4dUDXs8aSpwU3Hxnyy89b27/zBNpQ=":{"valueMac":{"type":"Buffer","data":"Jv1ar+9AFiBcCUHAu3KDF/elC6wVP71hbP4y5qM01PI="}},"ufQBYo0NCGs3CtsYxD/+vHKpZ7IwDxtL/Gm5+RtIBUk=":{"valueMac":{"type":"Buffer","data":"1zkbMm1sx9Frj0QG432p6CbzbRUwz2+2X40y6FcSlQQ="}},"uyJ3cBSr8+NmY4PNx1wNczmWBGFpS2wtDLOTBOepBvU=":{"valueMac":{"type":"Buffer","data":"t8Gjslh6X2qbAlpDswWwhJGqZYAbsqT67cliNwAyxmQ="}},"u5kOoqny+9uuWNKgcZ5cHkTmeVoxN05zBXZtn59vqs8=":{"valueMac":{"type":"Buffer","data":"CbCDd1fUeTsAkIEBSmpLg3PWPh0Kde5TdYKqK/8T+wA="}},"u9nNbIImOjjj9UZduqpPfngM0R6CjYwmZoNAo/BZFwA=":{"valueMac":{"type":"Buffer","data":"Hpfigo3Qfd1y1c5itbb3AuvSoAURuEbqUPrcrwMw8BE="}},"u+Ry7yInZ/Tq86zrlXsuLMUFo7+0PtIvQuEJNE+2PTQ=":{"valueMac":{"type":"Buffer","data":"EPl4FqMbNdXNaYnuaJQVTY0N4yl4bcSl2OQL0uiwv6w="}},"vYIIuOR+ylTNE6OmIv5KIlARlsh8fOQPafLMXgiXEV8=":{"valueMac":{"type":"Buffer","data":"Jcb5qlZBgv2X/IKQ4o6kWEZSqcnAwNBUMa6JNNPE8QU="}},"vcv69ibIyFjPar1roNSnehfOkiZwvjppwd0u5Ig1i6g=":{"valueMac":{"type":"Buffer","data":"PuAgCi68fsq6MiEGuIn9y1ZyMxRonxe7qkTy55m25jQ="}},"vfmgvAdPaeZ2TZsAPF/y8rs0FppWo/2BirUyhXOQ0Ew=":{"valueMac":{"type":"Buffer","data":"ARHlTSOCPRaxvYnBiC6Y/9Ntpb80asocA4VPxNq//9A="}},"wHvd0TSddtVWlTa8dXVDrR21GVf5HLQGmX4bfXg/Km0=":{"valueMac":{"type":"Buffer","data":"uPZ5SQX4uP2bRS2haxaE2V6HEg3FlhIzdyBqGaRmCLY="}},"wQSeJb/4tbbTLoZKCTasKzoygwOvj9gcAigO6dytlVo=":{"valueMac":{"type":"Buffer","data":"Kk8ZePt6t3C8zrVx1fC7pkZ4LORr9PO8JKEej9e16iU="}},"wa2uQcU9bMdwaKmIQ/3sQgBKvCaciN9WR422nMTcNqI=":{"valueMac":{"type":"Buffer","data":"YfYdK5tNHFXHYUyCQXDZ9FpNUUVEQ9tA3PFCCqlQ8eE="}},"xIKTRKm0MO2FHfa3LRL05XlqQU+xWL1dSHuiymS6Yy4=":{"valueMac":{"type":"Buffer","data":"mVOC2VGzZnRJIDPifRBmOs7rNZW7fjQjQ24Ct037eDQ="}},"x8Q3uFpZdvvMduHYlA5W86QeoMco8UXTYXyf67z5EO4=":{"valueMac":{"type":"Buffer","data":"v6gqbprXIeR8c3/eD6MvgW+CMFbnZjaxhNNINEI0Elk="}},"y+MggxdIRL+MpYZpRVyC99DR8GcB7+Jb6zfWdweVUwY=":{"valueMac":{"type":"Buffer","data":"wN7ndf7BqUjO03YBCFZ54zzHnJmxZ3pKrEvCwNosgVo="}},"zOJryCFYH4lVibxV/6GC1vlQYBOP94toBFxn+8Bh9JI=":{"valueMac":{"type":"Buffer","data":"sJfi2CUhzenrm6CSkmXj+5jqXngvQDQsJvP6prtTTFM="}},"0SmrXSHSV6Rux5Ehtl+d33u3xI99gL4staDDkSgKptM=":{"valueMac":{"type":"Buffer","data":"kZLrakah+LEroQNmTk6x+Bh0gpXMIQpn891ltoWQ7x8="}},"0fPLzeeLZ2cO8BSF64wgE1sYeQaKfIaqr/9jBWaWuC8=":{"valueMac":{"type":"Buffer","data":"Ims/YVO1mzfUeixIkVLVU3NQ1wG6Faixb7xH8DhJaDc="}},"0h/gOG7LdmjeGlj5NcTPF0P2ub0AUivS4d632ST0aSw=":{"valueMac":{"type":"Buffer","data":"M5HGfCqU+Fx7pAM2SBTyftHdRgUdGPTE5FbwW74y2KY="}},"07TDYhSn/eC1XM6Qc490aOAU6aUNnpuCA/OqR5nNnAY=":{"valueMac":{"type":"Buffer","data":"KYg8XwpXFvj3zY3Y2NpCJNqa7vvGPjH3FfSExYmG4ys="}},"1ZF5ZPfneWRM0vh92GCeaabL/NzXT+vyxrLEQnZIq50=":{"valueMac":{"type":"Buffer","data":"viEbVxEEbaMxGf4A3xb/OJTHe0jQNN2EUkVZbRBnfYY="}},"2QZ878Whh3NOZS1ggF89a7a54PPJ2q9Vgb6BiN8OkwY=":{"valueMac":{"type":"Buffer","data":"6iIMxsaVpJkHw2VZp4IMz7506kPAW8CL9CfY18kqnNg="}},"2m5e5xbdzGOG25S8d+DJ9Yj+1cOBJKptwgCxSxXH61k=":{"valueMac":{"type":"Buffer","data":"y347UTiw0U3iwiaBvjuIj6PDVkgFR8frOiI+GitnL8k="}},"209eEmmRXa+IGM7fpcvmegLntTko9AUBfjYr4Y3YHzU=":{"valueMac":{"type":"Buffer","data":"JjykRcEPwAjqbQ7+mwN8tyTWTDTf4OD04hUEQvbSImc="}},"3BdBoo8lg1XnXpLqeCsGl9hFWUKAkwUXG7zhSuIDBkg=":{"valueMac":{"type":"Buffer","data":"C03vcc+TN2bDb92OcKcQVZoU0W9pfkeQY+cItejxF9g="}},"3Fu73l/scD7rCvNTblDanNYTNNOuboWI9jDz9zKFP28=":{"valueMac":{"type":"Buffer","data":"36pO0jUhBK5TrOplIVbtGqGBnGFqT00pXBAV/Y9RX6Y="}},"3GqiVnTUVIa7h6CUERpcVQNh1K52tah43D57d1O8uLw=":{"valueMac":{"type":"Buffer","data":"waG/56u7JF1p+0T3qj49RhlvH7jkVjFNzWmkHlWWwqc="}},"4mCGL/sR0nj/gr2Pg97x+sJFE3i6m65oXqmqM8ZJ9j0=":{"valueMac":{"type":"Buffer","data":"AjA+40+LicLPK8skHW8DruQUC17o0noi3kqnsbIaEFc="}},"42UTt2ySAMHHteK8Qje0dWXyq7X3oRqYc7Jdwi1GId4=":{"valueMac":{"type":"Buffer","data":"S/kN0LakPFrUNELDI6NiEfKvESziT8V02YW5HH3ouKo="}},"5gBk3r0v44ZxCkcrf7Ju/qh8z6i3xoPl9dyWdvbzQXI=":{"valueMac":{"type":"Buffer","data":"5e7GrthyvXpQ5c4nAinVwFyIRHwr41XtIVkCvaI1mAY="}},"6ejKm8TRpuARUEh6e+a88/YoBHr2M5wLV49tUqvIAFM=":{"valueMac":{"type":"Buffer","data":"VmImyP4yDhyG5s+94bVdlKDWiNoonYVfsEHDJ+X2oYE="}},"7E2b7nObjv3IjQXjSNlOpLdqD294M/9nGmuoi/DJ1tI=":{"valueMac":{"type":"Buffer","data":"a+xbCRNrZywiLVxlPnBJY304RRjUAw5HyckEOJgCl+c="}},"7MwNLnfVyZUYQb9jz28zcujuBcFO2dfJAikTwq+JAQg=":{"valueMac":{"type":"Buffer","data":"zfBrQb0FzVv2ylbn6n6R8TGmWbBLvn/EZ+Dnj8aD19c="}},"75nYWfgqf+iuHV/Pwo9UjJ8BiLE+JkQ8//E/To2KvVo=":{"valueMac":{"type":"Buffer","data":"9+JdcNOofRaP7Q9jxDYThZjALPqrEkW0e+HBtAhsW/Q="}},"8DVZ6JCPLouBmnQ3IYcHV22gAJocWSPMBjA5xu5UJZk=":{"valueMac":{"type":"Buffer","data":"BpviZwR4jCgeo5OOsCXn/Vyu67owTxZbRs+Sw20C7uo="}},"8eLlKsvZpFhZ24tvBjQ0iARbUo9Z5Jx4HmJz2KdrjxU=":{"valueMac":{"type":"Buffer","data":"5cdH0NS7vU2eqYOmS4WUE/6EbgyCBt59LScCaa8Uug8="}},"9vFA7Px0k+SqQssjnnmII1icfW9LNQh/qcAsV05LOLo=":{"valueMac":{"type":"Buffer","data":"JZt7OdFgmq6hQaxFId8Vg4vTUApAoHKqxDs7RoPK2CY="}},"923Ae0Ic9bg+OhnveSeHjJ8S6VTE5VeZi6vTfpC1WtI=":{"valueMac":{"type":"Buffer","data":"uo1LCDnvK5i1RPjwlGmXavQaN/jFoidBNWEA0g0+BMo="}},"+eOWPiVyTwak6mTKspuRYYd5F6m3lx+XWpZBIKxJIHs=":{"valueMac":{"type":"Buffer","data":"4XoK+EbAwk3u9hUUFX4xp7nvvTv0hhisTieMXjN7wXQ="}},"+48GCbz14L7M8RfnFvvWycSX6F/fIth5A075H4o1OjY=":{"valueMac":{"type":"Buffer","data":"DoSBaSgRBdCzSD3a4WAiKDyas+Hb63Qf1Ll107jYcEQ="}},"/MMT0E6HkzQ5wkTSJM7aD2GtjEyJufiql4f4QXiJZdk=":{"valueMac":{"type":"Buffer","data":"A2SSjVPHI+v38bXPdJceVFP+Il+Rd8S4q7fgrSVkEVc="}},"/qRSwr3IIZ6oh9RVbZnQY6MmM92r+DvU5L+wUzNF6Y0=":{"valueMac":{"type":"Buffer","data":"BsNu0n2Zeb4NnsV1FplIPRQvOo4nL2pC0NOSWYbVlwY="}},"/q4NzXfrrrXm0o9I74uKLsRwMw/QdxtI0QbIxZX5yPI=":{"valueMac":{"type":"Buffer","data":"FY+wxvI4TEqCSkfrOtWRAX0nYUul1tSDL7G9vDzOoK8="}},"/2m//12BDFy3SIDmZhlD55bkrhzMri+Qka7f3jpeb3Y=":{"valueMac":{"type":"Buffer","data":"CDfLRlI4eQ/L44ZjuoAcq84VcCHEKlbVmi6XDy8cxyQ="}},"/71T7+4HS1eUtVwVzZo5uB4w27MRkQOkkxf3+1vhXf0=":{"valueMac":{"type":"Buffer","data":"gr/BP+7j31U53Wsex+Yb2ESzR85Swd31WfrUXXt6HbY="}},"h0C4qmoEL3Tohaj0MpLERS783TlWlbVlHtMmRBvPCvw=":{"valueMac":{"type":"Buffer","data":"lelhDU2LCEzRpD0brxag1j+FduypFTsa+vFvsuL8fRQ="}},"R9JJ8VZ40SJz2HDruC76XP7foPaiGzrFWoD1L9cflG0=":{"valueMac":{"type":"Buffer","data":"ZIV9hclxzr6zuNGoeeai/HSN/LbyQ+quZ8Bp/jEpLbI="}},"EEiXbtSrwGZgjDbq9Fkb7lkS/Xg61HYjVdKycnUna2c=":{"valueMac":{"type":"Buffer","data":"NtC0LjOoJui5D1etY7BC2CuGFeXf13MIMLY6t/tdk2w="}},"g/DfLNn2IA0h2lEdc7KepAkdoKhIRhyoFPgbZc/+7FU=":{"valueMac":{"type":"Buffer","data":"KW+0ICDUBKbGImYYkkmsOoNu9sh1Sp2Uq8tXsBeuA3I="}},"bQ4Aay2H5R/znzwMIhvCf5MpubaYP0RkrgjHrQvzIa4=":{"valueMac":{"type":"Buffer","data":"RVjilvoZ0K3PGOVQcLZYHU56tClE2N6HYtyxOnx0+LY="}},"6mD9Zqf0P07t4M59HteWIk8mTxbrwgtL3MJd7K61AZg=":{"valueMac":{"type":"Buffer","data":"bksRANz33GoexqBMLrOzKK7ShQgb6L45vWY69HDtEKg="}},"AoIvsv718pSmkwUfv+5JGqw40aa5Z4qG3Ig8vva6FbI=":{"valueMac":{"type":"Buffer","data":"6wj3aSicfKvEmpCrf9XbDUQzUJpeY2SmSWla9RX0hcw="}},"RZa3reA4teePBLrb4JweRBiSwQ7HOZ5+mGeezNb44Pk=":{"valueMac":{"type":"Buffer","data":"7U8JX+L8k+/nk47BD5ER6t3fvtPhICXAgHUrNdO3DjY="}},"it8fbsT2bcP7rP1/KFdFPwYUdVtOvF2mb3FKr3yzRvw=":{"valueMac":{"type":"Buffer","data":"aR/C1AZPkkIdzBWoWTCq7qApgoH3wcU6GrexBT003BU="}},"ECI8YBmdYYOipx1C7YJNOLMgbfr/5mvWqivehCSEEV8=":{"valueMac":{"type":"Buffer","data":"Ep/yaIhn4dSMFH07VDj9y77Vb6agcVy6NCS3VqS2nwI="}},"DmfMRcFZNtwXwlD7rKEqmH4J3if5qSqMO70QTSfw52g=":{"valueMac":{"type":"Buffer","data":"1Hl5ebt2N3cqiJfwhLQC+URIb4MMMol6nmbeSEY/yvk="}},"zeJkTA3emi1bM18o9gsfki6vZfhscMNow6nzeeZh5pY=":{"valueMac":{"type":"Buffer","data":"BXAnD0hiiu7vi7qCXM9sq+luy2gO7cJfRO9bVCNeJ8Y="}},"zzaxAeWW/6y8klkW8rKp1vL+ELTZUB6W5xhi9JS0toU=":{"valueMac":{"type":"Buffer","data":"TF62a2lcXcse5WZh7Xk/hNbDw9v8BoBtD5LU+DCkt4A="}},"IaGCZMVbnxsVThsaflx4d0JBWpTcXlrHDonhtUQKyck=":{"valueMac":{"type":"Buffer","data":"0wnGO/zXYedQFSXwjN1HtKoaGKUV52OEx9Nqwa6hPWg="}},"41u+QvJK4L3mVAVAtAuInlkybWrs+JUiakzRXfSRzOQ=":{"valueMac":{"type":"Buffer","data":"4IEsFe5HQH47+AQ4+CQDeu5yk1reeVp3y453uBXKG04="}},"5xkNZhbhumprZf7lgCn/iNS0QDf0aD07hh2TH/X9Na8=":{"valueMac":{"type":"Buffer","data":"rF4P1C+RPQoDj6AbB9aWJVA6fCC2SuFaJ3pj2Dupzl8="}},"MEZkVvsslXGEXn3vOqIfW8YIkBbbReJRdKsS9D1f+hw=":{"valueMac":{"type":"Buffer","data":"Kdthnd5rGR2xV5wEmLQZLoSgOuil0S7aW3/mT3/KZUw="}},"GJVIRRwNm1AkYPCUYDJuc/GKs/e/CZ80JFZOfzkpVWk=":{"valueMac":{"type":"Buffer","data":"dukt8aa5XDWqJ51/DyinRY87BW1AJ9yn6TQk0cDdcSo="}},"fTFJny7wPKZyTVt2MNlvA7K1FF2dWriU4hBZWx3P4B8=":{"valueMac":{"type":"Buffer","data":"Hsxtus+Yk1lAtRdBwS/v5if9hVgDE035BzpL4Xq6c+s="}},"pWA/pe8qKmxHKar95cBh2kj4hY5WBn7LraSRzhg3wAM=":{"valueMac":{"type":"Buffer","data":"CUs9A41e+5w0dFtEhF2+zN5MH84KbpWFP8IPZn/v9Ww="}},"z69XKsYQdMIKS/xR4nGRrcuZ0gSl/COrSVwfxFVPMXw=":{"valueMac":{"type":"Buffer","data":"f8ad6oK+t1+tAhpJRSwo4SBuL5EFyOuT9FKuT4gDx/c="}},"A97ZS5ekHx5MP7q/k81Luaz3mqf2qaNT84zroc6dPo4=":{"valueMac":{"type":"Buffer","data":"nGFe2sGP4u8M3ArpxYspRW5h7ImSDjnsPTb1v/gZMkc="}},"U2VqwnY2qM0xKBgiuOFZRdycZfgr1pVqt0ppx7Nw/xY=":{"valueMac":{"type":"Buffer","data":"W/GmRVUwegDJLMReMH8Vbiw8J7v/fYyDt67htmKTnzE="}},"DSClcJgNlTMNwNaHYzx2ZgsexjPIlyfb9tYKa+oNNnU=":{"valueMac":{"type":"Buffer","data":"miBVRhbt2HpGfRzjC0ZWDCUt8EO9Ro1xiQMwYfto5FY="}},"rsXOxHqDHpaAnen5aWdFamzYiz0ISmsxCmr2zfOK6GY=":{"valueMac":{"type":"Buffer","data":"tZyYMROZZcN32be3ltpFdu8w+b3ta+69iAT4cbtOpkg="}},"GruZXo3DqhFOMtNFXeaXlCwjElQ97ZLMMb4/KlyNdOQ=":{"valueMac":{"type":"Buffer","data":"430S0SfnI9oRA+ZRvIthfMOgNzXJ0Ak5R7A1xAYV5Q8="}},"TlQZJ/9LWdJ7Djm96Nq4tV3Icto5kZyzVBgjbnIs+1M=":{"valueMac":{"type":"Buffer","data":"83NKWBHmx0gRM73jYvmk7CBHxMKgtvvtt/oK4GDfMZ4="}},"oD4dnZS3i+Ft91D6w5lyTkcsrfSv2BP5NHXsWb38nqA=":{"valueMac":{"type":"Buffer","data":"MVCaNtOy4JuUSD0dGPGCVlvwE/G1t9uynwLSdurZ4I4="}},"jSPJgvyEdc5K8btEeI59SsiuBnJ6jsNK/k9RV+NoRPs=":{"valueMac":{"type":"Buffer","data":"Ia5l+gr1dHMLoUhvuxy32MfBmV81N7EwHHWjw+aTC/I="}},"kvxVLHDb38nNPCIOpxsal7Qz5IXETBGwaOgmOtXeCag=":{"valueMac":{"type":"Buffer","data":"8J0M8THseLYZ60rNiI0AZu8BT52G0vt00CwIo8ePk60="}},"zCFIh4Wjo/PZthD9joKnvraVHRxpIWALGK6Jboar7YM=":{"valueMac":{"type":"Buffer","data":"fka07tl5YbODSVupafNLl/wsHR0MqVJKX+AszZh1ffs="}},"S0Psrn+llfASbstVZFDLKvV1jhLtsm742Z7j96iVTjg=":{"valueMac":{"type":"Buffer","data":"/XExiBmUrn54IKaqeo9VUFAGHg7D31/is6pdHRyJwWw="}},"+resvkeJH8aZWgnGZaEdCv1ZVU8bA4jEn6SM5nxm9eo=":{"valueMac":{"type":"Buffer","data":"3pIrAgnsrIQU1Dn6VIE4jyPGeLAcGhk2SWFvUvJ4vTQ="}},"Oq/fL4z4ZPeMnmiI0FxmVAvoc2YiSSVEycKE9G9Lc6M=":{"valueMac":{"type":"Buffer","data":"toPszI2Hct5FilT6z4C88bLfZT2YlBoAW6z9LtA+YeY="}},"yq56RNsEIf+jFpnHwk2qJm7g3oHxTxSiPw9VJtRxARE=":{"valueMac":{"type":"Buffer","data":"LMFjfaVH1UsCpnTtLhp5bbGKf97z7rjnNFNOFZeFHms="}},"kJmqmBn7+517mW3bhJkONsrMhNqI82HA/psvUnvF5MU=":{"valueMac":{"type":"Buffer","data":"4knIwqNJICtoSs/rri+wzRKQi1TLq0XLf81L7Af/TgE="}},"Svu5QITPGwCHd2gv2zw3iMXVzMfsWEpvl3rMH+MRvww=":{"valueMac":{"type":"Buffer","data":"pwngloqnFOv4/91VeboJ1lkt9WAkU7lLkIZ/P/S/MEE="}},"1nkFZjwCYhl9q9pY6/8ROCq2vg7A00RwqUVqmt9Wbqw=":{"valueMac":{"type":"Buffer","data":"JyE6lEhdPqDjfk+Cd+MHUQR12t0FNgZSBJVjvVPxrPQ="}},"nf+9GgoV6qEIm5K8C/B+iX/ppKvrqpwaDL4RcfHegW4=":{"valueMac":{"type":"Buffer","data":"IB1oHZbSfcWfweGz+Z5875yhnKsb4Vuic+ioxoCxeXo="}},"sGUAHK4/M+2Nbhq1ltGixWWMAdlq0Mb8Kgw5EOc6uF4=":{"valueMac":{"type":"Buffer","data":"rVjiRSwEdMZfKKG7XGsxxfEkOgSSBDY4NhJrsOL2a3g="}},"o9j6mUO7tOMiBDeX4dtXVJBeDCKgPSE6PkAklLMTR7o=":{"valueMac":{"type":"Buffer","data":"hbCzY82GRfHGZn5p25AwiVy+5eFJ9oIGwmruLNdkKys="}},"0QpiQOFEJIWbzdzzr5/voYLJ7+d1DwpFEfIlDUXNEMs=":{"valueMac":{"type":"Buffer","data":"SqCQogC733U0wn7pK3wJ3vEfcFrva4QvjJXp/4ZkohA="}},"aDrBOBaYnHYubVNezqhEEhVkgUopKbEMDiuVJ49VnPs=":{"valueMac":{"type":"Buffer","data":"k3AZ4gyp8897D35Tf2z7ej7oe/U1m/mo7DplfFKNcI8="}},"ibYmavwx/SVH8jrefdQFtW1ZKHG84pHEesQbA/H4rNQ=":{"valueMac":{"type":"Buffer","data":"KVC2nFABO9kSmm5jouy9drGuGdVqkGl3injtnFY8A84="}},"tdFSy7OwqycPCbBSCEEQe4wserdhyh+VvRGmXaQMmWc=":{"valueMac":{"type":"Buffer","data":"vi41Z8DrgMJY7+cC0nGQ46Z4XvYVFTx4QAL9w5BjZrI="}},"tllo+mJ0Cn6qYR5CHnWIvPQA3somZGVu4xvFd/kkwhA=":{"valueMac":{"type":"Buffer","data":"NtlRbk7im4IxjpAyJDGXuN01n2Eb79gEGYsXs/II/E4="}},"A+IVMYGT971Pzyt0THMNE+oIsADPAaVcCouW9nylhLk=":{"valueMac":{"type":"Buffer","data":"MdgjTqwsMpdGDEXD9dXpTWY6ziyWiZ89sqqclyvfWrA="}},"RM+eLSl99dMPqvBDplcnKfxqZmW4DPS/qVWLjNngp5M=":{"valueMac":{"type":"Buffer","data":"ZsjsDxs9ab3UXA13ppPH5ocKGncRF8FSf0UZg1U78UI="}},"xB6nEQ0EQhCzYd3IKfjAcNhirBlP4eP5HSdNEOHiS+k=":{"valueMac":{"type":"Buffer","data":"4mELAV2OzD49EtpFtslEAESK3jxwV+UhC9w7IRX4HOs="}},"nASEMIxbDJ7NR3RWkkxEEwA3SISyI/E936MJ3B08AGs=":{"valueMac":{"type":"Buffer","data":"pYqoLGduLQIGbgFKBgznf3z4A8fl04hEkCq/0InvVSw="}},"iNL0Fs+EsMoVsONol+IUWJ0oqXuqPCAkVrZVBz13h0w=":{"valueMac":{"type":"Buffer","data":"R98ZvlyalThJnMJ2jwgqfK9Rva3taFtCabKvgpktzN0="}},"50w1aYiesAd8LS01WFR9j8cKKIUXaJaxadLuVtdt2dY=":{"valueMac":{"type":"Buffer","data":"Lm3Jr/cd35UouvDwOTu86rtY2US38URs4JzMLU967sE="}},"ed1/E2CUun7j8KdPOVO7kFDicroddvVU7n55VbFZNwM=":{"valueMac":{"type":"Buffer","data":"XFHDUN5zqb4tZOt6iTXzrHDUnr3ec8LAtc1L+qrxOkE="}},"io+1P/rFWbstieLC9FGQYKrmMeZrbYcWQ33tnDS4hCM=":{"valueMac":{"type":"Buffer","data":"bzrVNF9hBHS4h+HMqJ+hsCL0HRi5buVzEDNLjXKM0KQ="}},"zMnEIPjwxigWux6eg9ABLCusPYgOGcs46dpsCEW5EYs=":{"valueMac":{"type":"Buffer","data":"qPik0VXSf7DkqhZ4U1Hx17qcEmgZdr/OjmP1VXxR7FY="}},"LTAx0bA8kEGSxhCi9veoJDKt1LXedi9SwsWEo6+Zkh4=":{"valueMac":{"type":"Buffer","data":"yhWK4xPhOQn3RF8mOO+eTgd60mA4PYievKiZ1ze0egk="}},"l7y86y+7vD0lf5GvmGLOMir68C+xXbFSaPtNFF7Y7zk=":{"valueMac":{"type":"Buffer","data":"nc8tOYqhKDDaZJ7/BJbEpTp3qqR/Gm4/RPxDMa8opNs="}},"fO+VE6P63Msew0KnccQZRG4lue4XDidURLcsg6E29z0=":{"valueMac":{"type":"Buffer","data":"Xv/gjvaMvLNO//sbilD9lgDGREafjG55ewo9t25x5tw="}},"prf19+BgCOEXlVDCaS8LWEPSKpdpvY9e67fWtnuFkFs=":{"valueMac":{"type":"Buffer","data":"kqMzXg9O2Oylfn1DYtkA/bVKGKejqKsIo1Cwn1vbOk8="}},"HokHFpfA7vscv+SPQfD9PJ3sr4YqwQLZ23KyQRP1w2I=":{"valueMac":{"type":"Buffer","data":"m49Btm0prY1XYNyaYjsZ0lETe+3FOb1ND0FyHDDj3ek="}},"cgsBIM/F1CvXY89dE+/iEBJcbUhUApT01TfQBr3iEyA=":{"valueMac":{"type":"Buffer","data":"koAvihxnraQQbyAXCTuyD7GKra4T6kgHpJcFo30bNMc="}},"a7105ueekZ1V8DRaH/of7zYVEFo83XToA9gDHlWNJVs=":{"valueMac":{"type":"Buffer","data":"kl7gzgwKAjNT6/ouGA+pkwGHox871aDFOgFICAAuonw="}},"E3WE5hCLMrbbfoQA1LpvxIcKJVcQ/ET+ggRLOvHYuYo=":{"valueMac":{"type":"Buffer","data":"jzZDD3FQMoP7M8DgsCsFga0iZZPdGOtgFvfJwSyeMLY="}},"iMQ65/btmM30uDrWeGscVgW9Zu0mfeZBD7O8dXc+Y6s=":{"valueMac":{"type":"Buffer","data":"tFHkc+xxRNR1IL5Ff9cwc8Jy8bFSoSWOI356MqhuPXM="}},"lUdrJUluKLhdFXrPIRGsKkIKBMFQKIVillaj0sbGyoA=":{"valueMac":{"type":"Buffer","data":"RfLlCtdv9gyP0Q26bk5xiMzgJF2pqoifR6OkEHBdwDo="}},"ezO3bDrknp2iYlOeVN6z1icWDLF5/LgMs7KM7HY6z6U=":{"valueMac":{"type":"Buffer","data":"2acIlBxOPqi5h/7DAVV7Vz2EkMVczxbU6t4w5y55Ro4="}},"+BbfWnOsiJdU52DU82zYaP2ENURNdwBe7tckHJbnE9w=":{"valueMac":{"type":"Buffer","data":"OvOQd9xNcq0/ucuruVCNjWvSnbJIVlxRC9nfvBf29AU="}},"NBRL61aDH6KZqljTtDNGKGKBEmowNrWXRpNpKxAn1BU=":{"valueMac":{"type":"Buffer","data":"u7Mq0NoCegvf7mU8A3lZowZHRNAk8kARRR/sLXY36SU="}},"XIqHkOti3uGhaeRIm0sa8GkLAfJdT7W2Fgrx5/K3wHc=":{"valueMac":{"type":"Buffer","data":"oOtFMXOVAws/JX5X+mHdzKVq9rgWvlood3miqf0Zz9k="}},"jUfROzzV7ZGevrekt1sMCICHol2Z7179OlyjwEXfwns=":{"valueMac":{"type":"Buffer","data":"u2PnW9EcN4nlSqt9S4I5sPww2I/bQKzEr2S1DTlBwiw="}},"tSjackK+YnXRzYiPNqIur1w4XJVMw4CITMEPl0pk49g=":{"valueMac":{"type":"Buffer","data":"wciUe9KxzuIT15pF2iMnCx5XawQp0j5zh+YqjhH+DGs="}},"zxq6NeuRRWeDg1UK4F1h42SmqHDxP/onPWx2jywTJ4g=":{"valueMac":{"type":"Buffer","data":"t2KACT6WUZ15wgsTGg16mcE6WSTU6jm2q06Judw4peA="}},"mwaYORwl9amWtqqlnzPkjp6roueU3R3CPW1F04tFxkk=":{"valueMac":{"type":"Buffer","data":"zDRH6JYM9p4opvs7IdlM4SBRaXGh1c/FRxoOQvZXQa0="}},"Eb2nzTVi3lf8dY+jrHhuUez5Srlzm1xnkvy5oQ2xGQk=":{"valueMac":{"type":"Buffer","data":"ZVkxgAzSCeRePH1aEoanKIj7Oi0Ii2GRkHlXd+xpfpY="}},"Bzl8I1etkx65VTC+qVNUbuwz3hLfPwEZlZ1LEY9FUy4=":{"valueMac":{"type":"Buffer","data":"c78heu0RgMmr11ZUvJWpNBi73A81Rn6CSGK/avfgXZI="}},"pg6p5aAFoGRZ9K2o6uEQd2sJZ0IgPcTGDMRbCzalayk=":{"valueMac":{"type":"Buffer","data":"0fW5Bq23p1ENKjwzsdRgJPYhHT7Xszh++oyfRTOiXyU="}},"oLmK2/y+3qB2JbnvN5qWAKE54owsp+SsA/uC5giHVtY=":{"valueMac":{"type":"Buffer","data":"pVCDjIcQMX8RwJVsiH8GwglFFUaaZS1gVntYkK/KrDs="}},"eOkIXXobPcVvWiMfvG/NjjW2LcSPXwJxR+2+qs4pmoo=":{"valueMac":{"type":"Buffer","data":"HqDzRtxTNTzLJq5AF2JfHPWaGjOp4qnDo0wZdEFua+g="}},"PXzgSMJc6j3bUDFjiwoteFlYZ2aej94j8L6SUHDfqDU=":{"valueMac":{"type":"Buffer","data":"Qd9m3YW9103hSbfRUug+UqmhDM1Mm95yfYdgf6Yijhc="}},"ZH4/LBGGe08EmEZXluuFSkpj1G9DBXBAKWjcwgbm4D4=":{"valueMac":{"type":"Buffer","data":"6gveYB0vDUzdc7tppZfDdxdEESy/oDsUg2KCHCHplkA="}},"VmLtJ3M/5fjucKoMXvKbL2M3FwBnstFqN/d76IRHVqU=":{"valueMac":{"type":"Buffer","data":"kNfNQk+qwua4V+NOosK0jtvcOvLlfe1Vxn/60oVxe9I="}},"RDasi+AR8nnoXpYfoHyMAisGFa9nwO82r6XSR5zrcUc=":{"valueMac":{"type":"Buffer","data":"hiLSxNDjum079nZewTqaomsghLQqHdiK7n+dBENlN6U="}},"mRoHeg/GOw2W512W5W/9szgQhPjosYIApx2igG7fUFs=":{"valueMac":{"type":"Buffer","data":"4otN+sB7arEukmMkmCLwZ5BSrTLenGL/DdrhaG/stis="}},"CdTsqfe6wHqAo71aVMY7I3Kk4+yKmITEVMoNfccp5MQ=":{"valueMac":{"type":"Buffer","data":"4T57atpd+2rUJPsjn83RD/XtcBOcQIOvZIwipFZUizY="}},"CbFkruwDJUlbQLFaNS4VdTpe/MYfF1bUu05tPSpzr1w=":{"valueMac":{"type":"Buffer","data":"CGuAL0UnOIK+NPGm4zyfaE3JYL0POMmeEEUxO00jpo0="}},"bpG3vag/G4ApSajnbu5pZzC35pHlZ/myQXS7j+vWlE0=":{"valueMac":{"type":"Buffer","data":"NZSmz59rVH5jRl/jjw5muZPBeryJ1sdm+SHZrbXWCcM="}},"UOsMw9PUOy1L5x+KYTUnM/bo2zeuO+Yx8Is6g4p6ZLE=":{"valueMac":{"type":"Buffer","data":"6ICiHIYXLHwRJdukXnZODR9Os9aX1XkxrvqrocC3TEc="}},"nu4G5PDPDFT2qX4eIrMYx6lhX9XFvCWu8I+pLfekkeA=":{"valueMac":{"type":"Buffer","data":"ztaOcHopeK3YF2ON3Oo2IRpM1vl/wQ/U8Y8fcXcqxnI="}},"rj8lBllcrJGneKyxgZ5gDLxwwSJ+BhQJdU3Wk1UNf5Y=":{"valueMac":{"type":"Buffer","data":"jXqYp5X1tddQkdzLNKzNNlJk2YPi4mnRjGDdNHVMXrM="}},"DoIgvRPDmcJVzW2cE3adPrk1wNiN5Uh/KD0wpPQRWjw=":{"valueMac":{"type":"Buffer","data":"kaeQL0wOz/pEa05FH/Ig6vopNFf8IbkHSvDtdHhaF3w="}},"J8AOqeyWd602VVbiTqUagbmk8B2CrEYfvgNN2YfREdI=":{"valueMac":{"type":"Buffer","data":"9JNWqrMQBRAUCzMrThx63r/mR4nHGWplDZ3N+1PgD04="}},"LF0R/t8wXBCTis6e0BQrrPauIvjF/9rVVy95Azj9TdA=":{"valueMac":{"type":"Buffer","data":"xXOJHZ9qzD/aguiAWl0Dx+Xsa4iCQttO2oAILLAQqSY="}},"hOhrZjdwuFdDFilc9IIJWVMXD5fgrOXEkb0EZhe2sYw=":{"valueMac":{"type":"Buffer","data":"uYn62PGXyCOgs2DaSJw4OCC5b+r9YIRhpT2xlAaGn9A="}},"KbMkobpg7uPKEl8W9lZO0tAn/OQla8XkoAkld8HPV70=":{"valueMac":{"type":"Buffer","data":"G/MBmJCaW0UAzS3LM/AbzfFW362MjrXqtoSbXeNXNZE="}},"F9rHXCtkhVDb2iAFCPRNiL07BFj5ZIJoixQ0jJJBHSw=":{"valueMac":{"type":"Buffer","data":"avDF7mTXF0YISz/vh0PAfOWn5reyr7mPI3YMGtWSCB0="}},"BTXbXMVU8+Cmt4b99qjPPvrGJsDmZEiToZs4UJ/CYLY=":{"valueMac":{"type":"Buffer","data":"4l82dM3T4D4s5krM5Pp4zAxYRPRkv1HAajPzBJ8FMjQ="}},"GYsEnqMscGPtuxNRxwZzfDu0s8YCT4qlH8tV2OZxkJQ=":{"valueMac":{"type":"Buffer","data":"zn8kw/NLhdhIkLXR3aUYgWjq3hoDFDn2jKv5t1oohPc="}},"BEau9IsK+cNKBnYcz8HnAOil8YRFC1lCi08q5viX8Iw=":{"valueMac":{"type":"Buffer","data":"Ls5WLurwE6mwh2iY0kEyaRslH3nIaEAQg0nmywe0GV0="}},"D8uAz5dTdhcOg+V5zy9bc7SAKEAjVvFz88Av8VGfATk=":{"valueMac":{"type":"Buffer","data":"TVdjjRDg6IOND5j1EOgugK5c9QYICfbX15vmw/A5dqM="}},"kJcUhvZde0K2qaIDqZ/lqD5r8W5agHUapnXP/I7cbeI=":{"valueMac":{"type":"Buffer","data":"MQ9HN1h8jl4YgNiicIU3x8dLTyU+EIfygw0HJ7EP654="}},"fKieM2e/gSsBMnWdYjjtBiJgtw+xOo/+5aR6QNTcKMw=":{"valueMac":{"type":"Buffer","data":"ruXnG0oe9zEUXhJR6gponqTByJ3WzC8oxztIvyudy3o="}},"ou2TuN6Q/1knDr8r8kF+7cwIITy+gp5zV/9W8nmre2M=":{"valueMac":{"type":"Buffer","data":"CaO5P63YYOgeSj9PvSKRsfXgM/mS4SpqsMVIPMangkI="}},"S7rkY8ralxAztRE3vm1pk44c07o6b+fmL+qNMLiyclA=":{"valueMac":{"type":"Buffer","data":"b8kbUJbwTah3uPRQv4sdB9goZsojtojUhpvf6LiE77U="}},"N6/mwsEZeVF9DMzvRM0GmfJhTEY6hWv5QGVThl9/7Cs=":{"valueMac":{"type":"Buffer","data":"EeXRsMvX9zPPGKQ+c0oKh3wtHOeJ5G54RSIPyZbS4V8="}},"FGcVNBr3JVH9mhVBzWQvrYaE8mQBh6ZQE3r/wFCUGNQ=":{"valueMac":{"type":"Buffer","data":"uAI8TBfpqz1X3JH/O/hoKeHX4LW3DxyNHK540tJVWDs="}},"Od5yRWcLlle+/rxDCqY00+RgbEyala+/Od3/g595ftw=":{"valueMac":{"type":"Buffer","data":"tdaTq7sfbfGcfDpJh4N6weV8cG2rpq3aPxpoHKME5yc="}},"vrtr8qt1XI7lSCEIXgRltkHIjsswaf+y5PA7SS+C7VE=":{"valueMac":{"type":"Buffer","data":"GtYFMjsCgqplBC8tYqf145MLm2Mw4hz8YhlWdPjcGDQ="}},"BDV/FaO3JU6oS3djhHFIiXTbxwpkmqqu1Nd5g1GuUHk=":{"valueMac":{"type":"Buffer","data":"VyE1TKkVXaL2WrZvXuGvsF6SdfOcJV6ryRYX0811+vs="}},"eBkVB/uJSFw0bbZleMTV/6wTJHuhfiPVXq72x1Xroqg=":{"valueMac":{"type":"Buffer","data":"TYcrhiYwNlgbtINoOIOpFGfeAR1xag9tbnfRrUeuKSE="}},"n0RbUA3QOvrEvzAW5bPQpnLEE5eftAbTNA/+4ChEatg=":{"valueMac":{"type":"Buffer","data":"6tP28p6Cc0zjUIsl0L0by+itRVoTFiYF47XFspHb4fM="}},"boUrXnUn1iVbyoy+BnzVgcD/JJrMGr3x41d2yLek7ZI=":{"valueMac":{"type":"Buffer","data":"RGz0jBwyDehK/UXeIxC9+kc29efl0FN6JucbKirGjTY="}},"h2d+XwAcXmgYe7saLLgDb5aX4idmsNSYua5hV8LV4Hs=":{"valueMac":{"type":"Buffer","data":"axgRjErG/QNbJItmzVhfCIb3PJv0K/N6IBgy6CIUyXQ="}},"nJJ0XYOdvFP506hqbp1KbY/5oX585I9C4V9qEX7zKm0=":{"valueMac":{"type":"Buffer","data":"60WFvoIbDvFZUOqVaXwCeLs6RBGUmlzXJXuFIpFEHFY="}},"2JMaXV+UpwNCHhM61gwDWtceVwbiHTVpOm76hRqsbVE=":{"valueMac":{"type":"Buffer","data":"GPKBaltNRn5MG9KCva4EkW4+rac4QbGsxdCB81pU9SA="}},"HiePqbr1hloWU6GgEdSTNVkYPs+mQJVUyS2vWUhK3OY=":{"valueMac":{"type":"Buffer","data":"eWcJ2ADhI0nuptyf6SYj6zko2PGH5cU3/URfkTVs6Ac="}},"W9LrzQCFZ/0Lfl7kEHhWfG+Sl1RSpudnmydSrG6brPQ=":{"valueMac":{"type":"Buffer","data":"Z9n33vXxHDRA9ot/om2usg88VASsPMS61sWKhEH3JNw="}},"MTtvKKArje0FFTsD+ctnWJl1VinU5R/2J8nzqulzQFE=":{"valueMac":{"type":"Buffer","data":"mj4CkN5dlyxFH3dobi31L6WTUWQTugV6ep+OHJrGf3c="}},"tGOSQKcHCaTRFrU5WV70JN32A64izq1RiCF+QyP4q1M=":{"valueMac":{"type":"Buffer","data":"OvVgVCs6hajMcpOW4fI29hX7Q0YpfAAcfwAjSXs7qcw="}},"uROX0r/Xz32ILKdMNFyUii4f6B2lfvThD26xEwtK1XA=":{"valueMac":{"type":"Buffer","data":"fhrYgpn5MinNN32PgKweoXsTM32+/JJwzriKT/plJ7U="}},"Izc7MSKy5JnUHmACA2DMYqEOn4dHR03DwPqivqU8mMg=":{"valueMac":{"type":"Buffer","data":"W8APiAChzJt70A1QocqSisDp7jmwdmau7r5Sz517NsA="}},"MeBn7scXAXGuHtyV3FqgpKmje2S8C75dsAolKwt9G4w=":{"valueMac":{"type":"Buffer","data":"H3pj2Bz0qw+vgxu2Nv3I62hEfQHdpBfBWQBW20JNgec="}},"SZp2DGrM2ovMYTymiavx1MdF10S0XJpQy6mZ3TgvOq0=":{"valueMac":{"type":"Buffer","data":"PT4dLWimB360c/cnGzgd/kcTiBz0sDkOu2zNGLyJYtk="}},"nZEL5ger5m8/zXpVniOgqVT4q3j92Z6mU3zFiNGogEk=":{"valueMac":{"type":"Buffer","data":"klyOmZ2SemJhLe8e2xrlOpgsBXx8HdJODCR/bsXs1lQ="}},"16e0ZJWp5CZQt0+NTC6QWgFpo2/XojaKGIrOBmw0ztw=":{"valueMac":{"type":"Buffer","data":"qxZd4aovhpZw03zTMVmDlfbXlzvApRWqBwSvZeCrbLE="}},"iuHVFIFCOka0GdwmlsLpQWSC0Z7+CRRf6u4zTPSFSaE=":{"valueMac":{"type":"Buffer","data":"32/c++prdTd5C7gb2PExfS+xtN73uAGc4a5NIPgMCfE="}},"OtPZWXCE9to671dLlaD+UVhmeVvLa8LF61n2lcT1aG4=":{"valueMac":{"type":"Buffer","data":"B2lOllsknWQTAbFf5R2zCl/b1tFduii7Kn+4MdIJm6c="}},"h4qSeb0vvVSgavmlwNRlkxXdNlJAM4vZx5N12+EgM6Y=":{"valueMac":{"type":"Buffer","data":"YDSd0R4g5r39nmYWFMe7CTf3TcnEz75w8qGyiRtL0vY="}},"qZUnnQ116nPa8Tl63zfnmz7v2AoS75fkM6M7SfSXrtY=":{"valueMac":{"type":"Buffer","data":"OoQLlLziLKsn80To+vAOoZaIDdajQI96SBDTTFbyr78="}},"PjdaRTOIK6HA+hiwFMvtfFkxha/kyPBOaKlk/NdG//U=":{"valueMac":{"type":"Buffer","data":"vYlMqPrYQPAbTdz0SBNunT495eMojSxdBx8zmnB+WsA="}},"EwP502MtZ7RcepCI1wrOVWsFyh7Fd5ZVHVFr8V9yBYc=":{"valueMac":{"type":"Buffer","data":"H7s2RkNGhYhipaMp15sj/H9/VTeo+7xpE1tzvisXXpc="}},"5RlvqjmkBzAM3SPdkLFVRICMYP7zcZNs6DkqxKG4LyM=":{"valueMac":{"type":"Buffer","data":"+nrBYcHd8BHQ6/A8HU+bQABrQLlOVcwCgHAc298Gh3k="}},"2J/e7YtlsbCrNf4jcD3LhkcM0YE4lS8T9haz2hsHAEw=":{"valueMac":{"type":"Buffer","data":"ELbMdqMpzGNeq+NLUELZgroSHaoW4wlqHRU8qJLIVGg="}},"5LsL7nMHfjXekZicEO5a5SFZa7/ARq8e29QMc+6mm2A=":{"valueMac":{"type":"Buffer","data":"M0JV7lVrTUB/T1d6Fp68KN5F11o0XddcK2J/rtJdc1U="}},"prWOuwLj1j7Dx6bLomm+PZ2vpT6mAVaoqaehQYVBFak=":{"valueMac":{"type":"Buffer","data":"fdFmVzexQ8m4LW2X2IoLm/vIm4NKQWwjlTPYU3gCte4="}},"jopKgl969R2iry9NdD+3oWR7FdMQjF/KVayjO8LLHzo=":{"valueMac":{"type":"Buffer","data":"LfQjplZrczIDRJKTnEOZJaAfcZWGD71AGbEKuMG8C04="}},"Uzg58zs6Oh/5g2QDutx48C47mllJOLEaGkgRWOPiyr0=":{"valueMac":{"type":"Buffer","data":"GpieD9R8YXHy3kciY77S6+SVXV3sB5kea8VqScdzaLI="}},"FwRLrIvQZ2ZN8LYUKqvSFilI2h7asfJDLUtIOz0fzX4=":{"valueMac":{"type":"Buffer","data":"UaqUpKOzA7Zbir6IZgqZL0GxGQn4nIq1HfugCUb48R4="}},"nGR0xsv7gKXvL0pWVNmyDq66nJjjhK5nTB/BGW+et6E=":{"valueMac":{"type":"Buffer","data":"xeLGLi5M/l9IIFTr+4XlcdVcLYC6LCCV7OZL0dJCe6o="}},"Rjp+Y5+IcgULgwYBwy9Vli6cngi9lAJJjAxLFoBD0ec=":{"valueMac":{"type":"Buffer","data":"bFQ1J9YXXUIdQXxH1/tW018aW4CCE+tPUQbUo04nP2E="}},"f3i7kPzF3T08XkoUKdAH66a6VEoyAxXqSuNE9qISxDE=":{"valueMac":{"type":"Buffer","data":"lD7DzWUUWP4vqeCw8hM0v8YYfRNpOeLJBrixC7jiiHU="}},"AqR9tlF6IEZmGhCOvptMYlLqrJ8Ykz4W6rBP1IVGs68=":{"valueMac":{"type":"Buffer","data":"mpg3h+4VpSAzKkw9BcrWt8+mm1POPAV3d8NakQaQi74="}},"tO99NxCC3p7sCXCmygXUFCCiKo/5TWK5i9b6ArIeqAA=":{"valueMac":{"type":"Buffer","data":"6Dn5GMPagC+hrWgFLLVTPvdPF0NHqHMAUswEsISnv1Q="}},"CbCKn20lAMDdmgtbDaCeq/sNUKAKCgqjJBJB8hzyDJo=":{"valueMac":{"type":"Buffer","data":"X7b62yj1b3R+5S9iJ5HaoNT9UQnZJ0yPplv5Z6jH4YA="}},"NJTfOGRiRufh0j+tsAU2FeH1Lr41XIqkgNOgl+wZKvI=":{"valueMac":{"type":"Buffer","data":"yc1zEB+l3DSuwirFXWCQIpMsoxvXQXCqkH8I/d0EDvo="}},"k3MsI6x3RpSXhA5kBb9pbWJGFCQnWY127UaRNFx+7fw=":{"valueMac":{"type":"Buffer","data":"tzaVLN8zY/SNo7XnjAx+4ZDHGmtY3IO4o0KOWK5+a2g="}},"r8rst9DFYTc8Yc/qwzGdpUdEptfJs2Dq/t4KceVimnU=":{"valueMac":{"type":"Buffer","data":"jOiO0DwqDtq5QmV7jCIJ+VHEpWbtgG8XTqHiKsXa6Ew="}},"BvAy7C/lStxXMDGHCm4omm0FJXjjhkj7ipEhah+SbRk=":{"valueMac":{"type":"Buffer","data":"dQ6I2LAF4ovuhg9rI3fGEAXVytvbW4n6jHqZrWzf4OI="}},"YH0jhUELVD03ZXuWXgjaVTWg/PC7pP1xfg9wcpBtPFE=":{"valueMac":{"type":"Buffer","data":"i1Zo+hjicr2xW3HhpUoj/EVdTkdvR3WsjniH7dhflGM="}},"jVPeVt4q1V46J0f4kbiRCrnCj6eersOgsJKWen2PRJU=":{"valueMac":{"type":"Buffer","data":"e8MhLOifGWSmtFMz+Sls1POiZcjSoXd7EJV+eC5oGmw="}},"zl+uXTPOa1vMVRJ02QrbbGAc0aysP92FAPTAiun4XJA=":{"valueMac":{"type":"Buffer","data":"+FvDmeXa+sKKfCpkt5ru+GwvZOTfg0l4HC+rJGUBFe0="}},"zTvm5+eYNCYLtEWWdz4O0yaeLJBu+pbKnwgEd5huooI=":{"valueMac":{"type":"Buffer","data":"PQX4DMRkBfJZXm/MhsNmHNVY8TQ29DrDbdE3Qdq4i2Q="}},"762O5maA8072o1IsnsPH1/6D1KBEaLVA7iD9gMIzlds=":{"valueMac":{"type":"Buffer","data":"B6iRwJSHPtYJObDByUX9jPvn2gJQ9fN0Wl/vkynmNnk="}},"ID0s94t3er05lkssIe0QwGU7Uud8TfF+/EfeLmPi7Aw=":{"valueMac":{"type":"Buffer","data":"wBwCWC5Vo8pOZgV5Cy05RMK6jXJ2GBFeX6JEJtNKFcs="}},"a0QXRD1glT1NvK9IEj0ltLIn7XbjM8xYi54q6u8FN2A=":{"valueMac":{"type":"Buffer","data":"5RB1pB5noXiy3GNAkL5Al1/yq8gbCeBU+6Zn+Xpyqkg="}},"45N4aqc0ySH5S+vZnHoSxittx9mPr9ALQCr1NvFdkTo=":{"valueMac":{"type":"Buffer","data":"NmdTqUdq7298ZryfU2gCl7WivWOf4vxwrRtI2qCK2IU="}},"yZKNNDXrr+CgwDELRSQuinFDm/UYEwAIQSidMwGHN+U=":{"valueMac":{"type":"Buffer","data":"w9O/L3e4ZRoECyO0M++TxDjqigAKRmLZlrJmIZttAXQ="}},"TI9uGogiAofLK8MUlf0gPR6XgxXKO+3++A4eDIMRXcA=":{"valueMac":{"type":"Buffer","data":"Fk3iM4/7pEna71/m+KMFPus+lB1bc8q+ESWchGAkgL8="}},"SPzvsL3Aigvy4dhrOADDPFyiopjFp6wWwgGhmRG99Ps=":{"valueMac":{"type":"Buffer","data":"NOYQEQYG8qlA/wdib2nWYVPru/MmV74ldeXvoWh7bXA="}},"RHsmj8OJLq3okvAnc3nuO6f0eKaMEHRfxQFH5DKlQ9g=":{"valueMac":{"type":"Buffer","data":"TT0jEebsAAqAQG15DiVYnxo0/Xi9Fsts5SCyZZGgFSE="}},"ICXTGloYJWSxR9zc1G+SRWI/hauFBVZKweg9NaHs0VU=":{"valueMac":{"type":"Buffer","data":"xIYxqAHDMmAiJ46KhTCTR4OQTmvH+Rihh9mxS5FzrIM="}},"wW/JvOLcBNODQHS9F4uUhj3KbHOLW43YQ6EEHhOg8sY=":{"valueMac":{"type":"Buffer","data":"7za3jGO0uoX3kRf/m6m9QEOsp5IGkej2tLA1ztirslU="}},"hye7U3HhIg4CkPx5xMtNhIJ3FgO0C2RFw5InCmIa6iM=":{"valueMac":{"type":"Buffer","data":"bPkj/jHY0tF5VlSb9eRDbTi5DCEp6UjPkuloAWXyNQQ="}},"ILTI48zMBC1L/TCd93rnE2yKnNJgskwnnBmIB3pMvpU=":{"valueMac":{"type":"Buffer","data":"IFKeHPtqxPLYZvp+cDKcWCbDhO9DKxDmXrErHnqZ4Lk="}},"7s7vCmfnF9JBgD/kI85Xtf3MvQgHxHwc0px93+1q8Ws=":{"valueMac":{"type":"Buffer","data":"f+NfWHT2TJ4p4z5OmzJVZckKE+q/FURY9KS67AI6JYA="}},"pjgQxifZ4SSyaQwPJVSWhjd3vltNrFeiurZ/JuLCWe4=":{"valueMac":{"type":"Buffer","data":"y2V40lVmVVh4vOwQr2rKTbIzGuCg+KwCOPSXvf0N4U8="}},"K2mPWLo826fRtzhoL5DAujEb06iPBjCTAuFuRz9Y4QE=":{"valueMac":{"type":"Buffer","data":"qoUVInD+pXxgWAxrOe/429wJBmt7mrHfgMwZZuqFVuw="}},"rHVeuspMFdLK+hnwhkShLiDL7uCXt0ScBfoXkyo5x6c=":{"valueMac":{"type":"Buffer","data":"fI2XGBaYvJvoWoduFnvhqTBCxu92xvRwoHU1sj1rafs="}},"0kb5nxtf0PD4wDf4M/K0jnfOAIBuDpoeyd9MFiu++Jk=":{"valueMac":{"type":"Buffer","data":"OpNvx8GDiBDJP5hHTlAOHhCzmAnoBz906lFNS4wNPEE="}},"1fw9CdSkE93piSh8Oq2TFpz+bw1YcEy996GS2NtPR5M=":{"valueMac":{"type":"Buffer","data":"h6CMldXKx3S8isCrjb4taUX3GjhCe3vAjEvY6o7Rg1c="}},"qXNY8VZW8Az6E/k39PuAS7nI4++Hj9h+M+i+kvzMvZo=":{"valueMac":{"type":"Buffer","data":"cmPpW1/Lq5wYgBaNXLNiG00qE/tZaXsaI7x3XSrwCLk="}},"vswnYNbL819d+J11rxrp8CsK4YEt+Hnntm47BTwbLiY=":{"valueMac":{"type":"Buffer","data":"ZKKMco7UXoTUNDIcian/WVMeyNZ6WsPedDWC28CUEh8="}},"NhHe/nk0dxdgnUE7K8CATNgRgXHQ6tb4n09YjFtjzGw=":{"valueMac":{"type":"Buffer","data":"ak5d/x6WlHVOvxtgtN1LGpeSGH+bFIB6vtZEZEUhm5o="}},"d0njGPtKEcKVEKMSQlql7U6L4IwpLE/Me5LwH3tPvaQ=":{"valueMac":{"type":"Buffer","data":"ZNkmmGhAYFd5BTCoF6HR6MdVPTnAHu78PEg4Sgqm3KI="}},"mlob3TKSPQV0lTPfNFnaULoTi8ZsN2F6ecccd9+ZJzY=":{"valueMac":{"type":"Buffer","data":"9LciiXxAS6wVSbOOtnKJvaB9DoSUXbyGseNWwrnXXHI="}},"UM+G241JrmKiCklAoQiGsdy8JojKqHI362K1f4BS/i0=":{"valueMac":{"type":"Buffer","data":"Vjfkbsb9MWHvCScElaSLazobHtCsnvzLID1JcahBOcM="}},"G/hTkatL4tJw214gqvhfei0LsixLhEg/VZRoVHm9i2k=":{"valueMac":{"type":"Buffer","data":"DHDUnUhA1CKq/vYWORo9J82QvE5Y/XbJzLssJyST+kE="}},"U6X0qjt79cnY2JIVZRUwOL4CcR8Sa9YxSBf0NTp2hZs=":{"valueMac":{"type":"Buffer","data":"A52v8MLVh7xmyKn74fQPwoa4OoRNYBvCgwXw8Ma2mYU="}},"eU87Fd3oHNBMBf6zzpHe1pcKOC/gtzJ2o4Zwl07sIOM=":{"valueMac":{"type":"Buffer","data":"m9e35BKdF68w/fRiWoGPePhOZZVKoqkjRdc+wyKqL+k="}},"VODCYKjprSIh1BcMeAR3BMZiCoCH/yrUd8Po4at9uAg=":{"valueMac":{"type":"Buffer","data":"Unecc3WqQwSgLQIZVBow87PXgkFuUlfqCd9d0hKQqBY="}},"Kg0r4gtGWVVjDseHnLGRgMO9U1+O0vmmEu5KfwYejlA=":{"valueMac":{"type":"Buffer","data":"US4iB6McaEuscBLf/haB7Wz04CmLN85k8Fxx0STs/As="}},"j+W6ge/j5XA+/8Xtfvq27mX2O+18QvgJdPYYQ0Lls4I=":{"valueMac":{"type":"Buffer","data":"t9MpRjerGh6jl8rqeh1dz0Etdtb6Q18RvB0jIgZNM7E="}},"xFL2WHO7oRuX3Quaoo2muOiiEsT89hg3gXe00fyZbwY=":{"valueMac":{"type":"Buffer","data":"YkgPNn5AoGeoknpK5seVp+RQjPXG3E3Yy9hjFOBBu9Q="}},"Q7Q7rZlJRJS4RTGn98AeqV3PhPcGh1mGtQZf+zrqToY=":{"valueMac":{"type":"Buffer","data":"HB0gOTVMVy4BiqGLNRF741wi56bN//SEG3XCQQalvVI="}},"5SqR+biCQioCHUzjQ1bi64VAXnVXKEQ78RXPntSheC4=":{"valueMac":{"type":"Buffer","data":"M8+h55C3Mx1DWg2CYJkWL24LRYHj0lYFolUX4vGEoAc="}},"fHUn/gZ2i7i8WbQXoE2krywpq/su95YBcYa80XYx3qo=":{"valueMac":{"type":"Buffer","data":"JY/lttqNqx5oWrW+bS5xnSn1+yJCgAFPIFMmH//CWx8="}},"x8SlXHjWry/oRAxgLcihtSvSGhIcM7yXLoi8qa4mNWA=":{"valueMac":{"type":"Buffer","data":"wmipcAlgbW742w8RKiHUKIKV6R89m+ymiOgmiMaNb3E="}},"QnORQhbDMf+4zaQDpp+HE61IQ6hw3Bw+PMdhJgsALv4=":{"valueMac":{"type":"Buffer","data":"ORnkBtbmatfPyOIkacTWHO1LNTsf30+LZaoxRTT6YUM="}},"lEry6NdIpmz6a9vX+6QlXoTcCsh3jvGAuKy4oP/V7n8=":{"valueMac":{"type":"Buffer","data":"FoZ6nTGbeYbpJPsHtOdYM88Zz+iSc6prqq6Hz8D6O1w="}},"HC5v33lxqzFva0KQXZFCcVIyHmcowXAFtark4w6kEmE=":{"valueMac":{"type":"Buffer","data":"3la+CLkxdtDz4s+KCAGPSh3OreRzwNlTzjS9mJUExl8="}},"vo7MUeRlifbX7nzEAy3SeEXPXbzU3OpTwmMom76+Ils=":{"valueMac":{"type":"Buffer","data":"dVH2ynSg6bsu48AXb91umZzPihKg6uEYlaaG3XVpI4w="}},"HVo7tDzvNIW/qQC60biiBJOg1hKP8GXfPm0I20NiiwE=":{"valueMac":{"type":"Buffer","data":"U/7dMqJ/Lpe3oWFuA3oqOflhI5buTjCurCHwewEYUUQ="}},"4xb+TRvPNWvyaunhbPlCGQIsOcotyxOPE57V2vMG9d8=":{"valueMac":{"type":"Buffer","data":"JNk3Jz5Relu+s+Hzml5tYZA3awhx8YGXdcUNy/5Lhvg="}},"sWoCub3UtgoE1VnVwKrkswxdB+hLjU390dF961jUPeo=":{"valueMac":{"type":"Buffer","data":"z7kvAZxlDJmlXtUfwo3jaS6sOLuLdoXhFMg/YWpcXaM="}},"cWjb0K4zMuFgJ59+ytTbnUG0cUHpg/FYxmQwir7Yqq0=":{"valueMac":{"type":"Buffer","data":"pNdBA9fAGweuWCIlwAX39zo0FVyoGu2JvLg/gv8fM0I="}},"bmB0vwxuzhCYrxtA1fMTJCLOcygp+7p2OJWyJnNtmMs=":{"valueMac":{"type":"Buffer","data":"Dx/Eldx/t8z5cqR0rRRgEvlfufWIHHtRY5gpFQ2IqCs="}},"3MhNF2PUZrT7NJvyTQESCsd6iVUBoAGCVf8taC7rqDU=":{"valueMac":{"type":"Buffer","data":"1exX+X/7mLul8fr+KtO06ldAOS+2VX2c6ST1IXC9NCI="}},"4bYlUSdel8nU9RaqHDdWa5XRAjynzKjiRN9StLbD7v0=":{"valueMac":{"type":"Buffer","data":"lLXGSAzLsZBQkKnM8rgiJsbAiei4idfXqi5ecX14W5w="}},"yHKpDVnIeJDwk2XvhM15n9Iq9EuAxyrCKSPf+KtDHH8=":{"valueMac":{"type":"Buffer","data":"7Ub3vOjLkmYc9HpUoPpCcsEdvcycrpBbjnKwgIzPL/M="}},"ZBJna9MVXZA9M7L1VSkiZwM9cAdMkpSmZpuyB0vtcak=":{"valueMac":{"type":"Buffer","data":"It1iU0AjOJxCAyDTCtQOOl4pTnRvF256IfElmNGiUvY="}},"8hXGCOwVBcXREW32I7xVNnCDPQlZroEHfpMzXeY3egk=":{"valueMac":{"type":"Buffer","data":"DFkxJo6BY1A+Hxf8gn9VxdbBmlRr+Fxlp8b2WUfuhyw="}},"9/PaGBWlPb+0M8CVyOWu13Kyxx8StoZe/a/YPIQtiZQ=":{"valueMac":{"type":"Buffer","data":"GawVbN/O1FERYxqh2UIVpu+hRTsEubxR5nxWm//IV1c="}},"vn/Zj4DeTYDatkhVmw91rH7iv4ZOYuIJDVADr7uGWAw=":{"valueMac":{"type":"Buffer","data":"UvduComp9uFkPHiMgyojCHMLI6PMQipNQekl74NBGAM="}},"fojeUu5BZ1dVCo430JzFL4pfRv4VimJI5FlLdL4fG7Y=":{"valueMac":{"type":"Buffer","data":"o+OZHpWsNEyO49xjp86YHfqPAYrcsg23nmc5cAToy7I="}},"VEEQEEO6Ttsx4Qckof9k61VrWfEhaFlCZ0cXuhMrsEY=":{"valueMac":{"type":"Buffer","data":"anfwUAslCmAGSVHSMgw2DCEAVcwXk3ZOMz7xezFisws="}},"E8m9uBIOXt0Bc3HF22xQ5j7PBsemZG0NsJPbwpZVhqk=":{"valueMac":{"type":"Buffer","data":"dFqT3tGTtOTBzRW+MHLD2y48+l5DLEdmc+8QkLNFK/s="}},"+9C1LKuPFPDO/Wyztrk/kTm6mX30hIIS5sz+S9UBQ+4=":{"valueMac":{"type":"Buffer","data":"6g38eqjdrPqXqKQdHht5sZb7y7bC3/A2BQFI7G6c0Ow="}},"9FPaiNC9ulTDTI+vc5ATdif6dx/Xi4XWhxA8eHYt3eM=":{"valueMac":{"type":"Buffer","data":"JYJ4FsWVNKJMGAwy3imUaJm71PDmkmDxoLOUL8tJh+A="}},"3d8N2kEv6um/VHI12T+rjcg57DzlKXXHaeee9i1/ELg=":{"valueMac":{"type":"Buffer","data":"vtmSYI7pRxuMO+ywNNgUZf5mZ2YoveCD/5kMLHLW97U="}},"FMMJ5GUkgp87MLEwi1TdlFZqn3jqf1KFcqFxwnjFRRc=":{"valueMac":{"type":"Buffer","data":"eHmnL9YoVA+Kt2TQbitP2yLzgXFGqE+6BAz99YA/mBU="}},"A19A21BEdF0XgFrEAkRIOS5RmLjZsbnrVJXOsb286OA=":{"valueMac":{"type":"Buffer","data":"kmA41q2w9y9Qx/0QkG6Z4MXJNPN38BS/+kHqD1A8CJc="}},"MLD6JEl94WqOiin6K3lrL6y0ixHElYXUKlvOQxGLdlE=":{"valueMac":{"type":"Buffer","data":"ArYfPBZgssp74BSK/2rdN2f7N0C9WZPbXTklhXOwOaM="}},"JOk9qqKnlPQslT5Xp3mc1oTI6OgKYuS9RSV+3WZYhZ0=":{"valueMac":{"type":"Buffer","data":"VQsMeVdR+SqmwrgX6kojsGL6OD5gyLPhfWn7huAsoyE="}},"QyLcfq+9VknHfXUOJlT79XqlHGHHMCsZ6+FFSj3zG/A=":{"valueMac":{"type":"Buffer","data":"UEYsuQjOBOS/YhlVSEjsZ++aOwvDpTPyCRwWtQMmm2s="}},"NZ1c+JfaL2sHH0j1yZpT8Jheeh71s91LRq/5nu3zcig=":{"valueMac":{"type":"Buffer","data":"h1asJfhWyvwnJkxVNrVqv75LiBgdh/tSRmyKxKL/Xmc="}},"n6pFUXz5UKXL5RYNR6WGKSDrB8QjOlAYlHRE8ABHCCU=":{"valueMac":{"type":"Buffer","data":"5w2WCvQG6JTqw9LrIh9/99TKMfdTCyT/lwBuxE5EdWU="}},"soTcDQ4XOnhAy47LFAsPcrpGRRW9+IqUczngqQElpYo=":{"valueMac":{"type":"Buffer","data":"Mj1SkB/g7+OoGTkYtequkN+RtBlTUtT+nhcrprS8Beg="}},"Ocg2xAvTzbYfZRJ+cjnHSGtoBeMXIGTxbqRxQicIB1Y=":{"valueMac":{"type":"Buffer","data":"P0E5oRkiwdLcfz76q2LL3JmI77HF/om4Z5R/d+Cy3i4="}},"enW6uZq/ITSMutTXIl2T4sas45LSR61tLC6W2oAUVlk=":{"valueMac":{"type":"Buffer","data":"wQLqIx0LpgEFaNj6xn59FTZJgrQws5fMYU2d5qAF2kI="}},"v87lku3AMcLqIRjUYQ8fYcPiGD0SkIwgVvs6X/i/yOw=":{"valueMac":{"type":"Buffer","data":"iFFyRoFxqUww5APaWMgQRs0zAPbvPNKbxQsSICpQKB4="}},"4thfOdWFP0x72bIXrhl2o4bfFdPh+obdmW5LJvM96ho=":{"valueMac":{"type":"Buffer","data":"eku+5qpPCSJwzkqLIkpeyLk/dP/lfwRcwzkEOcSeDnY="}},"4g0z2qVMFfb2UEZ3+yPSkLDh6yM+b43WWQmGWrHzwNg=":{"valueMac":{"type":"Buffer","data":"J4gzIetvyNjfrxUuUW3ArrnEHvQM7+GdQRaW/O39ssM="}},"LKnZ81iMZqKHqrh4eaT3UsHHu6SXMlcNjYmMrMfumZc=":{"valueMac":{"type":"Buffer","data":"p21IgtoN06fqEIHiVYr7W2yaAibXVwVgTbW0rIMmIGA="}},"Kk1hnYxlgzDfLP1cioG2xKr7Ns5FFNOYy/h30+YiZbQ=":{"valueMac":{"type":"Buffer","data":"ElWQ12E7NpFzBSZsyXdvjNUlG3pGufuzjbBY1utmnGU="}},"RrJpN185+2nPJ0jNStHqhopG/Po8IAFyMJv0Z/VBreI=":{"valueMac":{"type":"Buffer","data":"rcPS1rypCbv1jNC/CVpUA+8osHCyd7F00GFPnY1TqJk="}},"pqzoNjwoWz/jyexTHcU7NpIC6eA204ovRCL3cKZxVG0=":{"valueMac":{"type":"Buffer","data":"oLXZYFG9TYA9fN7JnVSjt5Guwp+dTa4/ZsFNiqBwgz0="}},"Y1EYdWExvVOqyrQHdar/YJaNJL/zvWHAkf9ZbsEc1Rs=":{"valueMac":{"type":"Buffer","data":"/mmr7UJOS6vVQT9w823snwrKry5WmocXlFE+PBYp3oo="}},"CnQvdTpFrq9/66mV/IGWeRUacTv4ONQmMXikrFyv+W4=":{"valueMac":{"type":"Buffer","data":"REJFHo9LzAoUuZ8SbTFfh6zowSKioBlB8DDGHSohCjg="}},"SyIGiqCLvIb+oMdbwzSz75SprvoRtn7KZRquKXwralI=":{"valueMac":{"type":"Buffer","data":"MPXau0nvbdc4CGwz9Fx/dtX77P8asvpwZGl1pBzbsgE="}},"K/01///0GtRRDtqpFnkCtn6TF+cVXkVa97B+7sCj9FI=":{"valueMac":{"type":"Buffer","data":"0x7Otl2EEc0io3fM0WsZ9Wtib9ZYnE9l9NrZ34Z3aMo="}},"Gu+ffBW/5NL3sFOM6rzIZlQS0HPYmVXAJ61OMfsZ9E4=":{"valueMac":{"type":"Buffer","data":"VZzkkJAnIUbRKZw8+TS8fAVGKdRDAlLkPJz9keKLhsM="}},"xE+ZPVbTpsLTvk/HpY6dCZO24kLwfBWcmvS/f/PF+Po=":{"valueMac":{"type":"Buffer","data":"RQLbT9Zbre4WRCm2Skv9H3oQ3OUHFi/Y7iKxiIpnZtc="}},"WN8rQ6rF3m4lq6/vFH6fbypjTcZkxZuI9L9SdLrCeKs=":{"valueMac":{"type":"Buffer","data":"YIM2sQ2NIK02kz9/khKuH4uiQWHcJD24hiYDTpmwnSc="}},"LLeD1O6c24NSmyXfpNef0lKd8/OUlTwwdO4b363B8Os=":{"valueMac":{"type":"Buffer","data":"TMcMGYYih9Xv6de4ZjyOPp1d1elh+lntOhZ/LSn4YNg="}},"j1H8omOQ9XmvWiv4o6dGQGZ2FwKch3c2ZWB9Lyw0gjw=":{"valueMac":{"type":"Buffer","data":"Pzk2IyOerjf3uM15U4V/lhs/ueG2zYv/E9Fxhz/rmnE="}},"WvaOI9FVkKg98H4aq8+P0ErNB5ZwndwL6q/JR2UT3n8=":{"valueMac":{"type":"Buffer","data":"I+SiPj386aP5UlNw8AizXSo6w+H/sGYfAgkBaIP8XkE="}},"qDz+pkFKUJPAbMm2uMkuMxNXLUZT1N7ApupaQWKpuL0=":{"valueMac":{"type":"Buffer","data":"cHT+Psf5kDZSID7MVibmd008CLu/pzOUpTEEoMUD23A="}},"NGVsMCOMQHx5nqwRzks49CbkjPlw/KIQiMD/WthxqV4=":{"valueMac":{"type":"Buffer","data":"Dn2BkfzYul+gnzPT79ULjGaIoIBcemGGKt/L0Pqsk38="}},"M/IyJ7fMA0uyTpTdkQwU+BEgwWHgVjVr+tH7Y6WL9iU=":{"valueMac":{"type":"Buffer","data":"71YetoBJPr1a2i1hKQJLXnc4yA9CMFjgAtWj8MEaAec="}},"auX7Ht1yu1faVDGyZu5zNR/+ZRfDZ9QSDH2DjxusN9c=":{"valueMac":{"type":"Buffer","data":"wW0WP/PH0QzVIG0sc7cr52XqwoYhQ1PYbd4+X5luffU="}},"UWpA7riH9kIi++JFVcxBt2qDRuFVBBCJzolcNAguNMo=":{"valueMac":{"type":"Buffer","data":"YMZlVj88zmWbIhTKjo5yH4ff/1jPNIXXmqDqnnYGA0Y="}},"5iXnkygQ3dJ+ATiHM3iOdyg2YU+rhCAECwG65VRmnpo=":{"valueMac":{"type":"Buffer","data":"oOGlfYqpAHolcoYQyxtGkV29OHfCPwSUGF9n7JDMWCM="}},"CH91uD1KCs0uWkFVA1ykkIaPFfbSD11CsLNNKZaDdOs=":{"valueMac":{"type":"Buffer","data":"/6GsIpF/eS8DpQ50jzhsgsoi6RmQYMYjJlBe8XdDjB0="}},"IzYWpdgkRApw0LLyCjUI/AoiDXy54i4N6eBO19GLklU=":{"valueMac":{"type":"Buffer","data":"9vIA/JAZB0iS8wwZe/pmFzDMxuRnIfz47xwi7uMkUxc="}},"pa3PlD1hwlpG+s9Nx6I7MMeuXLorgAbqira8L4RPjKc=":{"valueMac":{"type":"Buffer","data":"MvAR0VDAUa5dwZ/HlxbSe6mm/bIm8kne/e90W7HN5zc="}},"bIXSEqvntM1wcHAkiii7mYTEqprgMPKUx1EWEZhhf88=":{"valueMac":{"type":"Buffer","data":"wqdAYqc5YGMqKc3s2hnuK7sf3+vC/gPstnbJMptPFls="}},"/AtyoSLvnw5Ibg/NvsQff7UYTKbaTpfLD92OS4qH0DM=":{"valueMac":{"type":"Buffer","data":"C0z+DTM8iGYEy/r5CFUuxNk88esX5KMUGdPKInhPRP8="}},"gv+66QoDrudDW8jQ0w5WVz3hO3qqCyKqGfHvKtFMyRs=":{"valueMac":{"type":"Buffer","data":"9utVgVo3Wsb3kEZqyW+BR4TL389FIX/u29H5tNqXu7s="}},"+6koWJCTqnw3dUSCtAwMQC54fJZygCmxR1d1E7cp/Ao=":{"valueMac":{"type":"Buffer","data":"l3mqysHV96D/LAMnkk0PS0sS48UKO2Cvbc0z/6bWc0Q="}},"7JMazigcBJQ0daXjU28kG3CsTpbIyE4cy+bdMgUkSu4=":{"valueMac":{"type":"Buffer","data":"yseOQmYEguX0Raq8o5E8tJ0GUF/agLfS/peVnrx6etg="}},"s+lDrGTjrIyLYCQp1WRHodFB9oksrrvoah88sWGrAzM=":{"valueMac":{"type":"Buffer","data":"Cb2x4ncFnK5vCJIaRgsWwXk0G0C7PHRLDRUq1bDYjHs="}},"aRgkbfAzZpVh5c8EEOdhGZcY70H/UKruDVowQBEAAOY=":{"valueMac":{"type":"Buffer","data":"/GcpM5VBe8utKHISZ9Ec1SVPX4I9X7XEI8YkX9MMYio="}},"hF4EG9DSkCkvCxtqgh/k4RF1vaGIfvdU61Iqla4L0pE=":{"valueMac":{"type":"Buffer","data":"YmEe+OPkKl5GcnU0OY21VIwjJv+WPYtEXy503sQW/Lw="}},"6lI59LllvqdDYOqsn72bvNHf+PN4t1/FUCZNllPl5Pc=":{"valueMac":{"type":"Buffer","data":"j43inbRFOM2WuuiRSfVuwn1RLPYX84h6AzkAGRx8wYA="}},"bNHOFCFWWAE1c6e5rzOguesDNKomHyTm71Zjra9Bq08=":{"valueMac":{"type":"Buffer","data":"1OX6rhPpOy2lEJLPZawoHHPUbohopzpZV7uU7yJHaTM="}},"RABgn+bhvBcHGSl7dSca5KMbITcZuUrdjVbbS3hEJn4=":{"valueMac":{"type":"Buffer","data":"lZY2YqFgkesgBtwfRyHA9znOiKwVsf0WqIz+N8jxrOI="}},"UK2TYmsCsz5NYGF54zc2G1Ql4gOy413CZsaVUh6D9Ns=":{"valueMac":{"type":"Buffer","data":"mWj6//HwEz8SeXKHp4AykeYYGRcXYt5W0WnHFjP7KRo="}},"gg08pofp/yOOlEfNjsLdFXM72WmGTAllzKFjKyJMfdw=":{"valueMac":{"type":"Buffer","data":"j7rpO65FMjFCgwT7nxk0yTGwcq2FWam2Etdw3GOh6ac="}},"/ihYFgU1iM/wVYPE6kp0XeHBPBcHthWxkqsEX9H0N3k=":{"valueMac":{"type":"Buffer","data":"sx0kzyudQ20eQiXeOpTtIHe6REguDe1THduMXY3G/sA="}},"c8xzNOL87SFEUywPEZH3s98K/fVsJ+NvU3Kkgj/dy9I=":{"valueMac":{"type":"Buffer","data":"R3pRz7CihRP48E89kD2uRhPZw5V0KA0al5zKaHfjKoQ="}},"dx8GHfBO15v3NXqEC/n7oc1sTFvWgiVZURcW6YMNxG8=":{"valueMac":{"type":"Buffer","data":"Kl0TAb8GBlyOS1g0ggC7xfqvbTrVYXMHaDkmSx5uE64="}},"h+37JxVxdv3JM0OvQpvoxHFtOBPoxQjwqzz83HYUb1o=":{"valueMac":{"type":"Buffer","data":"GtNr8hUv98cS/z5CWFk7NPnT2inxjkxCk2Jx5/NSg5I="}},"glqG1/XiXQ8/NIppfTPFrNo6y1CZumPxF5Hh6EjO1nY=":{"valueMac":{"type":"Buffer","data":"jzNII88kePcPSXVAiSGkD9XKgZkvCjIAMJC4ozQ25Es="}},"8odGHBLlO0p2QzZqfQJ73w0j8lcMEaJRhcdERWqS5RU=":{"valueMac":{"type":"Buffer","data":"w0z6t4AMJhWb5NJ2rLeiYxfZIkVg8DZM37QCyz2QTSQ="}},"AoyzF9DK7SH0Q1oEgFuwu71jKRTdgUWxrLwxtSS95CI=":{"valueMac":{"type":"Buffer","data":"2JUcwmfKSpEQ/Rqn4BQGupKLshghcWGLR9zXT+KZCmc="}},"jOl6WCnHwyWgHHoveO4iwqpb71MjoLE6Q+l7J0rgyiI=":{"valueMac":{"type":"Buffer","data":"y5fBHXm/APGU1ZzhiZwMnDdIwtxs4NQEdS9feTm1Ay8="}},"NQHyVxRNiF0m2NV3NhyOAi6JsLKbts1bjwjDewY+VTU=":{"valueMac":{"type":"Buffer","data":"WerrGlpdqmKv2RYLTphy4KdoMctln1esbbLKsOvLXUg="}},"kOpI+segCJdrTb8mQL4/o6dXwb3DJMEdaI+Ie4KmQWc=":{"valueMac":{"type":"Buffer","data":"Z9eq2HHoOKhw01zAzGUeLxTTgP8apRcMN0mZCtpErdk="}},"EiY10eUToLLu6a3saX8z1Ha5dVSO4whhUNe3XV2XDcY=":{"valueMac":{"type":"Buffer","data":"8prgDASGawOn3DFkSvDsWKNKAB56GOHnOqIM7Kdhz6w="}},"s+z24VGHc3ofIwRKRTJyWyocQCaksSKSLfc5jKc17YY=":{"valueMac":{"type":"Buffer","data":"blc4mU0rVkxKOtCACfW2cMABMiUgrzuR+2fyFCZhJlE="}},"wtnoDwZllRXsYWlXdiWPKlQLFVPefrK3Ef67uR7t+8I=":{"valueMac":{"type":"Buffer","data":"oPxokdx2z/ndtkqsRAGJ3DpsRvFce8GI7seoNMxe9M0="}},"ycSrLgYFKolzZ0k8qPLydvg1J2rUHb8/MszT5RrlCRM=":{"valueMac":{"type":"Buffer","data":"yLtJMdrVs0gt4gFf8URB68nQs5H/F6o4jyZyBeSycJI="}},"nBOW2SL//gXL0DWjsRsEUgCDhygkJz3/ZJnVACq5PK0=":{"valueMac":{"type":"Buffer","data":"qgGMYkxxzLnu/IfGYXFDbkuZ/YOR/zL9cn7dawC+nK8="}},"h6PdFvv2Y3WKjWadVB7cM9Q8XfOF5bMN+/Tk48hHgIg=":{"valueMac":{"type":"Buffer","data":"aFI8ekOP9GcKz1bLBzp+VpjPEX4rNQ1qo+98y/G28G8="}},"JibSuCMKvSbfvxCjfrB2WzfkqF29mk4bU54Fp6fozd0=":{"valueMac":{"type":"Buffer","data":"ugAkIv7/oe5MZ5Ptic4EVLulLImghgnl7rmBVU976vM="}},"egqDINolwJybrjW7jM7rlesQvPTMp4fpL8q+bOfkjaw=":{"valueMac":{"type":"Buffer","data":"2YgZEElVtxbtX6QbiFVlYCCH1cztdEpoJFPvNO8CasE="}},"1u0GKRvDKqJ1+d6pdCn0a9OkW03yuD7WuTJ7saGmTGM=":{"valueMac":{"type":"Buffer","data":"TDvwjuMPyNJB8CIN6HFoyGaKQNViXBxYgn9YFAHFI8w="}},"vsIdAOZCF95xnfDUxxgTNOosRHgkT5+tCI8cmnZk0SM=":{"valueMac":{"type":"Buffer","data":"vMMaKWdO2tY9ixUxdhimv5cftDb70HqScKmeykiJPb8="}},"NZo8AXr6C6wEBZJIdqEF5AE4D0J/atTOkDgoN+SITJU=":{"valueMac":{"type":"Buffer","data":"/ilhYflvPO2zx7XdHlGhb7XM4z68SxZIKeUnQrOHBJw="}},"ngLOjMYUiIR8Cy1ZWvMFSYyIdpLwdiHwBFMbzK5n3tQ=":{"valueMac":{"type":"Buffer","data":"8vkx+zsYtye4RD0ZVobQLfkcR0RpeMzSbUpPE7xpP8k="}},"GmtlqVYjW7TmCNeFC+mi7p75bsTK0VZDxyechsK/+WI=":{"valueMac":{"type":"Buffer","data":"xLjETtlBVn7gGMMCuJ8RmGFSVNtldgtxshgLgG0JHpw="}},"C6jHysLYetuBhPbTCI7RQcnzGy4SrgBTmy3iRjnZJHU=":{"valueMac":{"type":"Buffer","data":"Rugk8+Y7t4N3ecgfGuSoK7kkQp5GvXhPOa7c/I2L3do="}},"sJrYlg3BtxIeHtZQNtvLbL1kaED3aMb4vUYpRDME2BM=":{"valueMac":{"type":"Buffer","data":"RehCoi3WVQS+7pzcxROHtiQ7MPLFcfLTO9crrjGEF0M="}},"BaWOsW+PEMHwb5aubrz6qvB/ppzo66ZptTDqMzdrSi0=":{"valueMac":{"type":"Buffer","data":"m4lvp/FChHXDTPhE5KWix0+oLk/GUwd5DFXiVeLZaj4="}},"0IGmJx6xk/JZcRsjHoevZL/NBSgisbQhnjO6vloSbJU=":{"valueMac":{"type":"Buffer","data":"I4eVbGffCqcRxbY37XYQDFDaQ2/KMb9t0i9Llugvxs4="}},"YtxawFmR1InAwEkGb8Pvbpr3geNDbAdUYZBxCzOUDSk=":{"valueMac":{"type":"Buffer","data":"CDFreeY7W6D8vJEe2ExzHr5nFpzcgob23zTlHcjqpzk="}},"JvJkV5HkvuRDZA3cYENB0C06wHidenvitf7YqoULKDg=":{"valueMac":{"type":"Buffer","data":"j0VLSI0O6BKa9iQ7tS88r3lUyzosZA/1pS132rIVD8I="}},"2QlPvpjbMmlTqq7Xg3tq4DCPctxo+xQmvSyYGxuBEgM=":{"valueMac":{"type":"Buffer","data":"y1aOc22/7lBH9myrLoaVDn5Eib2Wi4WpKj9QaQ2xjC0="}},"ynohHg6kMb7w3Abhjzn/UGKFrLTkJ4gYE0FVIa1fh6I=":{"valueMac":{"type":"Buffer","data":"KO8KoI/vgGKMsiPW/jT6FN/rtYDKhJ+1AbzyoXWQy0k="}},"9dMPVk+pytO6sPHs4mCaHsACimJT9MxZ9hbb4nR4xIY=":{"valueMac":{"type":"Buffer","data":"KAhPo4ZEMi583lt0cZNX64AZWMtUjReZ/6eHmh0TQXA="}},"clkPRteBAqzXkOliiJGJqGRlu3ESkRxUTIbFfvhGLMk=":{"valueMac":{"type":"Buffer","data":"s1gTzuofz3u4kOTxKeHTbuRc0zHGgPr+lVy87kgPlSY="}},"O4AQtRmzXvODQMUs1YFjwxM5ybIfYhSowjd7zgsjddw=":{"valueMac":{"type":"Buffer","data":"maACrWGk68vtHH4IlMXHWIZSqDJKBrb1PyeEIYEXuEA="}},"gAkuHENP7YioYObwPF1SwNsnlRcvtZOeFW+BwqIkNTc=":{"valueMac":{"type":"Buffer","data":"nNxfgnZIaIQgqr3mCdk+zH2yX1q5K4FW6M8CXNINPEY="}},"5yLqh9Su4Q37xcLm4DSHmk56q71Xzvi8QlFgAEn9Brk=":{"valueMac":{"type":"Buffer","data":"NNLzh5dBXh+Z4KJ4CvAsn8kA9lO0a7JI3KjAAK/bang="}},"j3mkNM+4gbY5dXw/wCZDlqgPsPXKLUaQIEBQiMKVIZI=":{"valueMac":{"type":"Buffer","data":"Ogq76stsm6NvBZ2yQeBFQgnyyy0nd1ZrcX1DSifIPME="}},"YqXTC6BcmsRIe3DUJvbUbIMRn6eAyc7zIFGPLjVR84Y=":{"valueMac":{"type":"Buffer","data":"ox9eRKTVFPUQBuqjuKazMPKEos5LSMfEms22eUv3gkI="}},"pXzszoVE4N9LucE/ik0lSrZz/rYtzyNw9KO1u92L0tA=":{"valueMac":{"type":"Buffer","data":"CzeEwR8oWwF907OyFwFxC6VKZWtG3ypfGLLu7h4pPks="}},"8NMRKXPtbpO/kiGIv1vXLsmHbmXr/U78sNTS583V6wo=":{"valueMac":{"type":"Buffer","data":"6dIQ5Fh+bnhBFy6kbyudOmujHpU7QcdVMgQSlNN6FHM="}},"IooLdsw27rcZEgc/CJP2GfoIKDhkjnL/QBPq1RAXgek=":{"valueMac":{"type":"Buffer","data":"zdZg4yFqkC53Mew9acSWX/lUfW4XvJ2xV8yLOXYHbeg="}},"GQbhHICAb+6LYRMeJM1QytM8Sv1nCMdzC7Q0Fa/+ZkM=":{"valueMac":{"type":"Buffer","data":"rSaWgtJk4Lc3yy4Yqyaa1nhU7nBGRoLfeRFj3RBMQFY="}},"9QdeKjFppfTfXgfeeICsal2ng2ne79yjNW/M7H0RuGs=":{"valueMac":{"type":"Buffer","data":"CrvdBE6TU9KL5spmfErH89F7DUkWqA8a2meNoxOcz/Q="}},"1fkoWqyO/VNiqTG0UlPKZVDqu7l/N4hT3TdQ2YPrFW4=":{"valueMac":{"type":"Buffer","data":"I5ycmHraVCofXXnT205Dg1oOn1Gd1BJbLTH0mO11x8Y="}},"zrZSjZtCBGRwrpDuj1h839EZTWIxZPNw89o6r3/qGOo=":{"valueMac":{"type":"Buffer","data":"4PdLvY6qkKaOBCJvomsf91JXdLWWmAn2igLogd2+HRg="}},"8WQYId1yC+oNAlnEWxCAgXqpNqXLHlW4JxFJEsiwEyo=":{"valueMac":{"type":"Buffer","data":"0GBCQQG10WEz+jQ4mNGoAo2WVUOSkSTlYETbrOUfhfQ="}},"QR109pD8yPnPmjy1dxXkgx/oDJE0cxIDTXB5+Cow6o0=":{"valueMac":{"type":"Buffer","data":"+ebptsBA9t1xJxXA4lOM7en3lyTvRPyJ2mStg58NwhE="}},"6y8z48gspesz62NXdbN/0Vse/LZ38kWuiO0nvwbjvmg=":{"valueMac":{"type":"Buffer","data":"I4tTu5BwwP+rEJSS40wqdJGWWJATf4sCoa+EhtbEXXY="}},"NE2yjGbHAcSxoGwCWvYYPpJ7zVX/XLH7z3nFp82FFxM=":{"valueMac":{"type":"Buffer","data":"0Eu2SHaceXn4WCaJj9FkCxCGQJi2+dqEP265b1vAbJA="}},"/V9F0EGbbnWimaUnmNbXPQGyQFBgrUkc1Z6HgdZXXYg=":{"valueMac":{"type":"Buffer","data":"4/pdJeJ9JKWgrXhxpu07r/WiBwf8RCKML2qJTyRqbSs="}},"o3K9RcofxESZRyGb/QTfpi6+UFU+1U+iUKYYMLhruyI=":{"valueMac":{"type":"Buffer","data":"JjYUO8f/m8C5j1bzubqgxxbAqwOFawpKgLkAlW/YLSc="}},"ZQ+14735sSDXuSr4+FWHlLBzVT3Y2H/3keofxnQdADE=":{"valueMac":{"type":"Buffer","data":"wdYLnO2B3z/spTLwRgV3/W4QfDCD+dm3BGgHeajw29E="}},"6ebVFRx+ClOyWfpO1srbdP2oaG5xSbId/oVcswLX+QI=":{"valueMac":{"type":"Buffer","data":"UEO/+TVSP8C/lriF2iq9Q69BjTxAOdg9adZJU5ghnBc="}},"HS0CrwtFDR5xofO1/wSagkMfb/ay9GHVEw1UET1jxRc=":{"valueMac":{"type":"Buffer","data":"L4ADlEddM6Gi/F80TUu7Tu+oHiGx1k0j3hL/i3DnN+M="}},"OBHALDevfIXvYQ4iW4qw+g2v0qeYbuD0PLSDMWsjz/I=":{"valueMac":{"type":"Buffer","data":"HsQLOsFaZVOf5lFC2xpQaAT2Zt9fE7e5Wfey8gxPCJc="}},"DrORZV/CY7kariLU8LRpFFEqXc8LeUvC/jnhGA91nGc=":{"valueMac":{"type":"Buffer","data":"AqeUeFPZj1ojNAT6NitjlVrSFra6ryzFMBxDurkLygo="}},"tUQwStWSPTOp5sC5Z+oe9lEQiWFkqi1dX+rC1Dy52WQ=":{"valueMac":{"type":"Buffer","data":"iP5dsxCKh5bGWVAgiwNO8RQUzK0ivlQXLVifVpjogmQ="}},"eyYYjifzSc6PuGrFUwy48BPI13NbYZSmINY80fFWvoQ=":{"valueMac":{"type":"Buffer","data":"olXN+5UkD4sxXBEOA4rc7TUfrbL9XC+JOt+ebo68+U8="}},"8A2IUlH7/F+lQoaDjnEz0seurzQtalZ/4fa/JRPG56w=":{"valueMac":{"type":"Buffer","data":"7h2T16mZwVD3Xl+upa6j5op35uGeOL5Ejjp+rnWUudw="}},"E+6ndMCAY6ZRZyctyUR0S6AVmCJl7c7rRNYyqk7cADM=":{"valueMac":{"type":"Buffer","data":"q4F7H/AYYdH+7JPfoqE7puFrVH6YxtK1J64rlwsJRAM="}},"5PRlEfbIC3Yx03IVSAxa8k1FXMMSic/yOAqKPFVhqKc=":{"valueMac":{"type":"Buffer","data":"6DkgYlJ6h1sBD3u5Ru0mAOtQ2zEO8ts1zYXg+kmq/D0="}},"Wj/lwVIJd8U/9Z8yItHYZQxAmV7p6bQh+60ssR3FyQc=":{"valueMac":{"type":"Buffer","data":"KVi2b2TK2Rm0yJq9t+zA7xSHZYORLWQ8jtllMmCECBY="}},"nnVTUQcGUQWV7ALD/PaKAaKqkFOMHWfJMEXh8Du7g9w=":{"valueMac":{"type":"Buffer","data":"N+6+e6DI/4LtY+a5yAd0ajow59VaC6Got6nVlBPTaco="}},"oRUmZCT0pTG2wYgU/SQp652i0fQIR+DFfGyyvCenCW8=":{"valueMac":{"type":"Buffer","data":"N0unLx4c5c46d6E7VIo9N/TbPqmpYXA0ozxiPidyxz4="}},"gEwI7ilqGINCtUIs3mQekzkqhe5WNwlAnxHPHAwd94Q=":{"valueMac":{"type":"Buffer","data":"QDok6ML0KYZS5S4CNV6vGvSRt0F6Y19NV0gtcF9vimo="}},"9Nwv+jj/Ed+ohZRGmUJh0B5qT+CWUB4c4+u3c0bFqik=":{"valueMac":{"type":"Buffer","data":"jNwjOEiNsjUx47GHYH6gEC9P6U3LpSEkYG0Yn+5ycxA="}},"p0yJDZoZcXwN+iqb0q77rKW0XClnj/yv/vD3T75fq6E=":{"valueMac":{"type":"Buffer","data":"gJZmxRsORwpWKY8aTlBquWHtRG2V3DLTkY8fUMOyN58="}},"3bHOtxWTNm5L2TDHFMv8hfEYqEXjXvVZBmBFJjMTTCE=":{"valueMac":{"type":"Buffer","data":"3/60aQj+JM4F5yTiR/3hKo9KEB0nBqh5BOdSlzf/K/o="}},"dAg4dJgamy4c8HTreoZe/A3t0DfbpSTiqhkvvD+8R/Y=":{"valueMac":{"type":"Buffer","data":"bKnG6bgiBSkY/j+r1cu/nSqNVQu0PAfxX34zZbbfkPA="}},"MnMGmFbFal3xRqmit4n/sf87duQ2kxIllJPxcNpOMTk=":{"valueMac":{"type":"Buffer","data":"M/OcTDPZE/x5G+Y1hjlqhyMF50vgCs9fc4Lee2FG0Tw="}},"jPL9i8lVUslY2LLWi+U7BEGlcPAO4RCZJwZNrNMv5uo=":{"valueMac":{"type":"Buffer","data":"I53UnVTevSVqGeyceAPQqqP9xtvANG1tC4w6FzXB9tM="}},"PJ8mcoRH7IXDGzkpTc2EsOhHtLTn02xtru3vnI+AU94=":{"valueMac":{"type":"Buffer","data":"bvzRIVB6FXobnjNbd4F+IbsDBCMLWpIH4GQVK4ij72M="}},"yMGULWQBMDaNHggZim10TVLds/36/pNDslH8S5EeX4Q=":{"valueMac":{"type":"Buffer","data":"fzPaWm1/u5KRTPDAs3Bzl7vXxt51KbuBLDB0SL4cZEA="}},"PjMJrFJ5gynzAM07Pw9Mu9/aSiyWfaNTxZygcQ2auug=":{"valueMac":{"type":"Buffer","data":"8GLcSAL+/L+z0OrsWnfp8DUC6i67lqeV/+NcZKAYNII="}},"SRZ/7MKCSwVejHz0HkFS79c69IL0pMoSTMyrsnBY5dg=":{"valueMac":{"type":"Buffer","data":"EUIfElXKMBm5FCZFkUwlPu5zESUCphLJa+6oewWoiWE="}},"mh8bdQpXhmcUXrDBXoEbzUY3X7V/Afpgs/Pemr6B8/o=":{"valueMac":{"type":"Buffer","data":"fAE1gK0sRuxV2JYTqxVZRuQRIQ1Ny8ilKthv/7IV+qI="}},"U0jxSSDVQZPAqMsBDTcqts+ZdG5+2hF9UNr4wDY7RJU=":{"valueMac":{"type":"Buffer","data":"/F0Av7x5U6U7iUY+W++Z9oaCX+P+8OO0zRB/qG3H21I="}},"OcVFKYQ/tz76b2plKdDrB5I/d7lEFLx7vHBUK2a+Yhw=":{"valueMac":{"type":"Buffer","data":"hndHrokre7bbcuI2dKNx9pdyVhHAk+8qBTDnp+OGS8o="}},"2V8e1c+DSsuJ6a+iX7u3uFK4iY/dOJUXmz8o14mou+k=":{"valueMac":{"type":"Buffer","data":"IAFZ67D+BtV36OWn8GJr9mG1yxDXIbW5FoRsT1c81w0="}},"8sgHE44tEBjUYN0rkATH5oG6CyQFs4biLoxP4IXqVIM=":{"valueMac":{"type":"Buffer","data":"2WDTgvHycR8a6f2anrPGuytgEJ1bNHKYhuS1OEkRjWU="}},"W7msDzURtu/ysd0ggZPkfykTGav7WMaNQRQi59zCeyQ=":{"valueMac":{"type":"Buffer","data":"oHhb368UoqY7VkjZkVtCEKs0i60iUE4Q4PfCtT3GE+w="}},"lRqAtU3MTJleZDOjguatC6nxndjT36+nl1XN6ucss7E=":{"valueMac":{"type":"Buffer","data":"OGgKB+Ddh9C19PygZO8vfy09uZ0saqk4PjHZTBm9T5Q="}},"ih1UWCvcbEHF6ShardC6doWE5cpi4LHVs6c07/4kLEk=":{"valueMac":{"type":"Buffer","data":"3jZ2Lwskfdwh5an7uE0g8HRTw6rG3nbotmBK3iEoU+Y="}},"K0A2ZscnqKADj3gItLBzUIo9Pm0EZMpy8ilW5HTyfNU=":{"valueMac":{"type":"Buffer","data":"lziS04OLC/zK8/yd4RnNmcgPjBr3QyUWtSVuYXZp24Y="}},"bhHI4kR4ZKJjQlFD/zBpzpAd3wF0PBhjuOt5kz9U18k=":{"valueMac":{"type":"Buffer","data":"Iq8nepkW8aOsWkvmM9FmI2271EmIZUCL+h2ULFmk2+s="}},"9j8LrpLQEJ5Y6DE+vdONPuWnV9KiFbS5Eeg2BdiswZA=":{"valueMac":{"type":"Buffer","data":"GQkubCqsTkpsQRAg/Kf094uNhRWw1JmZc3PoaEkZBJc="}},"HXrRUYOBMcxLbdIPIPpLMXNkPMjTHZBnhJLHjgTq9qU=":{"valueMac":{"type":"Buffer","data":"DY3mkBZzixozLUbiWs74IPuQKbAlDnGVAW9GTFTfyME="}},"+1d1EJA0hikEqhzt1+cQ+vvnwmjWcw0nxrIn8uEAcaE=":{"valueMac":{"type":"Buffer","data":"aF3aawHK1Nr1F1Qz0ylsDxhDnnQWD1OQMXf32vyt9qA="}},"9MlYdFuoWbvl75Y9eYAQFtDdCL5y9n/1sm/hPccIhDs=":{"valueMac":{"type":"Buffer","data":"XT+BsAufy62iOnP2SskgLDptbJkX1LqQCmULPKnLrP8="}},"VCmCWc5IQ1FpLSOUXs8f8GoVhnOHhGqaGOXxmRIae7c=":{"valueMac":{"type":"Buffer","data":"dBR6xut6OQv3i/LY5TIRB1/KcXaC1Ijd1xb1u5ITBI8="}},"2Fl+Wmw72X41RDq+sr3AX/tu1qkjZmfoEEcuOI14pJ0=":{"valueMac":{"type":"Buffer","data":"2J5wwgjoJTRM5Kz3yVHU1oetVuyozcDPGOUsTxagOEo="}},"BtpDgksurni7se4JGFCy3XUa+IzZrbW0G5RbMTJkqJ4=":{"valueMac":{"type":"Buffer","data":"EzYva1teNpOdDrL9AWR8CYwvJVk1zAtjpsvoWh3Muio="}},"uYJhTufMk33u/qB5PKAF1pmzkHWlkGQ9nBqBKfc+9c4=":{"valueMac":{"type":"Buffer","data":"hkOR7eb2U/bR3MPvsaICFn7QmYYDWCuT/v/gU+Syp9c="}},"Lr2qwOODm6g6pCAE/5aYKeeRZj2xERnzzMpyBMkF7yA=":{"valueMac":{"type":"Buffer","data":"KFE0TF3BjNjkRaDn29yrZTz3UCJJWzYcnAimpAhs3Rk="}},"kVX4Jv3+/odLzxEwX8MtBeEh5zOW2/x65Zv6Usatr2A=":{"valueMac":{"type":"Buffer","data":"s0Wop8vp74M5xCU3sgILlie8JJwC0GhzwFoUsVDmiqc="}},"FUwPM7ayFY2fMfZx+OM8sKD8jbMhpRbK9mXzaRScltQ=":{"valueMac":{"type":"Buffer","data":"DuCRpPV3qS1iGP48Ewfk+WqM6hpB3OrkqN0OfIK+iWI="}},"BOY4/Bv7DnaPDrUuFlFJv9rH9NgY48VssN7pCnrnLZ8=":{"valueMac":{"type":"Buffer","data":"5B8IalTUb+9KKRpjGiLW3ZbBl05x+PruWVIhaYUCJSw="}},"U5YU/YLh5K1NUiQUb3o1UD3ONuWR1qxMSCPUkQXPzJc=":{"valueMac":{"type":"Buffer","data":"7NVxL1UCIDzzzgQXLXnJZHHXOnDTkgg8jltgYDjA+xw="}},"+EguA6aLhI/X593dsMqhW9ILIlKfSptDM02Y+ju/Sig=":{"valueMac":{"type":"Buffer","data":"RWlomd60Jl6W1QeqCg3+dOj8rE1KKYmMRx2MMcZ+1RI="}},"ooZxmElq9g9YJbxtZhd6IEBKNihXYXAr9mwlqmOPaJQ=":{"valueMac":{"type":"Buffer","data":"EIctKZXAD7Nas4PLnWLH2XgBdS15HfOIln50Cc8tMtU="}},"fW6JyKi+Yq1S/ngUmBr9lbpWGfxN09c1P+mxNveRIrI=":{"valueMac":{"type":"Buffer","data":"JORryZs+E6RIxccxGNGMHByQD/sUJm8EVeQYfmM3LQg="}},"FJ4+agey7uZxMIEjLP4zqz4OQFWvzNjn0bDfT0XnEvs=":{"valueMac":{"type":"Buffer","data":"b38ju56s/VPSKw6HATNJwicrNXyqkpbIf0qFs05ZKsw="}},"eV3qghBPpVo96VrmFdphSuM5n96YyCNQiqxHl4x4vCs=":{"valueMac":{"type":"Buffer","data":"HAyCGuFj8iUQHjR+wsiXCg1yJJyzHDevx5F9YcBbQCo="}},"s6NxjjcbySE4tNNySjieKQLpRwrV5VG5WVsFWm0vbew=":{"valueMac":{"type":"Buffer","data":"kza2URJRPTePF7p3xzMu6l1TLfwiFjf98azu84Ebmow="}},"ASWYJf5FmoJdOZT7s5GGdb7RC56HfMkTl39M9pAe3Ag=":{"valueMac":{"type":"Buffer","data":"qtDnd3KGJwXnnwfbKJcHWAPZb74crTEuag8iG8xS22w="}},"ZBJexcwDoWFDWMRnTpZJBONlyCnqwgI2i0oTnjThonA=":{"valueMac":{"type":"Buffer","data":"FVYPWH7RKnd7fDGw3VyO/z/U7LWXDqAmQY0kJUNik0s="}},"WwVTUfTFJocTX5bSTugZaIyz5OdnKSlS6ynQzM0C9gs=":{"valueMac":{"type":"Buffer","data":"S5XJntbEFseJDjS0z376UpewO5tY3C6/YSGnYxsfUNE="}},"BdQQcGyJWVsqFfgk8hbz8Okvab2OEacnr2F5dLUk9mg=":{"valueMac":{"type":"Buffer","data":"HJ1sQxC01MCNDG+6IaWtiTup2XMSe6jVpUXvXZFGeuk="}},"avMZ5L3ieKHk+8drxDQoy/IMiCsTDBLaMbTi/TIeGBQ=":{"valueMac":{"type":"Buffer","data":"RoFvVbcBx0gOBwHewb5cKrGqnVX+4cWBymBBmiBu0hI="}},"3SoA690J/zKOiH9QzBCLaXJErELTrLLvRYQ7xeo2wCY=":{"valueMac":{"type":"Buffer","data":"va3ZaI//LQdhoCZjh88cGJRjjoku1OP44NbncY+aOOY="}},"x9WMZfDUg6NShgvoBnsQFjuR5tEvrp5jsdzzGJnbjNc=":{"valueMac":{"type":"Buffer","data":"sj6aSUk0q3oFTV+8fW7JVnHY17u1vOPgKXLqJ8OG/ng="}},"lRDQJtSOmAFtvSybXkH/GiF5cYFLuECRwCXgaGT07Z0=":{"valueMac":{"type":"Buffer","data":"So1kq/9kXDQRbv4MOu0zWU/cWJN8+i0zzg0fJqS88Xg="}},"Hx9DkqoXWlzEw5J1xPdZpLtrAwxziZdFOaNHSAceEl0=":{"valueMac":{"type":"Buffer","data":"BF1OgfmGg/T6D4/uCH/uCo2Y92EMR11vixVmqX9CdbY="}},"T8iAbKh8HR7a2t8ydIrkHA6thWpHzWRJzlFDzfqAb1k=":{"valueMac":{"type":"Buffer","data":"R6rCIgP2/n2oNoX97fhdmPqjUOV6jI9Yz6GR6q7nT/I="}},"kRFaYeO6FGVOeFV7S2fcFBKwMhi7VY2oP0oXRZ43evY=":{"valueMac":{"type":"Buffer","data":"GKzxE+JFeAETghDj32M69fu8DgMykRgmK++n3aIQttY="}},"WSCtU+j5RPmBdyCerPY3f/KBUxkJPK5dy8NP1pZEEbI=":{"valueMac":{"type":"Buffer","data":"vZBBYxYe0MHhKJLgKw1LIrDM35bm7B5y9pZFrbj/NYA="}},"bmrjBscf8nIaxhPiot3nRZepul8yOkTbvewNrqWqLS0=":{"valueMac":{"type":"Buffer","data":"sgjA2g5qKOTm1uZUiPsICGivUmBOolg+w8I9nrUy37A="}},"HtQL8/RQt0/IW29CL40FruIT5PtSSPsAv7mIXOGS9og=":{"valueMac":{"type":"Buffer","data":"Mn6mwVxbYl036N5XLE0wv12hYFz30B1caK+5oUwDiz8="}},"QMEBHWi2HmYjbojSyF5QuOiXRq8RTTS+zL6Mia8l24U=":{"valueMac":{"type":"Buffer","data":"niz9p4dz/sdy/72FMw7/EeisfWr1Exi6Efk3vbbxvJA="}},"/hvJseODukQo5jPcLGApgeMuKShtMhhZ2XBIn7s3gJg=":{"valueMac":{"type":"Buffer","data":"pUiFLxnTAKlQj7ONtLclXQNmsMojL8UVZq/bVHUu2sg="}},"IyBUneqcPyB+RGJjCrlaztcXtaOQcA0aCezhJgfVIjw=":{"valueMac":{"type":"Buffer","data":"vDOU6QTtz5IMiHjERlL2l0JSabu11D2BCVEXzChbJhs="}},"p9ppdUPUZJ5cI/PY5k8yjBH++9pYAvmrEFkMsx6Pf58=":{"valueMac":{"type":"Buffer","data":"Cz8g8tV/FwjV0YNrouQt3bCAXsZQXkomCVq1fYZg9wQ="}},"HodMHGbQ8Bjwv3hyO9J6gW+qR2uwate1tC1lxAcHBWM=":{"valueMac":{"type":"Buffer","data":"xyJF8FN5sOJAOJhxHrxKeeR3H1xMIaVkiw4lbVx29Mw="}},"nB9m2rhehYk6NIALqxqped0fu6T6ZBKiXwXinWqGLY8=":{"valueMac":{"type":"Buffer","data":"TCwwk0vqpCIl19qztVvxAGJVfjaty3n/XjV1b9RPm8w="}},"J+E+s1jElpaQgTqNkbPpahGWUbaNYmKjjKkTrJWyZ8Q=":{"valueMac":{"type":"Buffer","data":"t2IYdeQimohPjI32MwpoOQb0OO5E1aUAOAwNAaISJms="}},"aMGKrI8c41l9mWsc/49a5cJXQiWRwO13gIIxJoVpXeM=":{"valueMac":{"type":"Buffer","data":"qWoG8ld5uT+7lHlyRFDlJ6ZxYmAbAuVzi7ORch/i6ts="}},"TrCsW4ANXx9b2RygZjGzugw7Nkkw9ftDyYgiLB+au7o=":{"valueMac":{"type":"Buffer","data":"20jkU4W09Xc8jetUPIWrXo5wFui9L+CMXt+vm6jOFRI="}},"X2EOyBMuiteW8ffHuSGbRRlFbRFGz6EJvNY3XOcYnRA=":{"valueMac":{"type":"Buffer","data":"/4woJlEqnHEHFLh0Jhz9XleCbAggjMhGSKe2VN65A8k="}},"4CG7+24lcKY8rzVVeSrx/FQyY6iatcmCPKpWJjpq+7E=":{"valueMac":{"type":"Buffer","data":"6iZKWdDwYeRSJBwEaycIdes4zKnBh6FztvRFEbyRezY="}},"BGvksp+1H6o952d4YiZ7DegBvgK7wevgwYJhSpujX1g=":{"valueMac":{"type":"Buffer","data":"e5Hq9Z93ec+UPd28quHYLAovtJsPYOtOR10UWN9/u1c="}},"29TnV6N4Z7Yf0L6E/epLO9O3HJQ4Cz0yqf4JBH3GoUc=":{"valueMac":{"type":"Buffer","data":"thNUE9n0ov1bQsnvSujIfqWYaFbwy6Z2GlzSiR16Eiw="}},"3l6raV/oZ2s/C1zynqoHPkY0evFNMmKI/DEsC6Xvij4=":{"valueMac":{"type":"Buffer","data":"w6hcx1MaMdPEzdklr9ctlH3w+crmRDBi7LfMA7VBRN8="}},"lMhhAjMgT7hpFrpV7gGgw6yItWYDnQyqXEA1eH+vWtU=":{"valueMac":{"type":"Buffer","data":"DPTfhYcko5oFzZGOGgU/ICZzvN7qFfL9M6XbGOuW8N0="}},"a+XTjvqC6CxSNivynMFRIcPEibXDAZN8Y8gPBsFdHpY=":{"valueMac":{"type":"Buffer","data":"Srrwk0bmYzvSblsZ4mhdaa5xUMMr9BuyVSsleUdX6Ws="}},"juDui6Ar2+AOd6LqVO5QA7mf0z/nsWC7VogSGi9I+S8=":{"valueMac":{"type":"Buffer","data":"ndOV63iFNsXNM5JpzomTfTmOylSWCMYwdrPPdZoRvNc="}},"d6uTNtmgKnqHFtIG6g1mnzoP/Jkg435J4scKdPYMucI=":{"valueMac":{"type":"Buffer","data":"H6XPivY4QIVc/BLgPxFu/1QfBLAh6A9GuUGcW+AzXts="}},"nsI3Y+lCRq20ojRhgConJAMr3BxPIj18Sj9AYxivrrI=":{"valueMac":{"type":"Buffer","data":"aITjWMLTZyxoED/oQ+AhizEOLxgxMrvlslduo/OX83s="}},"ZQAJvoDztVBgUHTey6soviC47OPLWW7FF1B+uibZYOA=":{"valueMac":{"type":"Buffer","data":"toveFK6kI44Fdqq6+6wDeJ+5KpGyjSO1h3E043tR8T0="}},"0blOhnabtlTFKnIaFiR1T0Jf90PLJX0YJFYqsFxuu9I=":{"valueMac":{"type":"Buffer","data":"Amx4rdvEfO8HFeTR+aHHl8mgboUZUO3SKTLQ55XPQpk="}},"v+31az5pjZXHzfavfoQ48s3KCiQ8k7iOp4z8xmIn4A4=":{"valueMac":{"type":"Buffer","data":"Gyie1ZPthTnkKt4mOB7/CRyVmM6LMCTT2LyPC6a9q6k="}},"5TJYqlIP9K8IsnBXht/TKiR29adOIycN3TFI4cck5WM=":{"valueMac":{"type":"Buffer","data":"Wuz7VGK+oqGxxIQvtAVTm0+H/GuRoCNUxr94RqQI1QE="}},"kKanhLZ9LlHUJs7FWAfksDqRdMYgPh5nCFxVwzVIcb8=":{"valueMac":{"type":"Buffer","data":"0WkFDO1fzWy2th+Cg/jw4uY/cIa8c+acos8v7Y9wLBU="}},"WTnFZI53oxWXK0zbNw15DSSghEie7rbMyv7xq1sSnRE=":{"valueMac":{"type":"Buffer","data":"HW07ytI22jX7PvBj6ek6F8HsqfQDX/4fbEoijP8LKrk="}},"taffP/hG6wwGxmKV/ENcqZzNPADzanpwW6ONz/u2e7A=":{"valueMac":{"type":"Buffer","data":"oNnzsFbOAa0PF/vmZ3Eucd0yWLu7YQ2StRQ5pgfv9mc="}},"qNg5K2rI5oFbw0KMhiUjrd3KvQs39Lb6pNk49i6K/+8=":{"valueMac":{"type":"Buffer","data":"CmbsHOYcp6o26TXMddqLu2R6Ea4Xtrgwj+MLmpXM7w8="}},"iWkxTVKDoR+XjNveOhafGQHDS8KdDbEAMkL6fzaoL4k=":{"valueMac":{"type":"Buffer","data":"BqThQXhS8Src6TjAsQngBAq7dAZebdar1WOa+lIxmEI="}},"vPoWZF+Q5ubiEOD5PBll7CJHpXFL/zp13gWmpj7ZNTQ=":{"valueMac":{"type":"Buffer","data":"1dimBArlcthLpNuEXGogZi8b1e4CHCrJe9GuWgHsORM="}},"mY3JKKxph0fn30VkLTdbLo24SLQeqzTWynqy6sZNVfw=":{"valueMac":{"type":"Buffer","data":"DzeB9Dakyu8oc0Jdsj0OH+ifEu56ZpmKGcqvRNM8fI0="}},"15s6cp4Ob8EnxY9ewqKAQQYFDrK6fMzkd9RQI7bQkio=":{"valueMac":{"type":"Buffer","data":"AEiSxlNhnmTNHy/GBoaAMVo0kMrosxD21HeeIJcArPc="}},"AzShTfvjhbjfDzC80Lw7V7WKMVwUwNhqPd81Dg3PCTc=":{"valueMac":{"type":"Buffer","data":"y65+UM2PiW1NTNqLlF2PZyy/yRq1dPXqrNr/g6iU3Nc="}},"aNw28D1nQz2KHBTjGqyx1X7/mZn1Fbi/RmbMSQ2wy8E=":{"valueMac":{"type":"Buffer","data":"jtqWiauMUW+xF/nB/KkogDXMd40UBAe0zl22vgMpJXQ="}},"BINug5UEUQXLGYWfoyflxjHkO2YQRaiKiy1UA34tAPw=":{"valueMac":{"type":"Buffer","data":"DGyxGEQA6FI82/twJhwhym6NmlyqdTrnfxGlo1WkmBw="}},"U8gPbvi5S4Twj6eeJAenN+fM5+dI9mQp+Hb0cJBM/2s=":{"valueMac":{"type":"Buffer","data":"74clnph3gO0lD0KPlf8sUpMlzay+Cc2PVa8Hjb03efs="}},"1dSSSxPrg8GWcwx2NsUGARYpb56RxcDy0OuWdIpFMEc=":{"valueMac":{"type":"Buffer","data":"o7I0n830PNyvbMfPWCcuopkidIgUraP14nVue3ZFxUM="}},"ftx6fQdHsYA2P9PissybZKOhzejUR3388p0F+53Nlbg=":{"valueMac":{"type":"Buffer","data":"pTqcpUjLuMt7NZhlZam/thh2XKCepoxuNKznxEfA0CU="}},"MWARMT68v7591ENlHMQ0LK6wQodcratU5XvQX1spLCY=":{"valueMac":{"type":"Buffer","data":"tzcayil+pICllSDi4XUnUt8YgWd3YC5OjvaAOaNHqkI="}},"F+46S/oU7XddNQ3Nskghbp6L6W27BaLLfvL+7Hckqa0=":{"valueMac":{"type":"Buffer","data":"v8+L6vkn060B6sM8a0jgDp/4U9oCCxmX3xqkdbEkTWw="}},"oe87qt5JyxAferBIHiMDIdwwVztJQkU7eGFu4aWQRNA=":{"valueMac":{"type":"Buffer","data":"o8CQg/2C5KnPbPXofxsmanwD7kWVPYcZ46i18kmoUmM="}},"qRIGFfHZEWpeFsHFNmJWlZ106VhW9ABFTEVYfT1TL5c=":{"valueMac":{"type":"Buffer","data":"PqWXI2wpdPtIl7nWEpUcu8VlqGJmT3X6VPMlU62FIZ4="}},"i+yTYGEimrplr+qYFhXBssCsthosE2NK1/TjiUxXAaQ=":{"valueMac":{"type":"Buffer","data":"sCLgvrniVS2lk/MfQNnt6fFFosAdzL5qq+JMH0pyg3k="}},"pPoAl/Kd/hY+5H+5AbKf9Gn2GTIll/3uyX3RUmHT5hA=":{"valueMac":{"type":"Buffer","data":"95TALjcwf5yAOf2vCKgGfNFN7tRo3V6Pqbm+hIUyUNs="}},"mizXbhC8RmB5NIg2uPm18IT23cWWE3q2ZgK6cABa6Vg=":{"valueMac":{"type":"Buffer","data":"2OAMu53NYsTWYUEoD3dQlQ3KGtoouqgft32QpVLoWeM="}},"vocX8DDJhGs/XFLyytNpEqm3aWpmFUfBgWrnhw7JJQo=":{"valueMac":{"type":"Buffer","data":"/Avhla1nYE4znCc2IhJ3xD4GwH3P4uQWtaIQ75IinJw="}},"EKp0NjRjz5i0EC51X2Yt3nJsbDYXiqb7KinxQs22IV8=":{"valueMac":{"type":"Buffer","data":"F9Fww5FLjO6SRlsmQAto2sTw70/6/L26qTZbnAn0w4Y="}},"t/8Tl5JNvk8fSM+c4dELgBuHs4Pgkkc0t6YJzaTJvkc=":{"valueMac":{"type":"Buffer","data":"Ah5mAaysnQYcMhrpDUWr31T96gtOY00zBpXHu72RtNE="}},"SPWOtSlcFC1glutb0Djo+mzOqc7iyrviqt7RXXeQ/f0=":{"valueMac":{"type":"Buffer","data":"JOGJUBE/CJfESupE7YtAF1GAs7vE+3E2JaokzcJyaK8="}},"PV/fzij41KvERs9XPJobZKbbMV4pO3V0NHDRREngfqg=":{"valueMac":{"type":"Buffer","data":"0Xic84fucTIXnwcp2lrGkotgrG9PBZ/yXy3OFlvliCM="}},"6mcQbWjIuLTO/JJmbjLgkM/GlmLsWU5GoQgrdC77X0o=":{"valueMac":{"type":"Buffer","data":"9mXMl7TDkwRJVpS0KfPcBInEbGKU1EhI7zqTzpo/TrQ="}},"PEDByU+C9z8FclGCFIt8Emkx/DWVC6boRIe5yVR1o1k=":{"valueMac":{"type":"Buffer","data":"RwjOkL3oDGlyYG1mz9EbfkMSauvspXsCOIUgeG9k1X0="}},"h2OhtSNyrDcyYu5H4n5vZ2GQMjxAXQVGmKX0HfrjU1o=":{"valueMac":{"type":"Buffer","data":"USCV9DBngvYD7Z7Z3DG1ztIESjy9UmhnKYz7yeENviA="}},"vcczoYOk8w8xpCRWzgLbTn5O++jU7IF4G6Lbx5zspnA=":{"valueMac":{"type":"Buffer","data":"xkFV4bLQA6/abAe8VcwaiB3CisBCH+Bwf0g4f5R6/3c="}},"5edWYhsOstxKZCgJIzypARpZFueUlCzfDe5AmJ+kwQ4=":{"valueMac":{"type":"Buffer","data":"BpcWeK1pbWDOY2mCCsCW4+sUDMY3bRXvRx9IBfD0r5U="}},"behiw2Fz4CMj2uU4PRAo9+UBUKx5054KkMPyRSWrrjs=":{"valueMac":{"type":"Buffer","data":"x/plvoXEYRLzFxDbjNDIJ5mZvO/oFkrqif/r2KDxzdk="}},"kmeocEW+cbv6/4Cq0L2EZpIkLokUpsv5qMQFUtPqi70=":{"valueMac":{"type":"Buffer","data":"xMJv0M5IP5xVQ5MY2KA6rpWYFzmQw5mN5vlDdu7g7gI="}},"GUoUDlnKSfZ0NM1fYTNPFEZk48bsaOpuEgA3w5lJJM4=":{"valueMac":{"type":"Buffer","data":"aMPCDyeSl7y8JsuYs5WUmxZwTAAtw+Q42ktQYwlMRrE="}},"YzJdrGKGGHJTo3aUGWQ3CV4FZXvOCnnTHQGqzPnw1p8=":{"valueMac":{"type":"Buffer","data":"grVlWXtzj7q1axBgouEhmGZe1TVO3vNcBbXy+OmxsNQ="}},"37evUiHUzf24w4K/acVusR5PB1XFgY+yPPfBjsFxQ2U=":{"valueMac":{"type":"Buffer","data":"taXne4+MoaBjYGzJAOAdsDM4niW6qWwuiE6KonXRkDE="}},"xhfn+SugGO93LBQ6iNvnErZFa+rHNJsq9/Vo3go2qo0=":{"valueMac":{"type":"Buffer","data":"KSMd+5Y0U8/3Wm4D5Xkuw2NMQ+vo4PzJNB5bD2XH6pU="}},"PCmbIlYjSbayGYcdg+jYGCyjyLCpZilDaBR9fsZX6+U=":{"valueMac":{"type":"Buffer","data":"S8cmA2ExLhDy8hKdg9ZF2VrowPI9JQ4w7TOs6LnynHg="}},"L/ptIpjNC/XX2dBJ5wWCU2k8cpU/8NjPfmeB1sAVvk4=":{"valueMac":{"type":"Buffer","data":"v5lzdkVF4psJue7QVpcNX7FYeHwZAhA0FuRmCAhwLoE="}},"Y+1M3JnF1wqcLu0h9t/rvOzDyMlZ+ZQ/7FmBvQCIsSg=":{"valueMac":{"type":"Buffer","data":"5eUmsDZL6tm9zMyWIyEbUUE4UIFH2oDCmnhzWb+t+bg="}},"E1LJ9PBjvXEAmwN53vjnXKLOJcQ735r5/PzQYuTmFDU=":{"valueMac":{"type":"Buffer","data":"RyAZWCKLFICXsECdhYSZJG9MgnxmNpD5yrvdp3V0xss="}},"QQFQ0PtONxQxJZ51VM5+FYulCwOeo0kkmpPDLFXZSsk=":{"valueMac":{"type":"Buffer","data":"nLFUgB2hgEc8W79gJXHm+LjPQZJcpwhUyaspo+s0OC0="}},"rjEJ9NjCg03LeltcgARSX6VHjYLoLlwTe/zHH9FiBFM=":{"valueMac":{"type":"Buffer","data":"xZGJyXXA2WzIsHtD8LxCmyFGK3ZpvanVOUNrxii9Pis="}},"RWCsTWR75qlFCuAyAJkCw3fR736plsX+jiwFCPVoy/Q=":{"valueMac":{"type":"Buffer","data":"l9CYamp0kLDsIHC57UfHIpF/06HjdRyixjNoff8MFFY="}},"N/FSmarEglJOuz9n4YiTuhDGrDbiBfBgAsi+2Lc6tM0=":{"valueMac":{"type":"Buffer","data":"iYy1JM6Cy/9K8qaAhVuFyBAopyfKnW6vskce6k53KlY="}},"AuE3Vv3KXTMx3LexXEU12/GL8Ed6DknwYYpO/B0Jiy0=":{"valueMac":{"type":"Buffer","data":"edXSNFIgO/2N5noHYEyAYwPjAEaOeV0xe6vMD1sreyg="}},"Kea8Dukp3yQlqu26ZXxKFAX/tqPc+asNjmbQ+6nzLw8=":{"valueMac":{"type":"Buffer","data":"+grx7exT07ZPzm0kWxDYsKtf3RDFLgf9ak/zA7nCwa0="}},"BKCMzN8Ou7ZbrvwCBGkTLfuaNME/Tg83uIHd80DcT28=":{"valueMac":{"type":"Buffer","data":"B1wE6JSFIpqxbZsxSkwYbSGly4OkczQIvgDTMcGb/QQ="}},"geyT1VWD/GSLoxqYaX4CBRSBa1yRNmVGdlEuEa2eI4w=":{"valueMac":{"type":"Buffer","data":"lsSV3D43+SwBM/GchA1uMyC/4PtqI7ZFZ43zNdKhSE4="}},"bAfOJXspGJgcZRN+rCnoi7NaYXq71RPo6J6lPEdQ9Pg=":{"valueMac":{"type":"Buffer","data":"D/ZJc32SREU5w/rEdPs9UYLufH2wL9DoqQ/OFHLXjWw="}},"T4Ss+TgHkaSpjOEa8x7mf1IpdW1J48kiGSGPV2Q98Ws=":{"valueMac":{"type":"Buffer","data":"uQq2XlX8xAO0SVApUQAORynff3TGIK9pHICFO08a4dQ="}},"OC7iUlRzWMpFKSIKg6hHZNKM+5fz4j0qx5Yg57eDoMQ=":{"valueMac":{"type":"Buffer","data":"C51SrA2SeT71sG8ZMo1WcR9SNqGa3Ycz2Mp9VAG2XL8="}},"4U3p9lzFO+pUWwBm+oZhWAGOd+AhWKmjk0IF6wt+vW0=":{"valueMac":{"type":"Buffer","data":"UsHQTKlak99lIdh9jNq49Ty8JCf6PSBqtSTFitYsdAQ="}},"qHbtQCr3sYivpwiAqG6aW7OMsW40i62vXjLQUAxCTEs=":{"valueMac":{"type":"Buffer","data":"XKHi9A4EPAcSNIjbRzaCl1ko8qYV0OTiaD/rqUDpu1s="}},"2zTPQyazDwI/9oMBrKxsEStnDE8Y1OBpfO9qtzQ3Ww8=":{"valueMac":{"type":"Buffer","data":"Em1fx1ScZQTTDWwVZTmE35JeqhKqeHhla/q7gl9QmE4="}},"pPw2lTQohbedkECT9eyjq7chy+5qBtwrgFspLPfbex0=":{"valueMac":{"type":"Buffer","data":"+eXRuXcAFC0fqPB6ICV9JzGPTy0as6ZZHcUHLnzjd84="}},"GfOFhi6awYIp57iA26La7oYyl20ZzXCUNLCckdQsBZ8=":{"valueMac":{"type":"Buffer","data":"gUwU0JejeigYmrt59gTvyizrshYouskQXZlo/S67w88="}},"3/EWjFL3LCcPo9t34/sbtlGKRVw13uqBxXYzT8pDNPM=":{"valueMac":{"type":"Buffer","data":"PiFzGySbsRIFQrzOgU3pHAVe9gQgjWLMiOXvYeMNQ7w="}},"hCRO2WLXb9syj7gT0yaahahsG+rznVx3AWcfocsGPi4=":{"valueMac":{"type":"Buffer","data":"jy0J+ClN19P26HioxpHaL6+jKlmn0n93ub4BQD/sW9A="}},"NHouwfaTSYtmGP+gmkls3C/6k2m0JGJW6WOYj2JuQFQ=":{"valueMac":{"type":"Buffer","data":"+7pDL//w2VAR4qhk7TMoqkJBq4MYfsO//6fciKRwfls="}},"hexpzT3ladn04lnhJbTubwlZi+K8d6+tvm4UBcWKKMU=":{"valueMac":{"type":"Buffer","data":"mDB9hx0GqCGJy5MeV7ZZnrJBBqQ9b2YIqKg9OgVb8oo="}},"Z1BCEU+At9/sA2GXMx4NOYOYI9n4QZ3wCgXiWjKtKtA=":{"valueMac":{"type":"Buffer","data":"dxCSRB4WEiJVcItVQcRBrmos7vhocSXO2Rh2fOWhu9c="}},"wCoK6Okp6l3VRXWHkDBPpXSALy74oieciCeDGKQpWDY=":{"valueMac":{"type":"Buffer","data":"D/0jk3OPXSNJ83e1Zj1pCOxcKQ3abXb7GtQAhJmnnOk="}},"6glm5CPupTTso7cKpHbRjF2YKzxOJn3I7Y2HAS8N5vs=":{"valueMac":{"type":"Buffer","data":"FXm4j1Nt8CEBgdgU1xSdPyU7LbWjmF9PM7vM6BWChOQ="}},"hojLVLASFZDauLuymEUKE4JpESZhzE1sg/mkcqu+RiU=":{"valueMac":{"type":"Buffer","data":"8kZccm97/Cl/mJfecJ2LaR+iosf46ZP3UIJAsskL/yI="}},"LkwAE/9Leg2KACa6G/JP1sUvICTYXmb2vPtxyE55nTA=":{"valueMac":{"type":"Buffer","data":"rBqY4+7NhGBrNMlIQmP06fzRVT7pzx/0zMew8LySUhw="}},"MuXrzo6441WSFMHJjg1fW2Sv/ZOsHFnc0LlFbBOka8A=":{"valueMac":{"type":"Buffer","data":"LB8HSgJLVvILWZKnR6N2Gfm3KXoHQb3B5Cadik6NRL8="}},"fhdyUjdnEocC3zvvhsIWlDByslIo8Ajcjp2f5f8KmJY=":{"valueMac":{"type":"Buffer","data":"yfd09qbsh72hkcU1uKGeT6NT+RLllROnvwn3P/sJbss="}},"G0e8xr7cO7q831UUAk5MlmC6oJ/9Y4fxx+R3+ierWXE=":{"valueMac":{"type":"Buffer","data":"5VJyVHW2LyvcQ58/LqQAyNf2GLnxhIWXT3HUieGrHes="}},"t+ga5HYFzjRQcvWEqzmVhkAODYrKvVvQHeX8ndpGcbc=":{"valueMac":{"type":"Buffer","data":"yW0qkPkJLvuMq3mU/5WWByLAW60i4Qg+T3XsYcCp3c0="}},"Tv5z59ocX8TFPn9OWtEcshPpRFhBSjJfrlUGtCcVJm4=":{"valueMac":{"type":"Buffer","data":"p71uu7e3WzJkN1mRZa1ZFJKd/GQvbfYS+8cqi41pRDY="}},"e7fjJkr92HhBNGtD60O7xeW+z5HooOgofXwE3z/DM/w=":{"valueMac":{"type":"Buffer","data":"eYmgwY3axt132YcDX1ZOjC6ZcTlGpustEH9eUAXX1Hc="}}}}