{"noiseKey":{"private":{"type":"Buffer","data":"4ESj0K64M9xvZED9bq+qJTHzAttazJvVQkxDIS03OEo="},"public":{"type":"Buffer","data":"AdWPWTKOiddxn4K9l6/IDhnOkCdDS9x/DbqNfq5sYUg="}},"signedIdentityKey":{"private":{"type":"Buffer","data":"CNlKWSTkNH2N/xHqXRSwAIcJ3BnduAQ0RwBUAUxmLGM="},"public":{"type":"Buffer","data":"yMi/ms6FQ04qaEvhGROVws5Nx5j2ZLg7fmwaNiIEzX4="}},"signedPreKey":{"keyPair":{"private":{"type":"Buffer","data":"YBYkuOQ2ZPqExTP04OnXZYskB3fs3qdZB0/lJW6d01w="},"public":{"type":"Buffer","data":"qrSas+7jfy9h6AK45US+HAkwOsPN8YLbYcKXveN5FHw="}},"signature":{"type":"Buffer","data":"bUaV0KOVEKZ3laNhDYk88hHVseSPfHKdyUzl+h8cnUaeJT+0KNaqunrAeYxLe34Bht13cDT26S7hLFqVe4irhA=="},"keyId":1},"registrationId":226,"advSecretKey":"CNrY+lsvB5lhPb/5nqeV4iYdcELiwTGFOMoWohXMG9c=","processedHistoryMessages":[{"key":{"remoteJid":"6289518773638@s.whatsapp.net","fromMe":true,"id":"1C46608B4B4F8AA48293189542F6759A"},"messageTimestamp":1690204468},{"key":{"remoteJid":"6289518773638@s.whatsapp.net","fromMe":true,"id":"668CE6FEE838F79DBCFAAA9867DE09E4"},"messageTimestamp":1690204472},{"key":{"remoteJid":"6289518773638@s.whatsapp.net","fromMe":true,"id":"AE26D4C774188468A4CCFB2E828949B8"},"messageTimestamp":1690204824},{"key":{"remoteJid":"6289518773638@s.whatsapp.net","fromMe":true,"id":"F100218C559F775EB928271F778A5B21"},"messageTimestamp":1690204824}],"nextPreKeyId":256,"firstUnuploadedPreKeyId":256,"accountSyncCounter":1,"accountSettings":{"unarchiveChats":false},"account":{"details":"CJfTms4CEKvy+aUGGAE=","accountSignatureKey":"z2zgrXF38J1U+499+DqiPWD5nHkI5eVP0Cx42oxvnGM=","accountSignature":"ddn9N2ciSvtVEBdGUkhGJF98DR4hhs9B/0uTpgxkkjyzwHzkuiZfGSgHGaWs1DC6RIJpaLYy7rBLiy/KvBOpAA==","deviceSignature":"VFttGb5nCgg4fClNTZ0ffR9PU4fC7vHBrGdD24Dnl3nU6F507WQQ33faAI35rXYKDDRJg5f4KwzMekaX/9ciig=="},"me":{"id":"6289518773638:55@s.whatsapp.net","name":"OCT Botzz👨🏻‍💻"},"signalIdentities":[{"identifier":{"name":"6289518773638:55@s.whatsapp.net","deviceId":0},"identifierKey":{"type":"Buffer","data":"Bc9s4K1xd/CdVPuPffg6oj1g+Zx5COXlT9AseNqMb5xj"}}],"platform":"android","lastAccountSyncTimestamp":1691347031,"myAppStateKeyId":"AAAAAAJ+"}