[{"senderKeyId":303659525,"senderChainKey":{"iteration":21,"seed":"/Tf+zY9MHD1WcjakFF/P6hvfTtIUOiKUd3xmMPwoNjA="},"senderSigningKey":{"public":"BUAUEx+eOGuohKeWjFxXxmxG/D3vebNtoSAUvdgR3UFC"},"senderMessageKeys":[]},{"senderKeyId":1533341150,"senderChainKey":{"iteration":9,"seed":"F2f/HAwh6yFkCuPSL+bz7yhf1VY97nIadcbgG1OB9Mc="},"senderSigningKey":{"public":"Bb1q1n2iyLYjy1QklXUyMey9TvNG16tTjhpKTRTA/3MJ"},"senderMessageKeys":[]},{"senderKeyId":9099333,"senderChainKey":{"iteration":2,"seed":"oy418qnuA9t85kL/68sw8v/GKq7z60zP8oWe/7ghN24="},"senderSigningKey":{"public":"BeUlEc/iSGYbeOKF7KOTGLPjqAo2MZejpOanJJIPxNMP"},"senderMessageKeys":[]},{"senderKeyId":2098921413,"senderChainKey":{"iteration":9,"seed":"XwS66byo+9pk6IGZDThY2BhUtzVaydRpGYHd/chO39g="},"senderSigningKey":{"public":"BUX8qm0VBw1cp87fbMi24xm44kqEw0F9EH+fHQdDdgca"},"senderMessageKeys":[]},{"senderKeyId":27483394,"senderChainKey":{"iteration":137,"seed":"JRcWK7XtToGJDa2DcDW3K0uL4aaiLSxLC4/Hv8nvzso="},"senderSigningKey":{"public":"BfsbAp9tW3KuUuEwMdp7Rk9VPGbcdyZDvgGl9DhFBv4m"},"senderMessageKeys":[]},{"senderKeyId":27483394,"senderChainKey":{"iteration":136,"seed":"cYGwbQ2YhSlmJTVWBy3b218+kioc+uyMxYhZclkxM3M="},"senderSigningKey":{"public":"BfsbAp9tW3KuUuEwMdp7Rk9VPGbcdyZDvgGl9DhFBv4m"},"senderMessageKeys":[]},{"senderKeyId":1446888335,"senderChainKey":{"iteration":75,"seed":"YFw+C+327Z4RleoWo7XMkbc6rbk98/wRfoZ1b/wiVFc="},"senderSigningKey":{"public":"BRHJGLS+8LAO5a5n9R53MNkd9KrZPRng4WSzYSDHjQV2"},"senderMessageKeys":[{}]},{"senderKeyId":1446888335,"senderChainKey":{"iteration":21,"seed":"05NNCvSjKhcuDsR6pwlxkxKF6V662tByTOOOtGEEGtk="},"senderSigningKey":{"public":"BRHJGLS+8LAO5a5n9R53MNkd9KrZPRng4WSzYSDHjQV2"},"senderMessageKeys":[]},{"senderKeyId":1446888335,"senderChainKey":{"iteration":23,"seed":"qjmpY9kDiQSRQM3tgnBf6lXPu2hr+aalzMz3UDDdG44="},"senderSigningKey":{"public":"BRHJGLS+8LAO5a5n9R53MNkd9KrZPRng4WSzYSDHjQV2"},"senderMessageKeys":[]},{"senderKeyId":1446888335,"senderChainKey":{"iteration":43,"seed":"GR4P76R2lT+ZvnEQn3iX53gPIUhJlMSjp5ZQB1UfDIs="},"senderSigningKey":{"public":"BRHJGLS+8LAO5a5n9R53MNkd9KrZPRng4WSzYSDHjQV2"},"senderMessageKeys":[]},{"senderKeyId":1836625228,"senderChainKey":{"iteration":2,"seed":"LMD4tVoUjAqWpPe0eMDKZxUKHVZ84xMj1pkvsjh/RBE="},"senderSigningKey":{"public":"BX6c3FBiWNyD0QO9BTVT9OHwDMlr0J5EaRZIw7HEFmcX"},"senderMessageKeys":[]},{"senderKeyId":1008147299,"senderChainKey":{"iteration":85,"seed":"DNFDJT7KNclfvV4F1+hvmz12HIFx9qZQPrm1nnk2MGY="},"senderSigningKey":{"public":"BXVfsJ4pJtSfcx+dbsYrn6xlSde5ob2PBXq7JxtXfmg7"},"senderMessageKeys":[{}]},{"senderKeyId":507354,"senderChainKey":{"iteration":7,"seed":"N4JS8ynSJSBMDgn/RWblxkGmDIcrEul4yLYYzL4fLWo="},"senderSigningKey":{"public":"BTA86L8x21RzWiNyohvWQI8/9fREwz9gYgIC27mkz0lR"},"senderMessageKeys":[]},{"senderKeyId":1408344251,"senderChainKey":{"iteration":26,"seed":"WreF5LYFsa0QdXPjvS70qx3YEock1UySOT653jQ7Imo="},"senderSigningKey":{"public":"BSqw5vQE3ysZ1d3tmcVMerV5YO1RYZ69CSRLOtcwJic+"},"senderMessageKeys":[]},{"senderKeyId":432146365,"senderChainKey":{"iteration":2,"seed":"f9ZZVuH+WAs0KcU+kOfIU3QwQNfqjeJkPfQ13pQ9AtE="},"senderSigningKey":{"public":"BVLZoawMrvMisSRrlIXGUVrKf4GgBpP7EBgi26gnIq08"},"senderMessageKeys":[]}]