[{"senderKeyId":773971660,"senderChainKey":{"iteration":6,"seed":"LdQyf3O1XEac5S0UIya6vUE0d+rYKKoxNX3EdOGC61Q="},"senderSigningKey":{"public":"Bao15uZojCvTa63CskFWa35r+oMFFIa8yEUbmBEh8OM7"},"senderMessageKeys":[]},{"senderKeyId":456359644,"senderChainKey":{"iteration":2,"seed":"sBOFQAqGqCAGN/Hm2/5WxlhCtSraQPcxbp2+nMwuTd4="},"senderSigningKey":{"public":"Bei/27ttf6jbgQlOfR9pafrXjA/eEGFfA5doqy/rCy9m"},"senderMessageKeys":[]},{"senderKeyId":284573567,"senderChainKey":{"iteration":2,"seed":"90Ph6pEZHKah7ZPYQ/RYjaJ9E2StoB2fLtw6jIDIWzA="},"senderSigningKey":{"public":"BUsNRiWcZKWeu8ypA+fNNqGDcjK2BVjzqdjbFxicb7dn"},"senderMessageKeys":[]},{"senderKeyId":1564967627,"senderChainKey":{"iteration":2,"seed":"H9kggf+OTLaG+yvxm1ycn7eIncoW0PKJUI1b5XtM/Vc="},"senderSigningKey":{"public":"BR5xMvPZhuR72F9FnFOoTh316uLcbCMpPppR6L94w5ss"},"senderMessageKeys":[]}]