[{"senderKeyId":1812490380,"senderChainKey":{"iteration":29,"seed":"WthmISWO9ppNWZYDNdu0j0ioguHcRs0m+RuYaXbkf3o="},"senderSigningKey":{"public":"BYBMKNOjgq9CyoJ162BXLM/tMkGTbO2NmbRQnvW/pbQw"},"senderMessageKeys":[]},{"senderKeyId":199541785,"senderChainKey":{"iteration":25,"seed":"Nn27tVZvpuUdkNjXLSJ8OjULC/hysFrYBUV/uAYZMrA="},"senderSigningKey":{"public":"BQ4vWOBdYC26pbiJ4/pVdWfPbpDQvmvr7rnemHy+mxls"},"senderMessageKeys":[]},{"senderKeyId":199541785,"senderChainKey":{"iteration":21,"seed":"cYdSReEDhbvNDXurRnnTUkuET61TuApxLIpTsnMy8RY="},"senderSigningKey":{"public":"BQ4vWOBdYC26pbiJ4/pVdWfPbpDQvmvr7rnemHy+mxls"},"senderMessageKeys":[]},{"senderKeyId":819347573,"senderChainKey":{"iteration":7,"seed":"TI3SZN1DzM0CguUko/yTwXet+pKO23O129cYfL0Lkzg="},"senderSigningKey":{"public":"BV3HfQ5DnbLm24Uuqk+21ZgC3I2JUDlJgPlgKggwh7pm"},"senderMessageKeys":[]},{"senderKeyId":230252282,"senderChainKey":{"iteration":4,"seed":"Km4ZJOqG5KiZdAXK4dqVg3LEFqxyVttUZvYZn6vjDs4="},"senderSigningKey":{"public":"BQKvSyBSq69IlKQezZwiugv82caoCoSgXU8YecXU+iEf"},"senderMessageKeys":[]},{"senderKeyId":230252282,"senderChainKey":{"iteration":3,"seed":"eU57a6sPs07ImHsiblF4t7ZNxnrK/0HqSYTDJIgYVss="},"senderSigningKey":{"public":"BQKvSyBSq69IlKQezZwiugv82caoCoSgXU8YecXU+iEf"},"senderMessageKeys":[]},{"senderKeyId":1987243899,"senderChainKey":{"iteration":1,"seed":"eMFqXkTjSs81jUbi+9792OGMCf7W3BAfhl00XibUijk="},"senderSigningKey":{"public":"BarKjEQBPcASt4JIpHnw2FARJS48eAq1jqcFDvfNJO1x"},"senderMessageKeys":[]}]