[{"senderKeyId":1197995051,"senderChainKey":{"iteration":6,"seed":"XTbMz9sKUbujH24XGtn4DsdunNYhHujCmRooa9O7uxw="},"senderSigningKey":{"public":"BSKe5g47i5pdm5ti5IJFw8wvwu8dEjKLvxeYr5+ofzxp"},"senderMessageKeys":[]},{"senderKeyId":588176684,"senderChainKey":{"iteration":3,"seed":"drrxFQ6umyd4rLS1yMfj1LT7l2coFz5dWL1m2UylM0U="},"senderSigningKey":{"public":"Bc90VmH8TToqaayzwE2svVvoe7hk9JPww0iiIW1a4VNI"},"senderMessageKeys":[]},{"senderKeyId":579722834,"senderChainKey":{"iteration":1,"seed":"ubMCkSzLcZjiKiSYgKfcU0TYRDTKAWzmlwWX5l6YSMo="},"senderSigningKey":{"public":"BWtZs38Ws5g/3gITcAsbreX36dp0vhgPc06CreC4BkUf"},"senderMessageKeys":[]},{"senderKeyId":764876745,"senderChainKey":{"iteration":4,"seed":"QqF7CMMmXlVlj4sKt2qwd6i3jiOnIRaVkMkNaA/U5nc="},"senderSigningKey":{"public":"BWxTqz8mKlsK8vXcw+WrYxalnLU8nyRv02wIm0clhkgD"},"senderMessageKeys":[]},{"senderKeyId":764876745,"senderChainKey":{"iteration":1,"seed":"Eyxq60SRKP5qqXQdfN3qZBHNz1Jsw+czd5y8pkvdgSQ="},"senderSigningKey":{"public":"BWxTqz8mKlsK8vXcw+WrYxalnLU8nyRv02wIm0clhkgD"},"senderMessageKeys":[]},{"senderKeyId":764876745,"senderChainKey":{"iteration":3,"seed":"3mGsGLPGB1XcS8zCI24JfPqPMX8QgN6xs8f2Jei0+QY="},"senderSigningKey":{"public":"BWxTqz8mKlsK8vXcw+WrYxalnLU8nyRv02wIm0clhkgD"},"senderMessageKeys":[]},{"senderKeyId":1533588422,"senderChainKey":{"iteration":1,"seed":"1YsO0WZJDf2/rVB5DXrfHEb5p2rapFN9yq9rFLiqbhE="},"senderSigningKey":{"public":"BZeCUoKymulgoh/ydg5/hqbd59txeltq41AApE6tS+Fg"},"senderMessageKeys":[]},{"senderKeyId":2098820173,"senderChainKey":{"iteration":1,"seed":"nS+RetPtHff8WIsrPPtOAlt0pnT7BwVyhW8KHsMbluA="},"senderSigningKey":{"public":"BZ0ChnGQZgfSQpFUamj84gYRNJP6M4jOdKoXGKu6WwIY"},"senderMessageKeys":[]}]