[{"senderKeyId":981397248,"senderChainKey":{"iteration":11,"seed":"X3ZuY+0SHaICoYF1NkqL3WpQAIz7mju2q/qCpGx73/c="},"senderSigningKey":{"public":"BfKfT6YSXkBRU0/VHdtVQ8Zv2osGuvdlNV3CbycSKHNL"},"senderMessageKeys":[]},{"senderKeyId":43260899,"senderChainKey":{"iteration":4,"seed":"h3tK6Yvy/MLSkyDa+NwmsAoEdrh6yLsUPZy/wA4jhIc="},"senderSigningKey":{"public":"BXD1LXb3aL5wfcQWs8IiUAUPvboYtx9LYYKHCySS59pk"},"senderMessageKeys":[]},{"senderKeyId":138770967,"senderChainKey":{"iteration":14,"seed":"fswTCtoCdQ/cK3XCBTLkLfzk9+tH+qH8M095/yd/l+E="},"senderSigningKey":{"public":"BS4HIBfcuECFLhPpReWABDmUAT9mwzVkqWy9g4e/UTVh"},"senderMessageKeys":[]},{"senderKeyId":138770967,"senderChainKey":{"iteration":5,"seed":"fXiryGzxs0yNQmysyl+xlwRVk81DITuvLTveSTY84SA="},"senderSigningKey":{"public":"BS4HIBfcuECFLhPpReWABDmUAT9mwzVkqWy9g4e/UTVh"},"senderMessageKeys":[]},{"senderKeyId":138770967,"senderChainKey":{"iteration":6,"seed":"ukZQrlAffd7ft6kvA9WkrpyrLnHTagmUFQk44u0NmKg="},"senderSigningKey":{"public":"BS4HIBfcuECFLhPpReWABDmUAT9mwzVkqWy9g4e/UTVh"},"senderMessageKeys":[]},{"senderKeyId":138770967,"senderChainKey":{"iteration":11,"seed":"3qfwKk3VmG9Ircc04GahbbwZbyZVe/W8h4Bde+n+l7A="},"senderSigningKey":{"public":"BS4HIBfcuECFLhPpReWABDmUAT9mwzVkqWy9g4e/UTVh"},"senderMessageKeys":[]}]