[{"senderKeyId":1834384372,"senderChainKey":{"iteration":22,"seed":"5rY6GKHG18qyVGvDlLPwzIIa1zTbWre6IXOI2psCM7Y="},"senderSigningKey":{"public":"BWgnz51CEZuWgpmoPpL/7QfIZdmm4VGfO+YwCP9/2rRe"},"senderMessageKeys":[]},{"senderKeyId":65970385,"senderChainKey":{"iteration":151,"seed":"IZsOvaPIFrGIax39HBft7vLWMOIIGQMJq0wfZsEPbCo="},"senderSigningKey":{"public":"BU1W+JV0sV2pyT01yPwOzIIbLn2Ser9Ue9sm5JmJTd98"},"senderMessageKeys":[]},{"senderKeyId":1474490302,"senderChainKey":{"iteration":6,"seed":"8eVP3zzBWisn3DZ6tqB8YDAWyfnk1JU8XqPXAu9anh0="},"senderSigningKey":{"public":"BVE2PTO6W95bvJjtikaX56RDY2VmZlS2liHzUVHqeS8/"},"senderMessageKeys":[]},{"senderKeyId":92826178,"senderChainKey":{"iteration":59,"seed":"hoKFoOLE1GN8uUG/+r0jH/rYzhfdaihzfBC89z8B1pY="},"senderSigningKey":{"public":"Bc/PMD7Za//3kuXRuBlnFD0NX2AtIXPJ0Vj89ono/wVv"},"senderMessageKeys":[]},{"senderKeyId":92826178,"senderChainKey":{"iteration":2,"seed":"poBrus9Ovm8jFZcMB5ZmEoNHndxSG0KIpoaEC/snXPE="},"senderSigningKey":{"public":"Bc/PMD7Za//3kuXRuBlnFD0NX2AtIXPJ0Vj89ono/wVv"},"senderMessageKeys":[]},{"senderKeyId":230312675,"senderChainKey":{"iteration":4,"seed":"L3tAcmXUYwoz+4aVhqJUFShXMPvDWvKFUDk9SyTy4rg="},"senderSigningKey":{"public":"BUkkNOVW+q4qZX1nOiL7etE7ii4FTvLKPHMVqKhg5QMY"},"senderMessageKeys":[]},{"senderKeyId":691173543,"senderChainKey":{"iteration":22,"seed":"Dh8Ew336gLKIvv6ZJeKCVIwulT3p914deU28s68YggQ="},"senderSigningKey":{"public":"BXA+2eCSrkkM13su6uy05rjea7ld54lLtKqBRT+7/S5W"},"senderMessageKeys":[]},{"senderKeyId":691173543,"senderChainKey":{"iteration":1,"seed":"74xGSg/fZaYO3kPeBEMOylClq+4IJtPcjY/Wd2ipBq0="},"senderSigningKey":{"public":"BXA+2eCSrkkM13su6uy05rjea7ld54lLtKqBRT+7/S5W"},"senderMessageKeys":[]},{"senderKeyId":691173543,"senderChainKey":{"iteration":6,"seed":"dIBD8mnh3GsAu7px5ntza3ndT11udSzq2tFmuBynLrA="},"senderSigningKey":{"public":"BXA+2eCSrkkM13su6uy05rjea7ld54lLtKqBRT+7/S5W"},"senderMessageKeys":[]},{"senderKeyId":691173543,"senderChainKey":{"iteration":15,"seed":"AUy2c3AyHw/Z+uZ6R6Ol7eaSwc41kLWBYPKyQhcihzo="},"senderSigningKey":{"public":"BXA+2eCSrkkM13su6uy05rjea7ld54lLtKqBRT+7/S5W"},"senderMessageKeys":[]},{"senderKeyId":1698361184,"senderChainKey":{"iteration":2,"seed":"6IFglgjE2UU7KNPmnu/6/8zuYB3E2uj4BMXRunybvCE="},"senderSigningKey":{"public":"BVe5lgnP34uXOvDpDSuj1EzAWN9mDmjvWR+/j8k66j8K"},"senderMessageKeys":[]},{"senderKeyId":782487584,"senderChainKey":{"iteration":1,"seed":"NWISKsbi0tDRq74GTFj+FwvgbYNj8Ehwk2XGssKp6V0="},"senderSigningKey":{"public":"BejOKKJsGICmui3/7FanqoQVi+aUoI8eOaV/jXT7iD1j"},"senderMessageKeys":[]},{"senderKeyId":794646044,"senderChainKey":{"iteration":24,"seed":"/LAONgVZDElxFxJDBMSS+jrO+unDzzB5qxcr1Yvqgm0="},"senderSigningKey":{"public":"BdbRLP4cch1zCzeFwtwN4opqWKN5QVvYLo1xpxdyE6BH"},"senderMessageKeys":[]},{"senderKeyId":243292715,"senderChainKey":{"iteration":6,"seed":"vAOVcuAAPWJ7y/EZA7jqHzW2R9MgK6YP2xCU2kUfBQ4="},"senderSigningKey":{"public":"BcYEEriitXcZC00J1YZPCYNqOdOT7lWfBcJLIC4NrW4E"},"senderMessageKeys":[]}]