[{"senderKeyId":726077464,"senderChainKey":{"iteration":4,"seed":"eHe2BMs76iiF1EuJnda7wUXpDyEUymi7W9Die8qsviI="},"senderSigningKey":{"public":"BW7dejqsjWA6rik6GXsA+AdcEF7Wsk+hwikOXM0KUb1+"},"senderMessageKeys":[]},{"senderKeyId":308811160,"senderChainKey":{"iteration":3,"seed":"3dBMe2EeBgcM3lBm2Ts9V+l5InbJHLi7JxKbVExiWaA="},"senderSigningKey":{"public":"BWgxf1v13p8e0Tuj2S++2zLBXjbTbINConJhjlRGHMYO"},"senderMessageKeys":[]},{"senderKeyId":1404665319,"senderChainKey":{"iteration":20,"seed":"sL1hjOcvbHrdPs67gClUW2a9tu8uHLiJ+/HGiNkH7Ak="},"senderSigningKey":{"public":"BWk8HSSAT85NhEXDgFaFGYhSKjUlT7BG2FKZ7DYWlWkg"},"senderMessageKeys":[]},{"senderKeyId":1340846204,"senderChainKey":{"iteration":2,"seed":"UhixfsKEPSpuJt4ULDlkk21m4ZaHbBlysOcnX6NkKJA="},"senderSigningKey":{"public":"BSifM12/DM4UEv+bOvdd6vRzqZ/TNNpXi1RXChY6DBJ5"},"senderMessageKeys":[]},{"senderKeyId":2031859735,"senderChainKey":{"iteration":1,"seed":"O5NjUn6pNjVhqotJuqIlKT9JkGVRc4m1tNhzPr5XJb0="},"senderSigningKey":{"public":"BZkbtGDtGLBLht/D9z10k+vbW8EfoduS24FpuWRFflN5"},"senderMessageKeys":[]}]