[{"senderKeyId":1361787076,"senderChainKey":{"iteration":3,"seed":"YYLAJerGFuyZxM1c1JLPmwLd5FV0FZpoAgLh+P3/LUo="},"senderSigningKey":{"public":"BU9CudegXnx0KKvtTIaiRj4rNGutgAWR/U2G2mp79BIL"},"senderMessageKeys":[]},{"senderKeyId":1201497942,"senderChainKey":{"iteration":25,"seed":"3nrsZb91Tn/8eukYJcAHOIaEnlOh1RoP5lPUhMCp6hE="},"senderSigningKey":{"public":"BSKcN4JJfG6NIX80K/55g18FeB8VL0v9eWXJJ7yKVzp5"},"senderMessageKeys":[]},{"senderKeyId":1201497942,"senderChainKey":{"iteration":1,"seed":"rM9CTvydwxBQqp4jDuYi0ElpAZWJurPbyHV3m0tRdUQ="},"senderSigningKey":{"public":"BSKcN4JJfG6NIX80K/55g18FeB8VL0v9eWXJJ7yKVzp5"},"senderMessageKeys":[]},{"senderKeyId":1201497942,"senderChainKey":{"iteration":24,"seed":"yIHGbJuqs6XOt30Y8kzYiTmuJZt6MxR3GyYE8zTit6c="},"senderSigningKey":{"public":"BSKcN4JJfG6NIX80K/55g18FeB8VL0v9eWXJJ7yKVzp5"},"senderMessageKeys":[]}]