[{"senderKeyId":1503200828,"senderChainKey":{"iteration":5,"seed":"8IGjEfJ+0A0+qfCyhd3tLqKh14e+KAe5jSeD+Igx1tc="},"senderSigningKey":{"public":"BVHLzal2dmk8cSRm+xeCeKcq7VUJVxrQduWMijUXaPsQ"},"senderMessageKeys":[]},{"senderKeyId":1503200828,"senderChainKey":{"iteration":2,"seed":"qH0ThNSRLkLfkeGMoHtqsZjlDQ9TpppfwovFKe7jg2E="},"senderSigningKey":{"public":"BVHLzal2dmk8cSRm+xeCeKcq7VUJVxrQduWMijUXaPsQ"},"senderMessageKeys":[]},{"senderKeyId":1665094896,"senderChainKey":{"iteration":2,"seed":"GNzlqlA2pB5YTwqh69ASvX03PL4lJkqoOgZlOA30+BU="},"senderSigningKey":{"public":"BVrUZGvLQEoM6wZHneq17qtHMCp46+b9JvXaHmK1sL1A"},"senderMessageKeys":[]}]