[{"senderKeyId":1489023033,"senderChainKey":{"iteration":1,"seed":"t9xaB2v0yMJyDK0tTys67jC5T6ufaIwRgkMn6OQ0Snw="},"senderSigningKey":{"public":"BcCSkbChlKxuh4ihDHhgT8lqLpK8QHNkGA76jAR2Bkg1"},"senderMessageKeys":[]},{"senderKeyId":177637837,"senderChainKey":{"iteration":6,"seed":"LU58/HX/WLrZxwe4J6F+yyZ6AVpWnbcsJpggH7S2NrE="},"senderSigningKey":{"public":"BUEMEveVd6+k99LqsXtvPYitana8RprQGmEelSLCJgRb"},"senderMessageKeys":[]},{"senderKeyId":1773107814,"senderChainKey":{"iteration":1,"seed":"BaZxmS90jICkb4HZBYsjXSTaZ9g8YXB4ot5HbjdD7Ao="},"senderSigningKey":{"public":"BTCQhFMBiWSHwSiBQaEq8ynCQVZTtRLFJYWYpRhBm953"},"senderMessageKeys":[]}]