[{"senderKeyId":537724015,"senderChainKey":{"iteration":8,"seed":"VViXRw0Vbcic3wXEMheqe25MPwDcGH7aSPOUDaSdQQM="},"senderSigningKey":{"public":"BbyfjwA7AlNO7u4pcFmXvY2xon4/jROWubYwPcHDtbdP"},"senderMessageKeys":[]},{"senderKeyId":405721484,"senderChainKey":{"iteration":37,"seed":"euoU2KmYDUt+FVXLseakdivAjYPRuAB93hSMva2D/ng="},"senderSigningKey":{"public":"BRujfGwmJ9VWly0XrSlRVWAG8mG7N/5iUtwvPTIMqLg4"},"senderMessageKeys":[]},{"senderKeyId":1601022613,"senderChainKey":{"iteration":9,"seed":"NGtcxWzomhGA15JEKd6IIFUq5mzMrkvrcX5Q0lDXP5I="},"senderSigningKey":{"public":"BQ6GHs3cu0fTVFtsUp8vNYaz/DPD6TCMeTjMqbj7QDYy"},"senderMessageKeys":[]},{"senderKeyId":664440473,"senderChainKey":{"iteration":7,"seed":"z29Z2rsZZP/lZV6plUZypxuXPaNVxtEu/ebk98/zqVE="},"senderSigningKey":{"public":"BbRNEdNYY/ICBPUM1lFw2l1VOTVYc0RfLoVjkeyjdQVg"},"senderMessageKeys":[]},{"senderKeyId":229957845,"senderChainKey":{"iteration":2,"seed":"+I27p5sonQfwj730XAcEBJMai+pkjpuc5VLqUQp7v3g="},"senderSigningKey":{"public":"BU24QGK3y4rnzN7ZDVu4T/vJbOjeVp8ScAYnS+RBvhxV"},"senderMessageKeys":[]}]