[{"senderKeyId":488088930,"senderChainKey":{"iteration":0,"seed":"dx4WWS2soijAH8m8u5ACTefYbZtx63MXE8Gmcb9Z9k0="},"senderSigningKey":{"public":"BdWwaHzOjgoYvqPKXhqB3PVb//xY/JVv2qmkFdlXWIk6"},"senderMessageKeys":[]},{"senderKeyId":1016420193,"senderChainKey":{"iteration":4,"seed":"oM4DYrdDm/4Y6GwCTgwT/1jAtT5bU9ADCvB3Hv+Y3nM="},"senderSigningKey":{"public":"BbS6ZI7MjnemR4xVHymmLv5V6yFfITerTB6yJVrthXN6"},"senderMessageKeys":[]},{"senderKeyId":1207330985,"senderChainKey":{"iteration":2,"seed":"jDLOsYG1j2fZL+rKTJTa1R430bjwDcvCFYoYrrx0Zcg="},"senderSigningKey":{"public":"BcwVGuydGg+SSv76SP/DTHkwtB7bFkb+t/DzoWujfLx3"},"senderMessageKeys":[]},{"senderKeyId":1379240463,"senderChainKey":{"iteration":17,"seed":"Y5ovZDt8T9UYb1yLfDoSgzGtskh5g47DpuagTkeouzo="},"senderSigningKey":{"public":"BcFbxL3QjVhCwueBkqW0B6vlt+hlefJGa5DBLH+JJTgT"},"senderMessageKeys":[]},{"senderKeyId":126473999,"senderChainKey":{"iteration":3,"seed":"0cgetIpk8LqTM5Y3TFj7bfT6RZkRMcXIcA2xiwkcBHg="},"senderSigningKey":{"public":"BddIX8bvZ7+yVdQmbITx9S58HfWW5RTvWJxxNnupF2to"},"senderMessageKeys":[]},{"senderKeyId":126473999,"senderChainKey":{"iteration":2,"seed":"vM9vHjyFcO+6UaApSkGGr6oVhnNAc6iLtE2tL/yQ/ig="},"senderSigningKey":{"public":"BddIX8bvZ7+yVdQmbITx9S58HfWW5RTvWJxxNnupF2to"},"senderMessageKeys":[]},{"senderKeyId":1288616059,"senderChainKey":{"iteration":1,"seed":"kIfWNu2Ip28uk+mn6mu/9HuvfFmlRe4WfOYZyHGIjSA="},"senderSigningKey":{"public":"BZIFJZn+yT+A3BhjDh5jJjhhHs4tfjsod7AduwmxNv4q"},"senderMessageKeys":[]}]