[{"senderKeyId":2107132969,"senderChainKey":{"iteration":8,"seed":"HantYrKxK9yLxLXgizcm6t1/1pP6uWx53YWA/fXrkT4="},"senderSigningKey":{"public":"BQyOMQ9SFqkMiDzi/cidlrIma7p4CDA29J9fb8eOqzRs"},"senderMessageKeys":[]},{"senderKeyId":642847143,"senderChainKey":{"iteration":3,"seed":"VkyCRPavDPNDxOhvvsMcY3cX7VfGxHaTRD3MBef3CaI="},"senderSigningKey":{"public":"BfVdXiDQRsb5sDEy2kSjadLNupMg6bI+7fIA8QfhBHxV"},"senderMessageKeys":[]},{"senderKeyId":1857900172,"senderChainKey":{"iteration":10,"seed":"xmrp1tz6bl8T6MBAz8eL4dvbk54yS42g/5w6OIX9I08="},"senderSigningKey":{"public":"Bf99LMBEFL8inou7na5Y0Zz6RhUrW7dQXyjsT6nJ+Fk6"},"senderMessageKeys":[]}]