[{"senderKeyId":809579466,"senderChainKey":{"iteration":4,"seed":"CTfAErJfMqZDGGn1Ad97t6XjUKxt31Zxb+2YipxR1f8="},"senderSigningKey":{"public":"BfSk5hytdH3tf2E9qAhXTPAyq7AS7X77rHR5yHXmhVUb"},"senderMessageKeys":[{}]},{"senderKeyId":516076321,"senderChainKey":{"iteration":3,"seed":"/6LH4PRU1zZFvXOcUx4BN4UzxmGLLRzExr9eVGmXcLk="},"senderSigningKey":{"public":"BTPzneZgAWSOImtkhNhf9PWl72/YKOjfnewMUL5hPW9Q"},"senderMessageKeys":[]},{"senderKeyId":1634657420,"senderChainKey":{"iteration":1,"seed":"hKXfji33OhAmDGB3OUB7CnBtvFKTH3TWogDAUGSf3to="},"senderSigningKey":{"public":"BdBFLfppmu9G4tiy3XizuCGfHRP3FdMFsROG7TwwrF57"},"senderMessageKeys":[]}]