[{"senderKeyId":227083932,"senderChainKey":{"iteration":1,"seed":"jG+Y2t2II+8DpkqB6Iq3UEKV5bSE+yqAcAw7XS+3lMc="},"senderSigningKey":{"public":"BQRiyAQ+d0LEgk5gJrBdyZAjurBoP2wrf0XFXOYpnrlY"},"senderMessageKeys":[]},{"senderKeyId":1771087478,"senderChainKey":{"iteration":5,"seed":"bW3nZ0STxZ9QXM7m0DhhZSZcET/fkr/APFNTB0UvEfE="},"senderSigningKey":{"public":"BWHLqvnUR3uCXoydBrCWhD5Ki2bvBncvDft0YZ2xyQAT"},"senderMessageKeys":[]},{"senderKeyId":1398510940,"senderChainKey":{"iteration":4,"seed":"rI6do9gqhj7MJKwoaE9TjXMy30CkRqhGbJEDVCacd94="},"senderSigningKey":{"public":"BcxbuL/hATwnJGpR3GAyeJycRbl53UQB/N95wQcM07Yr"},"senderMessageKeys":[]},{"senderKeyId":1075084574,"senderChainKey":{"iteration":4,"seed":"ifj1UTBwtT+9NX9MyF8Ga20wAFM15wqf7gqclJXeZCo="},"senderSigningKey":{"public":"BYQiB9KCCluJA4lYxnv7IUCJg5t9CRbWYpTDaGxi01ko"},"senderMessageKeys":[]},{"senderKeyId":1676721329,"senderChainKey":{"iteration":6,"seed":"7cEV43Mj/YenjhXJ2JYLxyu/yo6QKNQjJMGL3XhR9ns="},"senderSigningKey":{"public":"BUF7rbTkyT+gdxLHrAjW+cFmvnqI9Re+XOOO8VTmZfIv"},"senderMessageKeys":[]},{"senderKeyId":1595700850,"senderChainKey":{"iteration":2,"seed":"+kII+ZUfI7k4e5cjBNTumIbatmj6i7WGyBgzt8/Wj+s="},"senderSigningKey":{"public":"Bbsb9+QlTf8aud0NSGf6Jp1MSKAp+ScrHCkLpilAbOp2"},"senderMessageKeys":[]}]