[{"senderKeyId":1081662568,"senderChainKey":{"iteration":2,"seed":"zcFh4xRLZhB1Yv6BK5XiCZw7eRjPQT3ynN1Cizo4I0A="},"senderSigningKey":{"public":"BX2m2pchdqZVHBRFTbFTRKanGZq5KbxNkH2HVM+Ji70P"},"senderMessageKeys":[]},{"senderKeyId":380905637,"senderChainKey":{"iteration":16,"seed":"h8bhOErh192rMF80PLVwXj+RTw431YuvgduTMjK78zk="},"senderSigningKey":{"public":"BVc+xNbVPDqjPWgD6iG5zekeXynBOYCMBfKqqzIr1k13"},"senderMessageKeys":[]},{"senderKeyId":289800796,"senderChainKey":{"iteration":2,"seed":"YpjnTtkWegP2gLX5vV7Ys4yudbEstfvuiOqy1HKwbPI="},"senderSigningKey":{"public":"BcqFQluy8g5JCsT242gIC0h1WcrXuFki55E/9A8n2+ER"},"senderMessageKeys":[]},{"senderKeyId":297342833,"senderChainKey":{"iteration":5,"seed":"81OHOWkDrmuwuiRvFPq6lzWbhBsJVrTnI7hrGzFkWyE="},"senderSigningKey":{"public":"BRqtdbaDYABd17q92Y6gPzMXxpN+2uMrg5Yjd3ze59QZ"},"senderMessageKeys":[]},{"senderKeyId":1178998965,"senderChainKey":{"iteration":6,"seed":"cvUFxd2bS4JhRekmCQMf8DJqEzoe4A6MZir53aBgayk="},"senderSigningKey":{"public":"BalnH3cOPnlisKiRiv0reqKdVLCcUFMbA8uGHRu/RtAG"},"senderMessageKeys":[]}]