[{"senderKeyId":1372865158,"senderChainKey":{"iteration":31,"seed":"0EBUA+4TlIwUvDYH3n0DcOloDJ3epts8jNpOHzeCIFY="},"senderSigningKey":{"public":"BQ7b/jKGUI3l4/xkrlsB+7021SUa644M5pelEBNtZA4/"},"senderMessageKeys":[]},{"senderKeyId":638401855,"senderChainKey":{"iteration":6,"seed":"DIiTBF0ZA6djJy98/Ekpwf3ycmgkNoIdx+V2HpYWmzk="},"senderSigningKey":{"public":"BW34lv8aUbr7vKhddzakyxicc9Oe96BEfHOSQxYZhAUp"},"senderMessageKeys":[]},{"senderKeyId":320172106,"senderChainKey":{"iteration":2,"seed":"zveckY8mCsyqhLSiTvmBuVpNT48ZGFJeBfDW5Dw6EJM="},"senderSigningKey":{"public":"BUOvbsWsMe1cb9f3xXCXikmA9snQ0KK+StmaW3LvoPQ1"},"senderMessageKeys":[]},{"senderKeyId":1124352310,"senderChainKey":{"iteration":1,"seed":"s7pr8/epx7dc0n/Z4rGgQRVhiWpqIdIoPeiozL9UX+k="},"senderSigningKey":{"public":"BXT1sl/ZdyMTAMcgnuQwRkX+ntoDuvhvIxnzTBBPT/hT"},"senderMessageKeys":[]}]