[{"senderKeyId":177003081,"senderChainKey":{"iteration":6,"seed":"PKhNzkasYDAD7RUMSKXcZXts5/5Rg/+3y1CUuwFcEn0="},"senderSigningKey":{"public":"BZDSW9+8NZ28BYMrs4lGOWGYswMC2PMPbu9WMlFI19Q5"},"senderMessageKeys":[]},{"senderKeyId":366105729,"senderChainKey":{"iteration":1,"seed":"R61gF4ZNnpp8G/Cy2M5V/DkH559UaXaQbURYZPL8j00="},"senderSigningKey":{"public":"BTD1N1i7cpYzqdfCXiZUccAfEz+q0wEcwGWfuOWD32Ry"},"senderMessageKeys":[]},{"senderKeyId":1975139258,"senderChainKey":{"iteration":1,"seed":"5/zT15eluKXhnt4nrJhlLMcwYOoBd9u96P/A5AimpEI="},"senderSigningKey":{"public":"BTQVJP6ugWe7pc5Fv0gBWk7UqjiJV8cjyfuce9a9XqsZ"},"senderMessageKeys":[]},{"senderKeyId":1804740344,"senderChainKey":{"iteration":1,"seed":"7lL2lXTebEAeNg3zKLKsOV+62YBpxW7ctIRdSRT+vQ8="},"senderSigningKey":{"public":"Bdmj/O1t6iLHhAV8X23ZSmm7P6/MIOHVr3xxQZ5HVM9q"},"senderMessageKeys":[]}]