[{"senderKeyId":580112436,"senderChainKey":{"iteration":3,"seed":"fYNTaQoROs8+ByPSBEp9q97147pqJ33BBN1ZYjHSg10="},"senderSigningKey":{"public":"BZoQkkDbgphpFumUIDcTMyNXuiitYoydHR0Dcmm90PFq"},"senderMessageKeys":[]},{"senderKeyId":1307127088,"senderChainKey":{"iteration":7,"seed":"Y/z9lA4EtPJFQjXxXb2qxLLfgl4Dbtmq80dm6Xp5H8M="},"senderSigningKey":{"public":"BWMi39dhiSbx1nGIm8WiUn+RNS3V9BnbUT+V4qAUuelm"},"senderMessageKeys":[]},{"senderKeyId":1307127088,"senderChainKey":{"iteration":2,"seed":"u/xzDCdC4+7KVaSieg+/+VuKV6XomAdT7zqpVD4B2ac="},"senderSigningKey":{"public":"BWMi39dhiSbx1nGIm8WiUn+RNS3V9BnbUT+V4qAUuelm"},"senderMessageKeys":[]}]