[{"senderKeyId":1778627175,"senderChainKey":{"iteration":7,"seed":"2JuqSZXm87sxac2tUUB51Wd5PeHytUcNqiEmsVODW6U="},"senderSigningKey":{"public":"BWXDzdn3bMAIe9hIwPR4x3oNbOvCuxN0qspKz9hT8qIh"},"senderMessageKeys":[]},{"senderKeyId":1778627175,"senderChainKey":{"iteration":2,"seed":"OQr/Qf+xf4013oMkn2NeOwWvY362boiRDPvUrG+b2M8="},"senderSigningKey":{"public":"BWXDzdn3bMAIe9hIwPR4x3oNbOvCuxN0qspKz9hT8qIh"},"senderMessageKeys":[]},{"senderKeyId":1090658288,"senderChainKey":{"iteration":2,"seed":"ERqJZcm7X9fHkPwojMNLlUUyezPHwroom3LVkt/Tp8Q="},"senderSigningKey":{"public":"BaRnSsrLjSK6ZyJ0v9qQHmrtji5SRrp0EBD5RVpmchJG"},"senderMessageKeys":[]},{"senderKeyId":1077381409,"senderChainKey":{"iteration":1,"seed":"JkavVe3TqaVDOjTBIOwU04tIt6g+nfybVGJVbz8twrU="},"senderSigningKey":{"public":"BUGqeuFZL7peKq5QWnV1NnA9e4fftbRdgaDW0aavg2pk"},"senderMessageKeys":[]},{"senderKeyId":543683821,"senderChainKey":{"iteration":2,"seed":"Ohy8zcqNHafN5PLzhCqpkwDlDhP3zI5UMhsVBJ0d6U4="},"senderSigningKey":{"public":"BZ1Cyc8vdxYT/t543c6PqtBqpEgZwy/TpTtJVEcudMJ5"},"senderMessageKeys":[]}]