[{"senderKeyId":729948032,"senderChainKey":{"iteration":5,"seed":"wqr7fs+3JuiFnYfCw8TO3FbpnqCn8NXBpuDCbD7DgUw="},"senderSigningKey":{"public":"Bc2ppSTDGSPWeLRjycEMsyzAkNWYYrRU8tzO6M7dUEk7"},"senderMessageKeys":[]},{"senderKeyId":1773743038,"senderChainKey":{"iteration":1,"seed":"IeCoK5oqKZXm+8GNUd/Yf6/rcpAvVVfh4O8NivifAd4="},"senderSigningKey":{"public":"BSMHQ/uHF+mxplNxmC/MwQCCR28EOcjzjw3epvAE6tk7"},"senderMessageKeys":[]},{"senderKeyId":577209574,"senderChainKey":{"iteration":3,"seed":"6tv637NrEaa4auy2FrJas7BPDKqJ5BvVcjm8MtZq9mU="},"senderSigningKey":{"public":"Bbz8VuzIcKndbbgW5PPj4EwjyE1N/GEh2cRUhCaqK9Uo"},"senderMessageKeys":[]},{"senderKeyId":946458249,"senderChainKey":{"iteration":1,"seed":"Ztr9k2igLZ0ENVrs0JNxbH7FZ2bDtb0323xSKmCYSuQ="},"senderSigningKey":{"public":"BW+1qEDefr953iWiM0Sp8mHWPUPd1H/N8EzmWgyj6rYK"},"senderMessageKeys":[]},{"senderKeyId":1000032517,"senderChainKey":{"iteration":1,"seed":"Fx114AG/4ui6AUhiVvU6gSK1fmYY52meiqoSKFPvoFw="},"senderSigningKey":{"public":"BexETaPsOZo5Jlot1Mc3rLhNbqjGu8WLEdg0DW13VXp1"},"senderMessageKeys":[]},{"senderKeyId":1020870076,"senderChainKey":{"iteration":2,"seed":"KlK4pOSkFoiV5rgt1/flSN6NX5Ygy/BXfSmPGEOrGzk="},"senderSigningKey":{"public":"Bbwg7immLyXeQURi2HT/7iAUHis4209UNgxnrVaN17gB"},"senderMessageKeys":[]},{"senderKeyId":1020870076,"senderChainKey":{"iteration":1,"seed":"HTUEMfCGxHn/Dnjp7Rr2neTVyY9u0r4oapNbxB5O/qU="},"senderSigningKey":{"public":"Bbwg7immLyXeQURi2HT/7iAUHis4209UNgxnrVaN17gB"},"senderMessageKeys":[]}]