[{"senderKeyId":889718601,"senderChainKey":{"iteration":1,"seed":"aZJXvLK+Ju33+M1ZEJHIthvw/WxMKYzmWFfrxcIM7VI="},"senderSigningKey":{"public":"BdTHuXmB1c2FSYkiivL0oDGcyHHL0Lbi8/79QGZlbxMV"},"senderMessageKeys":[]},{"senderKeyId":1494030638,"senderChainKey":{"iteration":2,"seed":"1RDe0h6yd3OFCzTCGfIZSL5TrC0os7GFDr8ZzbK1LqM="},"senderSigningKey":{"public":"BVBbOvtYt8OtiuVXq3Hak6gWvQl6iZJv1kQyrB6KEUJ+"},"senderMessageKeys":[]},{"senderKeyId":1275493473,"senderChainKey":{"iteration":15,"seed":"50k22ahJ98bzyZ0KkrIUo6QyJMs+5ceZ+Do1COcY8tw="},"senderSigningKey":{"public":"BYci5GUmWrDjnTo4dOhOoaX/IKUUahkQrqNCmiUvvJZe"},"senderMessageKeys":[]},{"senderKeyId":918535865,"senderChainKey":{"iteration":2,"seed":"Dp7aWiLbwCjatvGZ9F0rUPKBkJsEHAh8SZ8bNIpPzKs="},"senderSigningKey":{"public":"BZsrErnmzFYPniYc+1rvlTxbh49/prHZDc0taHmkmEE/"},"senderMessageKeys":[]},{"senderKeyId":1280315688,"senderChainKey":{"iteration":1,"seed":"nEil2eWRdGuNXF4p8JvWYnN5Ix2pxY8tZeEQMQi21L8="},"senderSigningKey":{"public":"BQ5wg33zWChHg624Xn+GrKujFv3N+F2K+OVMGN3bAT1O"},"senderMessageKeys":[]},{"senderKeyId":812445911,"senderChainKey":{"iteration":6,"seed":"teTTUUBzwyWw3IVPxmFNWoZ38izZOTA6KwM0+/cY41g="},"senderSigningKey":{"public":"BRYrSAObhBlm/4Rfj7TR2w0JgsUaemFVKY6iVvl+WUxi"},"senderMessageKeys":[]}]