[{"senderKeyId":1397293645,"senderChainKey":{"iteration":9,"seed":"Eh0mwzH6gmkB/sPe9aG7MwbBksUXkInmB9LuksSbl2Q="},"senderSigningKey":{"public":"BZEtsgzaMG0IjZu3Ok085Sn4sMgnxV7DxkHLTccMwUkM"},"senderMessageKeys":[]},{"senderKeyId":2047792300,"senderChainKey":{"iteration":1,"seed":"Btp3ie/o/LqY9FIBuWY1JGmeyYPoDkRJWWhokSODQEQ="},"senderSigningKey":{"public":"BfhZv1liyy97lLFWeTnZBnYbHKwHPwO0mQEQRRTgdX9F"},"senderMessageKeys":[]},{"senderKeyId":1858975683,"senderChainKey":{"iteration":2,"seed":"8ifZEE7MhG1FJ1kBb0pJzvjaqDlSUm1lieYEjUCK32w="},"senderSigningKey":{"public":"BY9OscCiRqZVPeGw285VCCiKA+l5mgzy/AgoKBVkIqVH"},"senderMessageKeys":[]},{"senderKeyId":1334550666,"senderChainKey":{"iteration":3,"seed":"sVAdX1oKvnMejGML+GV3SbLDUwcDKfI6ZqwwftNqZvc="},"senderSigningKey":{"public":"BTAq3ZdA31YVBHx5aNMV6cuRDiyZJ7IIK0v6Mb70pXgU"},"senderMessageKeys":[]}]