[{"senderKeyId":1685055787,"senderChainKey":{"iteration":4,"seed":"BrYWgBeRoe2PbtYuLLArhCInvZGlw2lBUCdVvFrYWoE="},"senderSigningKey":{"public":"Bdqx3C+kW2cqxmIL/S6n0pcU2Rf9ZwRhqyr8YkMYnmlV"},"senderMessageKeys":[]},{"senderKeyId":27516550,"senderChainKey":{"iteration":36,"seed":"cHNFcFNJGSt83+F+V1CHs4lF6k7AIJRMbSd8U6Km9EY="},"senderSigningKey":{"public":"BWbC5BhD4vtDC7YNXGKMq71IWhzeXIljKazdBu9r8j9y"},"senderMessageKeys":[]},{"senderKeyId":2020829186,"senderChainKey":{"iteration":199,"seed":"CbwjNo+fpOximuvsEc53hHfryihwxLZhmiHOxN24l4k="},"senderSigningKey":{"public":"BbzonYo8S9p5iO512AzRk0EeYJskg4Vc87NSishMttwr"},"senderMessageKeys":[]}]