[{"senderKeyId":1963571614,"senderChainKey":{"iteration":20,"seed":"LDQsDFbvcdRE/O2HjLVgO3oH0FFSz2RiLzrTgNO+jRI="},"senderSigningKey":{"public":"BZXZNhsuZ1eB51PholDIcIF+NRdX9wMhk6dOA239Ht8G"},"senderMessageKeys":[]},{"senderKeyId":48107459,"senderChainKey":{"iteration":3,"seed":"G1vCf9slWszmOSpQoqAhgyIupFXmQz/t94QXWfGaMTE="},"senderSigningKey":{"public":"BTwE2zyhl5U2jJxljOhbbXDOLFIHMsKoMHcl6krvU4Ec"},"senderMessageKeys":[]},{"senderKeyId":1924789045,"senderChainKey":{"iteration":13,"seed":"tDiqtf+brDL8g4HDwRM3n7DL438nEAjVo2pR6XDtcfo="},"senderSigningKey":{"public":"BWjzJwaOrIFoAwRL5Y1Qt6iLG/czb6xPK373NriMd0ZM"},"senderMessageKeys":[]},{"senderKeyId":1308159137,"senderChainKey":{"iteration":25,"seed":"26tg28Pdxo8KNn5GTayjTCYjG/7n48SnH6s3AMgnYC0="},"senderSigningKey":{"public":"BY0zcn9wxEWFLrzaqI5dnFLoTDakbEN9QCyPrQ8hdlN5"},"senderMessageKeys":[]},{"senderKeyId":1661732206,"senderChainKey":{"iteration":2,"seed":"YHbFVDCek2RoOeOjxN9+j4kBrjMovpwLjGxTJVzRd/0="},"senderSigningKey":{"public":"BRadFHtmzeIkNWhG4p7DJnwzyXkUZLNlhqyoiLE0oxgr"},"senderMessageKeys":[]},{"senderKeyId":1141208136,"senderChainKey":{"iteration":9,"seed":"8OrNcK9qsTFl/uLdjN1K9IyQX2Z50v/FYJOztVLTYY8="},"senderSigningKey":{"public":"BRZd4S5xOz0t4wRIYngq03ZTjJGYRTlzSiSuP+Xroksv"},"senderMessageKeys":[]},{"senderKeyId":1486303405,"senderChainKey":{"iteration":1,"seed":"rCjiX8Y4XGd8tsUF8Y+ED9ZHE1Jmq7i7VhemiYpopf4="},"senderSigningKey":{"public":"BXpwHJaxXkGp8gqln4Q8M1XeDNTW9KM0UQqffEtMLGQN"},"senderMessageKeys":[]},{"senderKeyId":1758881429,"senderChainKey":{"iteration":33,"seed":"z0Ek8MZAEgShmQ1P7WMgSdrf9s0Ts34G3mVqbK4OM4k="},"senderSigningKey":{"public":"BSo4yP0CWi9SdQYTTfC43NAuF9JR1iE7hfmBu2tGMvdY"},"senderMessageKeys":[]},{"senderKeyId":1758881429,"senderChainKey":{"iteration":2,"seed":"kN8Gym4xoicXIQwz+cDY2e6+newO04oiv44IY9JW8TM="},"senderSigningKey":{"public":"BSo4yP0CWi9SdQYTTfC43NAuF9JR1iE7hfmBu2tGMvdY"},"senderMessageKeys":[]},{"senderKeyId":1758881429,"senderChainKey":{"iteration":25,"seed":"YdI+IB+mTLFswoRXOVPgKCZOf8fiZwUMj2WWyRVCEG4="},"senderSigningKey":{"public":"BSo4yP0CWi9SdQYTTfC43NAuF9JR1iE7hfmBu2tGMvdY"},"senderMessageKeys":[]},{"senderKeyId":830045601,"senderChainKey":{"iteration":6,"seed":"wM1i+PiGUu6sP32Dtr9oeS8DjbUgVh/jJDHhrS8PEgY="},"senderSigningKey":{"public":"Bbpq2bWGsEguRt47EzSyXJUr204Tv3eNcidv8QyTHuAA"},"senderMessageKeys":[]},{"senderKeyId":1497673500,"senderChainKey":{"iteration":3,"seed":"fiAis5wIoU/teHYcXPX7poIC/zfbnuJHPmvveoW/OGA="},"senderSigningKey":{"public":"BZ1nCE0JnJ9JEzFfJsXnB80WPl05S3dp6OCOD+EC18gb"},"senderMessageKeys":[]},{"senderKeyId":1274803221,"senderChainKey":{"iteration":4,"seed":"f3wgnB775VtzXJG11WfFlet1aMLgm45uYr30LHGgKbY="},"senderSigningKey":{"public":"BXdrtEevd4IYkrBZZTdDWsY5ymofTPPQvMy3WpuxZ7M1"},"senderMessageKeys":[]},{"senderKeyId":1257929823,"senderChainKey":{"iteration":18,"seed":"EeEo+vyYd0TxyY/vjZKnav5ThKUN2KDwDZEjsCFwkks="},"senderSigningKey":{"public":"Ba1R3vvEXEiL8C6JUTWx6doXgT69+ZsKmAeHJwzrI9U/"},"senderMessageKeys":[{}]},{"senderKeyId":472113930,"senderChainKey":{"iteration":10,"seed":"j09DqJAXKKoETvt/C1ImX3EkJsG0h7NSWBruyveWo3U="},"senderSigningKey":{"public":"BYWKogMr1TQt9EqJkg5KQFKut/BZoy8CzAzId15XCnRb"},"senderMessageKeys":[]},{"senderKeyId":472113930,"senderChainKey":{"iteration":3,"seed":"dUN2oxiA+gzvqRnkggN1Hc9Kx2UtYz3/xfXiobAhAw8="},"senderSigningKey":{"public":"BYWKogMr1TQt9EqJkg5KQFKut/BZoy8CzAzId15XCnRb"},"senderMessageKeys":[]},{"senderKeyId":472113930,"senderChainKey":{"iteration":5,"seed":"vy83SlSYeMeTz8aCqHmozA6O4vVkTnWHa1MeOAdRu/o="},"senderSigningKey":{"public":"BYWKogMr1TQt9EqJkg5KQFKut/BZoy8CzAzId15XCnRb"},"senderMessageKeys":[]}]