[{"senderKeyId":628549445,"senderChainKey":{"iteration":40,"seed":"Ug3NJXTZadaIu6/j3/8bMcCK//mTCKtrHxP4u4cL3BA="},"senderSigningKey":{"public":"BVoQ+GG+NI5nn3E5jIah431PWzsxKDheoXUTIFsNtO1m"},"senderMessageKeys":[{}]},{"senderKeyId":98800955,"senderChainKey":{"iteration":6,"seed":"VqLNEGqCGjUhccDZM3SySeYEd7u0K3H2tBVQ+tWOUpE="},"senderSigningKey":{"public":"BR8HIDjrGwzSNeFvjbqHRfuFMlsQzzcoprlOLFusLzMA"},"senderMessageKeys":[]},{"senderKeyId":143760754,"senderChainKey":{"iteration":2,"seed":"iPmYe9P72/Qh5ueFcLuF+SLO+CmByHfBGSz95iIh1LE="},"senderSigningKey":{"public":"BTJs5N4pbwpQL5byh+NQqaXQM7GL2Ihe2oat7opkS313"},"senderMessageKeys":[]},{"senderKeyId":1894776888,"senderChainKey":{"iteration":1,"seed":"8MD1nSYMfULvussfEHD6LXR03ctOQcXt5ltTyKAOhWs="},"senderSigningKey":{"public":"BZg3yPag0f0tW8GpchFyUCOC0Gj24F8sRWeLNnPk4FtQ"},"senderMessageKeys":[]}]