[{"senderKeyId":694488224,"senderChainKey":{"iteration":17,"seed":"Hphj7WQgINz1cazUA587BPjFWQN1hrR62poEra9cBUY="},"senderSigningKey":{"public":"BdhG1KE0WQt24xElmjgWfQocHyLm3dpN/6MnDpqLhZVG"},"senderMessageKeys":[]},{"senderKeyId":694488224,"senderChainKey":{"iteration":0,"seed":"k7vcmOODHRU4oAAVkL0Obis0wwVrSFvet5c1fOxMJCE="},"senderSigningKey":{"public":"BdhG1KE0WQt24xElmjgWfQocHyLm3dpN/6MnDpqLhZVG"},"senderMessageKeys":[]},{"senderKeyId":694488224,"senderChainKey":{"iteration":1,"seed":"w7R2BvNpGCrPR2Mac0uXvVVtiQb/sLYSuzEkgwtZuv0="},"senderSigningKey":{"public":"BdhG1KE0WQt24xElmjgWfQocHyLm3dpN/6MnDpqLhZVG"},"senderMessageKeys":[]}]