[{"senderKeyId":1255665502,"senderChainKey":{"iteration":8,"seed":"1ROos6OuIqIkLt5NJT+xKRwDkgys8lQmUt+ceUh92K0="},"senderSigningKey":{"public":"BaKEXCnSy/6T8bb9VuHhHAIEOiuj/GHxsVD8i4HacOIa"},"senderMessageKeys":[]},{"senderKeyId":1597918420,"senderChainKey":{"iteration":1,"seed":"mF/+5SK94aGQD0Ucc5UHFJiCL+J8SOPtoKZ91BaQYHo="},"senderSigningKey":{"public":"BagUzQkb5x7myrAZ9AaL6KWu9AX5Sy42nUKp95UFFGhw"},"senderMessageKeys":[]},{"senderKeyId":1725997046,"senderChainKey":{"iteration":1,"seed":"+c9HEItRI7qQzdfknA8C61Jf3jg6rKJEmrxNPQIXq5U="},"senderSigningKey":{"public":"BbuBxe5nc0xB8XNEFTt4zuNmQHGvxg2LK/F5kXRVQhJL"},"senderMessageKeys":[]},{"senderKeyId":1907252545,"senderChainKey":{"iteration":1,"seed":"Bb0S85lwvMjiAXIvADk8Jk79fsBbIUGC8xG8Hoeil0Q="},"senderSigningKey":{"public":"Be+3UOGobyIng9kvzL4SLu/6Zlr69Yzpnu9lUYbZqy4y"},"senderMessageKeys":[]},{"senderKeyId":1867340068,"senderChainKey":{"iteration":14,"seed":"v9E0xGq+60U1Qxh8nDnGssk9TOeEAHsOn5mFOKDgEWw="},"senderSigningKey":{"public":"BYTYqltlJ+H+eH/4C8thHREnx3JZJ+99BBz4abmKlz98"},"senderMessageKeys":[]},{"senderKeyId":1867340068,"senderChainKey":{"iteration":9,"seed":"ynGDWYLkV84RJ215AD8KvPs9ntkOalaRXeDiKdKlM4o="},"senderSigningKey":{"public":"BYTYqltlJ+H+eH/4C8thHREnx3JZJ+99BBz4abmKlz98"},"senderMessageKeys":[]},{"senderKeyId":1009297,"senderChainKey":{"iteration":3,"seed":"vgm6FNBcV78OSGZwoAIczolSUgNJpeE/nlM8KoLVXvk="},"senderSigningKey":{"public":"BQ0UE3pvobEqc1BrwlerKcr7k/dKVsAxS090QYUnu6dO"},"senderMessageKeys":[]},{"senderKeyId":1758230823,"senderChainKey":{"iteration":12,"seed":"N/yHQ+jfaaOGwqGYGvo4P3zc+B7w8jaKv2bD/mDn6Wo="},"senderSigningKey":{"public":"BQSyDTzn4HBT88vL+glUC/29yfnjRngejtXjclHCB/Qq"},"senderMessageKeys":[]}]