[{"senderKeyId":996321655,"senderChainKey":{"iteration":1,"seed":"2q+Cb1jZIE2OhRkUl4JSk3F5JxkJ+uZZAQBVR0mlTZY="},"senderSigningKey":{"public":"BQNFGmosg3FSrIJxCkUN2gv7msBJc6k947eAwErVrSxV"},"senderMessageKeys":[]},{"senderKeyId":1712989085,"senderChainKey":{"iteration":4,"seed":"3vdJ5tj8yTH49pzavm0FzB+ztAYBb7U3FiwNs3yNuqw="},"senderSigningKey":{"public":"Bfhn/To3Dl5Reb2YTXMBZgij4asWENsIHMQxsyrY0WkJ"},"senderMessageKeys":[]},{"senderKeyId":80159866,"senderChainKey":{"iteration":1,"seed":"xjEayP3pwHdIYudNksFKtyw4lJAO+T0RTluyqA9PIR4="},"senderSigningKey":{"public":"BVaIAAZB/BqkEIZfUEg7Rr1rbTI0J/mciXf2uFhCzOkj"},"senderMessageKeys":[]},{"senderKeyId":27019228,"senderChainKey":{"iteration":1,"seed":"Ez49EykdzK2C7T2OqO93b7YnCPvycf3KCAuD5XUtJLA="},"senderSigningKey":{"public":"BRirP6aR2+1UggElFURAxFsCg/ZyaG5NrHg9m8umcu8L"},"senderMessageKeys":[]},{"senderKeyId":157734064,"senderChainKey":{"iteration":3,"seed":"FHCrI0MmUBEbdhnjkR7k/5U6vRMccmCf5ivBBnRg4/Q="},"senderSigningKey":{"public":"BYe9T7R87YVYeJ1bmRPkpRl7wUt4XJ3mxrWNkr2Vh9c2"},"senderMessageKeys":[]}]