[{"senderKeyId":545293953,"senderChainKey":{"iteration":6,"seed":"qOSZSyabmKhTrKNSWyCdE85BTLc4nnM49CyhLJNcJag="},"senderSigningKey":{"public":"BUx/gPVk7eawXU1uqBlvc0A/taO2P1c/jdvCov2frZB0"},"senderMessageKeys":[]},{"senderKeyId":342092384,"senderChainKey":{"iteration":5,"seed":"YRtSSncX1zvgFySBoD1eywYQHXm/uCQte8U5HtkVH3E="},"senderSigningKey":{"public":"BWQYUfT4JHPvrr+0kaIWFeCbFsO37YbLUbQdGTkk+WpH"},"senderMessageKeys":[]},{"senderKeyId":342092384,"senderChainKey":{"iteration":2,"seed":"wfoslz4aRXaVjppRVn1ZFlnv1ycAzAreMAxps1ZzaQ4="},"senderSigningKey":{"public":"BWQYUfT4JHPvrr+0kaIWFeCbFsO37YbLUbQdGTkk+WpH"},"senderMessageKeys":[]},{"senderKeyId":1062379986,"senderChainKey":{"iteration":1,"seed":"rib6HwYeNCm2S8wjljyTf3YhFMtgPqoMp4vzIc/S088="},"senderSigningKey":{"public":"BS/FyYrI5R07Hu8SRJpm+87wBvdZ+MA3wftjENydeUYu"},"senderMessageKeys":[]},{"senderKeyId":869389898,"senderChainKey":{"iteration":8,"seed":"BQcnvi9HHjqKQVNJ8cDkMAIP6iMefB1cuGGSyDhFa3E="},"senderSigningKey":{"public":"BcSkEDjKD9V+Nq5ax5uhSclqEAFfsAH9A/evv3S+uucg"},"senderMessageKeys":[]},{"senderKeyId":869389898,"senderChainKey":{"iteration":7,"seed":"GigbQVuDr0jUO+KJl77q4dYpviGbsla+eFY3aA2iM3A="},"senderSigningKey":{"public":"BcSkEDjKD9V+Nq5ax5uhSclqEAFfsAH9A/evv3S+uucg"},"senderMessageKeys":[]}]