[{"senderKeyId":1689269683,"senderChainKey":{"iteration":26,"seed":"thA4cNszSaNsfATz3I53gtQLhBvoQ1lpSEqur3LBKvM="},"senderSigningKey":{"public":"BbnJD3UAevKmT2I+5QRKaFCA3/HeThkUf8uDRbGr8lFz"},"senderMessageKeys":[]},{"senderKeyId":1613770467,"senderChainKey":{"iteration":4,"seed":"5k4kej1d5ZEq0xx096murGAEE6qAvTtbL5Xwc6susRE="},"senderSigningKey":{"public":"BdYowMfJS3i3pzxHaVqixB9lAPgbT1n7DSDRD2+aofxW"},"senderMessageKeys":[]},{"senderKeyId":1025802263,"senderChainKey":{"iteration":9,"seed":"t2T33qDvbF6TZ5+miy2YT+6qXkqzJPBs9L7WLcPlVX8="},"senderSigningKey":{"public":"BaaJqY050UjknyK65btiDzblrj8K8Rtqp/ydJO+Gr0VY"},"senderMessageKeys":[]}]