[{"senderKeyId":1329906840,"senderChainKey":{"iteration":43,"seed":"DKQum/uF44e/B81csbESFEJkoiBG3x+bjanQAianS4c="},"senderSigningKey":{"public":"Bfh1SBcc6Y1sy6Plsj1zSPNVEtCXX/a5bXIqNgogH8UV"},"senderMessageKeys":[]},{"senderKeyId":838011124,"senderChainKey":{"iteration":9,"seed":"TVnnHpoh2WxhKeEcsjlR7P3As1Aw0vG3X8WOFiCY8T4="},"senderSigningKey":{"public":"BaENuJImg0nYJmbAYERSMYF+XoARBfLcGHeqq0lg6GUC"},"senderMessageKeys":[]},{"senderKeyId":682330171,"senderChainKey":{"iteration":8,"seed":"0UJ3jCJSOzj6DibIGkSult4BIvjNxJUTF/24JhitQlw="},"senderSigningKey":{"public":"BcpDjJVdGM+Dw69gNA6ZD7e6fbUc2FAhGghsnbSxmYNH"},"senderMessageKeys":[]},{"senderKeyId":738219894,"senderChainKey":{"iteration":2,"seed":"5LWjKZQ71n3AfwTmsOTHku3Sffg0VL4ewfgQlQmbeCA="},"senderSigningKey":{"public":"BamfjdKe/YOcZM3v8L3fdT0Hloso+ujO/fEK3OO1RHlM"},"senderMessageKeys":[]},{"senderKeyId":1037949772,"senderChainKey":{"iteration":4,"seed":"23HSIPq7AA4ruDskJTzODaGdm/dHGKXSnTKVJ5Awr20="},"senderSigningKey":{"public":"BQpGZeZUeM81ZDEGmFrbUFzuhdbM6VjQ+eliRJ8IGTwQ"},"senderMessageKeys":[]},{"senderKeyId":1597486256,"senderChainKey":{"iteration":1,"seed":"QH0F/r71HGSLosBD4xiwMaCubiDKnYJMrr4+S/YAudk="},"senderSigningKey":{"public":"BT1fgoq/5fviwd+CN+kR7SmamLe+qCh12cDvPBSiY7Nu"},"senderMessageKeys":[]},{"senderKeyId":382876513,"senderChainKey":{"iteration":6,"seed":"wNrDWuuRowjsxTNifhNoFhkZw7/+leKTRd427EBHung="},"senderSigningKey":{"public":"BebVOGDiGpUmp0CLIiaibmVSDLR5Ac+5phW2yfzObSYn"},"senderMessageKeys":[]},{"senderKeyId":2096593173,"senderChainKey":{"iteration":3,"seed":"9D9m0u1KO6bTocrBcSDAss7qgw+C5FcP8Tx1G95qcGU="},"senderSigningKey":{"public":"Bdf+KlyFvkyXP2Zw7AwnFqoymmb/RHm9Nd42qXHm/9R/"},"senderMessageKeys":[]},{"senderKeyId":1306923987,"senderChainKey":{"iteration":2,"seed":"tFPqscxyQIXlm+DY0afQsGpa2Xx6m2Wao3nXtTcNcno="},"senderSigningKey":{"public":"BcqYsOEyik/33nJ7LVNkTBDsycMZO+QdjhehK2rA/dMv"},"senderMessageKeys":[]},{"senderKeyId":1709502274,"senderChainKey":{"iteration":18,"seed":"Itkptnwy4634GbHjyt0qp3DziZQLHnSYxk3ejgY4FCM="},"senderSigningKey":{"public":"BSe/LIW9Du8sUI15gVJ6LXVDGdw8XgD3kEZ2QH8WrGtI"},"senderMessageKeys":[]},{"senderKeyId":962318901,"senderChainKey":{"iteration":5,"seed":"g4VjwYXzH200AtVcm6JTMKPWqklxOerrZeLT+gkuCsw="},"senderSigningKey":{"public":"BTXxTVuDojmhTRgG8Me0odXS3cMHM8kDS0M8qFihi5Jg"},"senderMessageKeys":[]},{"senderKeyId":962318901,"senderChainKey":{"iteration":1,"seed":"0nUyzd/tBeFYTk9oh0Kz4ADcNIK6qcjn6Xvi/3aLrms="},"senderSigningKey":{"public":"BTXxTVuDojmhTRgG8Me0odXS3cMHM8kDS0M8qFihi5Jg"},"senderMessageKeys":[]}]