[{"senderKeyId":459576898,"senderChainKey":{"iteration":25,"seed":"YTuLUqMppI08Fbi/CHJ+hAunHhp5DTu8GemaJSwtyRM="},"senderSigningKey":{"public":"BUR1g3RFmlz2Fmo2pEy5R1hQr1UQJNwR2syu2/CzDxly"},"senderMessageKeys":[]},{"senderKeyId":885214199,"senderChainKey":{"iteration":7,"seed":"4S/YC418ie3jR+TwaD1xd1Z7GCjFDct53OW3+Fehhvw="},"senderSigningKey":{"public":"BQq+pT7qkbp13Jf1mOf6v8tYvcz+HEkqxk8dwJpITUVg"},"senderMessageKeys":[]},{"senderKeyId":1536965456,"senderChainKey":{"iteration":7,"seed":"imtZ2wGWzq/lUNY2s7CkkA4Z2yLXEJJUbyarzuTAm8g="},"senderSigningKey":{"public":"BXwO7VXVQ+hchp4iZJ0/S6qDOGXCIuKVVKaPrb/+q/F6"},"senderMessageKeys":[]},{"senderKeyId":1536965456,"senderChainKey":{"iteration":6,"seed":"09khItRO36Q5Z/D8Lp2rVG2dbRgOyixJQV4gcbrbmJ0="},"senderSigningKey":{"public":"BXwO7VXVQ+hchp4iZJ0/S6qDOGXCIuKVVKaPrb/+q/F6"},"senderMessageKeys":[]},{"senderKeyId":477875336,"senderChainKey":{"iteration":1,"seed":"4GZCGozg1TCB65s8sh40sy6bg/eR1+FxMXdr40lW+qY="},"senderSigningKey":{"public":"BcrgxUQe5z715Ita3Qozqz2w/84Qm25BFJFdJrlBl7tG"},"senderMessageKeys":[]},{"senderKeyId":1289602857,"senderChainKey":{"iteration":7,"seed":"S/2SZ8zx+r9RSughdn5y5PzawnKDtg1FBDFN3HPZzVY="},"senderSigningKey":{"public":"BUzXauldaoQHb+O5m8D9/8FjnPcoYyh8x2JmgtkFZ78S"},"senderMessageKeys":[]}]