[{"senderKeyId":1980033858,"senderChainKey":{"iteration":5,"seed":"OehqiYtp6BwKzgYM5jWVyDVmPnKRwfdxmQCoDvi+NC4="},"senderSigningKey":{"public":"BVVsW+qePScK2hdXzSObPof16Z9bjr7hDYl1s1y9ZGwe"},"senderMessageKeys":[]},{"senderKeyId":391628348,"senderChainKey":{"iteration":11,"seed":"GxC+rqx9pFV8JR8YTie4+VD4Tjqxmdt+APAeZ+8bk9s="},"senderSigningKey":{"public":"BTFwZV25s/GGyGphRrdHgBueAcoPot7DPv3sdIpi5RZO"},"senderMessageKeys":[]},{"senderKeyId":1612677805,"senderChainKey":{"iteration":20,"seed":"eN7G2B25KDiYU3P0o0Gc2UXWYrvrwUTDPsqk6M1cMpI="},"senderSigningKey":{"public":"Beg1K3rjh5/ywQNd7yp/3FMP6/xVdH761lp5jEVyb51q"},"senderMessageKeys":[]},{"senderKeyId":657090623,"senderChainKey":{"iteration":9,"seed":"/K2TQCg6AzwOTZ+W6DecMtXV5SCU245pYk+p1nFPDck="},"senderSigningKey":{"public":"BYvSIJyoXzUKyd1tjGinfUC/8dX9i7R+uCl2M5T1zXkK"},"senderMessageKeys":[]},{"senderKeyId":1431762148,"senderChainKey":{"iteration":2,"seed":"e6tQGXAxlJ3fDS+vPLWAJZ42cKpoXP2xHs92cW8MIgA="},"senderSigningKey":{"public":"BZR//aoqEKcWC3b9lPk8J0PX6rhr7ZRn67zJlOqejaAT"},"senderMessageKeys":[]},{"senderKeyId":456367502,"senderChainKey":{"iteration":1,"seed":"56GI6KXLWsB9f2o8Ag3TlULYfERr5NjDd2tk2e7qOM8="},"senderSigningKey":{"public":"BUeH1IeMDt8ibI6SMLKf88FI4g3PIHMKhULYlZ3TT45I"},"senderMessageKeys":[]}]