[{"senderKeyId":1020283183,"senderChainKey":{"iteration":38,"seed":"PTnQIC1UtpUzw2NsjcL8RqoVzMGPNshxc067eHRpnuk="},"senderSigningKey":{"public":"Bd+2UyF94JI8DTZ6QEDz5FJI1f4oouaMtgzCsFRy9yBP"},"senderMessageKeys":[]},{"senderKeyId":2106306886,"senderChainKey":{"iteration":44,"seed":"zs2JOuRY5fMTVnES61KHJYuvpMiVvhNlZnydOI6xwn8="},"senderSigningKey":{"public":"BSzQs8szxgZ+IIClwGCPraw2tade2diByly6Xd7234x2"},"senderMessageKeys":[]},{"senderKeyId":1757342647,"senderChainKey":{"iteration":13,"seed":"PPn2tY5N21GvWoom+zehF4aeu+bs89Yw3nCcinzcrOU="},"senderSigningKey":{"public":"BXzykUBAZy1sspOc4enDPWZXw98bj9RdFpKyHwNYuVQw"},"senderMessageKeys":[]}]