[{"senderKeyId":1651333837,"senderChainKey":{"iteration":114,"seed":"M99UivQUNUjfckn4t2nF0t6DKSIm9Z8j+tq8i2lV0HI="},"senderSigningKey":{"public":"BZjLVIPkdh5T6lArurHTsm3I03+6DwT1xaw6MU0hrO5U"},"senderMessageKeys":[{},{},{}]},{"senderKeyId":1651333837,"senderChainKey":{"iteration":5,"seed":"lCZm8I0H9aWj29p+Qzt4rYNYGvDIh2DBDRQyg4oE8R4="},"senderSigningKey":{"public":"BZjLVIPkdh5T6lArurHTsm3I03+6DwT1xaw6MU0hrO5U"},"senderMessageKeys":[]},{"senderKeyId":1651333837,"senderChainKey":{"iteration":6,"seed":"xYfeLFBU6XcS+PFiuM3bcEQLOIHs/3e5XMy59tCK8D0="},"senderSigningKey":{"public":"BZjLVIPkdh5T6lArurHTsm3I03+6DwT1xaw6MU0hrO5U"},"senderMessageKeys":[]},{"senderKeyId":1651333837,"senderChainKey":{"iteration":8,"seed":"4aHpw+bvttn/WpCctO2G2mDRoerLv5M/I3rZVOoXGio="},"senderSigningKey":{"public":"BZjLVIPkdh5T6lArurHTsm3I03+6DwT1xaw6MU0hrO5U"},"senderMessageKeys":[]},{"senderKeyId":1651333837,"senderChainKey":{"iteration":32,"seed":"W8GWpzc32RqGpajwB83UmP3wzDROkobQ7OKT1lA3LCg="},"senderSigningKey":{"public":"BZjLVIPkdh5T6lArurHTsm3I03+6DwT1xaw6MU0hrO5U"},"senderMessageKeys":[]},{"senderKeyId":1651333837,"senderChainKey":{"iteration":34,"seed":"iA4b07WpEkxQuz/lAdTSuaq5vbwJZ42lfKyAw0DGHF8="},"senderSigningKey":{"public":"BZjLVIPkdh5T6lArurHTsm3I03+6DwT1xaw6MU0hrO5U"},"senderMessageKeys":[]},{"senderKeyId":1173023805,"senderChainKey":{"iteration":93,"seed":"4xhBPPXInnYt9P4nFP3XTaNr76ssBJoJZiFpf7KVz/s="},"senderSigningKey":{"public":"BcW1AN4lp4j66zHxHloqKtoJW6hyWCgEduMXnh18Sc1j"},"senderMessageKeys":[{}]},{"senderKeyId":1173023805,"senderChainKey":{"iteration":20,"seed":"wEW+agxn0RxQuJ5K4Me00Y5lCQd6VFmBuKt/mTH7U4k="},"senderSigningKey":{"public":"BcW1AN4lp4j66zHxHloqKtoJW6hyWCgEduMXnh18Sc1j"},"senderMessageKeys":[]},{"senderKeyId":1173023805,"senderChainKey":{"iteration":21,"seed":"0a4cmMCN8pYUhMZoLWNDK4sdL9QstOSJmMuN2oOupl0="},"senderSigningKey":{"public":"BcW1AN4lp4j66zHxHloqKtoJW6hyWCgEduMXnh18Sc1j"},"senderMessageKeys":[]},{"senderKeyId":1173023805,"senderChainKey":{"iteration":45,"seed":"BcfCwwm0nArKEqmHnjFAkFWk7q3/fL6Iuz2UuWlGoM4="},"senderSigningKey":{"public":"BcW1AN4lp4j66zHxHloqKtoJW6hyWCgEduMXnh18Sc1j"},"senderMessageKeys":[]},{"senderKeyId":1173023805,"senderChainKey":{"iteration":46,"seed":"C3/lYd5ssLgBcCQPnIg9ayxphCN99y9ngr8P7ZZfff8="},"senderSigningKey":{"public":"BcW1AN4lp4j66zHxHloqKtoJW6hyWCgEduMXnh18Sc1j"},"senderMessageKeys":[]},{"senderKeyId":1173023805,"senderChainKey":{"iteration":60,"seed":"NkUycSl/2r5QWhYP8rK6Wlikf6Tia4+lD7J4eqBmTeI="},"senderSigningKey":{"public":"BcW1AN4lp4j66zHxHloqKtoJW6hyWCgEduMXnh18Sc1j"},"senderMessageKeys":[]},{"senderKeyId":1173023805,"senderChainKey":{"iteration":85,"seed":"HZA/x8RFuWIKx13cAtg0WjgdAYxdn6wtjz3d1ewpjGs="},"senderSigningKey":{"public":"BcW1AN4lp4j66zHxHloqKtoJW6hyWCgEduMXnh18Sc1j"},"senderMessageKeys":[]},{"senderKeyId":1173023805,"senderChainKey":{"iteration":92,"seed":"KIohx339s6TxtxO5CtqUXHzvC4LAj32Fmha/LVEVdUs="},"senderSigningKey":{"public":"BcW1AN4lp4j66zHxHloqKtoJW6hyWCgEduMXnh18Sc1j"},"senderMessageKeys":[]},{"senderKeyId":464999208,"senderChainKey":{"iteration":14,"seed":"fmo9tzM8f7Df6dCyOpiudepo0kbsKpPeWqp1TdrQJvU="},"senderSigningKey":{"public":"BSvjAVkyDcux37tprbw/RsIg8rkHPhKpY5JtPnnyJ+BS"},"senderMessageKeys":[]},{"senderKeyId":296963753,"senderChainKey":{"iteration":41,"seed":"X5EzG2jP75SYIAwA7iA9tGiSFBWJOcWpuUb/gAqebik="},"senderSigningKey":{"public":"BWhkQ/7uS0fZgZNeKs0qFtOQ67b4lqknBOHx9wKpWqxY"},"senderMessageKeys":[{},{},{},{}]},{"senderKeyId":296963753,"senderChainKey":{"iteration":7,"seed":"sNXtoq6Ctbn5L6TxQUf6EfwD5HiiKuf4EEb3bSzCprY="},"senderSigningKey":{"public":"BWhkQ/7uS0fZgZNeKs0qFtOQ67b4lqknBOHx9wKpWqxY"},"senderMessageKeys":[]},{"senderKeyId":296963753,"senderChainKey":{"iteration":9,"seed":"HqYLF+tuCO5Ci0LZ2M7HHqHqPSp3dduPgsWClZH+l3k="},"senderSigningKey":{"public":"BWhkQ/7uS0fZgZNeKs0qFtOQ67b4lqknBOHx9wKpWqxY"},"senderMessageKeys":[]},{"senderKeyId":2078008243,"senderChainKey":{"iteration":10,"seed":"DXyfCTMPTzMoF3YSatd3X28avv5/SJoZ9cmzQ+jcLdY="},"senderSigningKey":{"public":"BdHKpowdsiflG24ZyNL6X0IoKQLiTmmPcc0WrPsq0E1L"},"senderMessageKeys":[]},{"senderKeyId":2078008243,"senderChainKey":{"iteration":7,"seed":"4NKmzlFtYIx7JR6y9k5L6C1IZkqp9gZRo9//an1a6Fk="},"senderSigningKey":{"public":"BdHKpowdsiflG24ZyNL6X0IoKQLiTmmPcc0WrPsq0E1L"},"senderMessageKeys":[]},{"senderKeyId":1994896976,"senderChainKey":{"iteration":24,"seed":"RuP+STEOKFJVaMObQPJ2hzs7q5Ev53X3XlUd0Y8tE+4="},"senderSigningKey":{"public":"BY4Oa8OybpUkiTYin6myPBeUGauEwjqKN1f2Qu3UtsRc"},"senderMessageKeys":[]},{"senderKeyId":1994896976,"senderChainKey":{"iteration":22,"seed":"SorYpjWbfjUb0exDlXywZqUNRWjQNcOyfMIIiJu1vXI="},"senderSigningKey":{"public":"BY4Oa8OybpUkiTYin6myPBeUGauEwjqKN1f2Qu3UtsRc"},"senderMessageKeys":[]}]