[{"senderKeyId":660199520,"senderChainKey":{"iteration":48,"seed":"kbQDVSHVL5Llp2UO4ocVodL0NN24w/6xRKV4weU10zo="},"senderSigningKey":{"public":"BXCjTv7Uoc27EhQp8AP5kZqySV/R4r7MuLZvbRYqwSRy"},"senderMessageKeys":[]},{"senderKeyId":455236735,"senderChainKey":{"iteration":18,"seed":"u30pLrPAnZgUPq9Z/8bCamW9GHSn7NWt3cD5qYQU0RY="},"senderSigningKey":{"public":"BWxani/8xFnT8/GSwTK/okX9LDCgdrz3+COtm7EgSkEq"},"senderMessageKeys":[]},{"senderKeyId":623048633,"senderChainKey":{"iteration":22,"seed":"ODUuDfTvCcxAY7wHmvCQUQpG/6Wab53CXVy+2rDLlDE="},"senderSigningKey":{"public":"BVbwNQIkESmQdkdixw4zoKtFppwh5awyk4CPCb4nS9Zq"},"senderMessageKeys":[]},{"senderKeyId":266367134,"senderChainKey":{"iteration":14,"seed":"4hAch7VpkirqP5lFLiB4Zvzs1B0KqIRXU6CcrobuXnw="},"senderSigningKey":{"public":"BRfJ/2n2TBs9j1IP1aXJYqY/7+7PJiVbtaaPviZpNh1Y"},"senderMessageKeys":[]}]