[{"senderKeyId":287296108,"senderChainKey":{"iteration":8,"seed":"mb32N777RJmHpp48O41t5XIdq0YmrdYJWPAwVCl5p8c="},"senderSigningKey":{"public":"BZRuIwomeb9Qkl1LlPQpku/tCClWfN/KjppWCeyyYkAj"},"senderMessageKeys":[]},{"senderKeyId":1407916651,"senderChainKey":{"iteration":2,"seed":"/Dp5Grg+bvIQ0DQeDs/XeZCbGY1+CR5Rw7S2ffj8898="},"senderSigningKey":{"public":"BV2zN9dTFy0gwsnne97fz0mu83rvzxnsuWKkiqp+ShBc"},"senderMessageKeys":[]},{"senderKeyId":408289400,"senderChainKey":{"iteration":1,"seed":"SIQ7CIbskYcvo6NhFL5hRfBhTMZtDh2JijIleUk5N4E="},"senderSigningKey":{"public":"BXZsk7mR8NVlzB0m65ZyM/srgkIK36+4pTmH1uAkxBUH"},"senderMessageKeys":[]},{"senderKeyId":540851261,"senderChainKey":{"iteration":2,"seed":"HLiVpf2F5193dN2pbdJIVldYe0xuL5vZI5wPuG8Sy20="},"senderSigningKey":{"public":"BWXbG7mwmZ5E8zI7hSRD5Z6CWunZYYfVoMItcE6XAy4k"},"senderMessageKeys":[]},{"senderKeyId":1661360779,"senderChainKey":{"iteration":1,"seed":"PIFtdqY78lJ6AOvYEvj8HVVn1pSWZOEMhWdwRG2T/CM="},"senderSigningKey":{"public":"Bdj8IcGNNvZP6aI9SOuDLqRYLorYhJld7RTujtADo0Rv"},"senderMessageKeys":[]},{"senderKeyId":1903758248,"senderChainKey":{"iteration":4,"seed":"XNwg+2Ds/ZAJ8MeBOj/8wQazMTZDXbzcTj4ApQ++syk="},"senderSigningKey":{"public":"BRugX2zLOPkLpJWXgJT88rSH/I5o7y7fxXGfisPDGfQ0"},"senderMessageKeys":[]}]