[{"senderKeyId":283038871,"senderChainKey":{"iteration":15,"seed":"CZpQXEfIilXmcGSfUnxc/qayWUDTmGIQLYsMT8tpb/Y="},"senderSigningKey":{"public":"Bc9LnYCe4Ivu6Eet60IUGC3fPapzqe6e9c/kTJ5ZNiA7"},"senderMessageKeys":[]},{"senderKeyId":2073387288,"senderChainKey":{"iteration":3,"seed":"bVPwKCfp2gnRPyca5ZcpJN2He5bEiO3n6GHr/p0GpFQ="},"senderSigningKey":{"public":"BTaefM8x142rrYFJsEv3A+uW6WknVgnFcRDwRWlA+Gc/"},"senderMessageKeys":[]},{"senderKeyId":495760508,"senderChainKey":{"iteration":1,"seed":"kqhBe+vobiAlHLKtm38ujX0YUW8Y/DgBlwnTVCgLPR0="},"senderSigningKey":{"public":"BXNX2h3kEMuexxSSA9g5crsut2c2WFcwNrf0I/b1/4sE"},"senderMessageKeys":[]},{"senderKeyId":1422086939,"senderChainKey":{"iteration":6,"seed":"AR7gHho8V9AFgf21HTiEPBwplehFts0WruO+btr0cdk="},"senderSigningKey":{"public":"BXTcZMfr3TkpY3WxVUhxYcSjo2IeiQ+95IyKIVq5frl6"},"senderMessageKeys":[]},{"senderKeyId":1422086939,"senderChainKey":{"iteration":5,"seed":"XixA+p60ZN/ozbVQ7/0OHfEMRxQmm3vnzvGklAt8lD8="},"senderSigningKey":{"public":"BXTcZMfr3TkpY3WxVUhxYcSjo2IeiQ+95IyKIVq5frl6"}}]