[{"senderKeyId":1187096916,"senderChainKey":{"iteration":22,"seed":"l0yJ/Nyng898220EJzPylitT1ZDj/sZh7Y64irPe30g="},"senderSigningKey":{"public":"BcCCAkXGcr8pMZACylg0dzZCaVTbmNJ/JIU5yfd8uBst"},"senderMessageKeys":[]},{"senderKeyId":428307010,"senderChainKey":{"iteration":19,"seed":"KpnsA8ylZ6uoLoOlKvwCViyr90793Vbyxc/p+4ORi+c="},"senderSigningKey":{"public":"BWGlTzLuJS4AHdw016f1fHWzbrhEE8yt+GFDmQ9KpQ1S"},"senderMessageKeys":[]},{"senderKeyId":1582720772,"senderChainKey":{"iteration":1,"seed":"pGWxvc8lSKv/3+IWqh3aTRob4/GDXCq3tc2s4AWJQQ8="},"senderSigningKey":{"public":"BcdfdeGm7prkJ4eMFZGfsNlmNTq5XDz8lH3juIdN/XAr"},"senderMessageKeys":[]},{"senderKeyId":2057237855,"senderChainKey":{"iteration":2,"seed":"n1YGsw5LtkgKxv82uUs/MDaEoY6l/GGRnC6w3HB2tpo="},"senderSigningKey":{"public":"BdfFO+1fV2jrwfJIIHuq3AJrjCzok28cZrtG0GH2WQp0"},"senderMessageKeys":[]},{"senderKeyId":1711844208,"senderChainKey":{"iteration":2,"seed":"9Ye3T9IuXQP2cojYxtnpZtEnN3RW4cRlGYoYJGhpOMs="},"senderSigningKey":{"public":"BVsWXITzBM3qSdE/WFSJn/6unx4JfW6XSzsFFdkfxJI1"},"senderMessageKeys":[]},{"senderKeyId":1711844208,"senderChainKey":{"iteration":1,"seed":"JGWy8Sw38hSNSWqC4/3I6BPW1nMfdhN8o86aeac/Z2o="},"senderSigningKey":{"public":"BVsWXITzBM3qSdE/WFSJn/6unx4JfW6XSzsFFdkfxJI1"},"senderMessageKeys":[]},{"senderKeyId":2012436487,"senderChainKey":{"iteration":10,"seed":"iX8lI7Y6bR7PbPg4yBWIVMDvFwpLs1Oz3AF++DE46XI="},"senderSigningKey":{"public":"BVCJMHhPSdJIDaBFmRXgvJVvpIPNF4XuS7paVXvEyRIU"},"senderMessageKeys":[]}]