[{"senderKeyId":59322968,"senderChainKey":{"iteration":10,"seed":"UBdzPgU1P2AaUE7QDDG2eF0t1jVcJ47SwPFzp0FNF6A="},"senderSigningKey":{"public":"BVJkZPEkKOrCW+GUMpXmRSEYHBasmTumDCVlhuU+JHI5"},"senderMessageKeys":[]},{"senderKeyId":1167731473,"senderChainKey":{"iteration":4,"seed":"ItfROjlaSdmRykhUqkfm86fi+nnKIQ8KnSLtP2wGJkk="},"senderSigningKey":{"public":"BWEW/9lTForr3k7UPFhNrV9PTPyGwVp2Juu9kADuIh1Y"},"senderMessageKeys":[]},{"senderKeyId":1109081215,"senderChainKey":{"iteration":4,"seed":"uHwiAIqotmIqC3DoQSVlhzVp9RNAkNEbI5F4USMbR8Q="},"senderSigningKey":{"public":"BSzh0ciuUWdruj4kO+Vt0m8jett8hqpp0+9r3yvfsMRQ"},"senderMessageKeys":[]},{"senderKeyId":1630427496,"senderChainKey":{"iteration":12,"seed":"a5BP4lDO1c2NQY/cYw6Ac9/WfPm4gFTIDBpKVaI3Xrw="},"senderSigningKey":{"public":"BZZvEP+NilgXjpjmUAs06QUGfK45DiBUowWtYms6qKRh"},"senderMessageKeys":[]},{"senderKeyId":1630427496,"senderChainKey":{"iteration":7,"seed":"H4CgkoFnLR7bkywd7LFAAthkENx5bG/zBYHIjQPGLeg="},"senderSigningKey":{"public":"BZZvEP+NilgXjpjmUAs06QUGfK45DiBUowWtYms6qKRh"},"senderMessageKeys":[]},{"senderKeyId":413805328,"senderChainKey":{"iteration":17,"seed":"c3U2x/+MP/1bwLp4arbG4LxLKFUZM3KU5OXeLd7wHrg="},"senderSigningKey":{"public":"BVJkxveqJ61HktZ7LqDqxF+T2FUaOeD8am3xfHEaqPgT"},"senderMessageKeys":[]}]