[{"senderKeyId":381617900,"senderChainKey":{"iteration":1,"seed":"5M48IfDzDTebEPRguFtQt/IsdY1plVB/45wfrmNJx3s="},"senderSigningKey":{"public":"BfSY4KfTIaIHO+EDMnKrtgQNaCL6KTcPOfs14WMN+p4Y"},"senderMessageKeys":[]},{"senderKeyId":1533125549,"senderChainKey":{"iteration":1,"seed":"NLCrPWDZc2o2D3fYr3WPCMwTLdIWnyZXLugfVaehd1g="},"senderSigningKey":{"public":"Ba3w+qLIzjbkEWlePS51CoLWwjbqNBHSGkPwAs2sjG42"},"senderMessageKeys":[]},{"senderKeyId":1205125489,"senderChainKey":{"iteration":2,"seed":"QsSXk41UrhiurdBnccI5q1Zk6PToCpmrwlYSY3nwSMw="},"senderSigningKey":{"public":"BY5qqS8h13NijSjtcO8j2wIuhJUJjBHYtxIE8i2t+b1U"},"senderMessageKeys":[]}]