[{"senderKeyId":626047834,"senderChainKey":{"iteration":2,"seed":"h/+6J5ju84z0U86cm6b/BA5+XeGPipADcxgSARcVYEs="},"senderSigningKey":{"public":"BVgTxYuZ39BFUDVI5Gk8nCbn7fj9PYumRRHBe3YeW8kk"},"senderMessageKeys":[]},{"senderKeyId":2032487337,"senderChainKey":{"iteration":5,"seed":"FcZNdgzVv5EOP/kHtrqfehuwry+kWgcIj899eBpWz1w="},"senderSigningKey":{"public":"BaCJYCDbAVjEh8gD+dnxzKDkz9VE9+S/cqn+g9pXOPgp"},"senderMessageKeys":[]},{"senderKeyId":2040334914,"senderChainKey":{"iteration":11,"seed":"9SOKzxb/QD8eykXwMi0IiSeaYDfDPoEPseZbMDd9Mak="},"senderSigningKey":{"public":"BcB98c8y+gvllFvmnHxcK4+lxsb5tNB9OmJqLpmYbK55"},"senderMessageKeys":[]},{"senderKeyId":1181884824,"senderChainKey":{"iteration":4,"seed":"VEm69bB+CLAVQ9n0Y8GUSSHl66QK5SS6rzPVwwX62a8="},"senderSigningKey":{"public":"BWOA0STDc7ZdWqeDqALNpgI8f/2iXuh2Dfpa7EP+0Qd4"},"senderMessageKeys":[]}]