[{"senderKeyId":368975393,"senderChainKey":{"iteration":205,"seed":"UWkUJ9/5ny0yHHk1tKYrYBDUz6Cj/ykOqrz3r0swQpg="},"senderSigningKey":{"public":"BdhM24eWriuw3Gck/UgBeNlsQNMicikXWxjhigPVYT5Y"},"senderMessageKeys":[]},{"senderKeyId":2098960882,"senderChainKey":{"iteration":1,"seed":"lk9YNgMJPMKavxDFQiUB4BQz1ZmhU51qnxEojDQycH0="},"senderSigningKey":{"public":"BVT+Xnfu15pVfutiUhzLejhxCUM9KgBhFi48l3FgYk4o"},"senderMessageKeys":[]},{"senderKeyId":1671235208,"senderChainKey":{"iteration":22,"seed":"YJFopXoPzazkTBGOvvL8/z+A30yloKxmVvkQcfPP6rY="},"senderSigningKey":{"public":"BURMOZIhkpXn63DAXbSi6EI3EKZG7f2/9vbTly/B58Va"},"senderMessageKeys":[]},{"senderKeyId":1671235208,"senderChainKey":{"iteration":1,"seed":"O6hlVmhIALqvVrxGcqvhEDGMXfVpC7tID4p0CTtgI1U="},"senderSigningKey":{"public":"BURMOZIhkpXn63DAXbSi6EI3EKZG7f2/9vbTly/B58Va"},"senderMessageKeys":[]},{"senderKeyId":1943676662,"senderChainKey":{"iteration":124,"seed":"SK1VTYuNMqMrK6RHO+2vHLZXkGDV0WpWupE0PSIaR3k="},"senderSigningKey":{"public":"BdDE1+FOeoa4N2tkbzPYwmBKlQXmQs0WUdw9AtiWBwId"},"senderMessageKeys":[]},{"senderKeyId":1943676662,"senderChainKey":{"iteration":122,"seed":"+sZs6wvaPzWD775Zv8l4hfvodI1KTa9KFhpIPdL5p0g="},"senderSigningKey":{"public":"BdDE1+FOeoa4N2tkbzPYwmBKlQXmQs0WUdw9AtiWBwId"},"senderMessageKeys":[]},{"senderKeyId":632606325,"senderChainKey":{"iteration":8,"seed":"LdaBQUn82YOqPTwpARCDxiXLA7xkqCtVQyyiNZOSUV0="},"senderSigningKey":{"public":"BfByLnLEEWs7kDHm2TzDJ4zuvnHsNirrO3mJ+FJ5wKMi"},"senderMessageKeys":[]},{"senderKeyId":632606325,"senderChainKey":{"iteration":3,"seed":"+ACxGXWll5PBh+IJOCgGykEBJng+Ur5su54SNPwPT6o="},"senderSigningKey":{"public":"BfByLnLEEWs7kDHm2TzDJ4zuvnHsNirrO3mJ+FJ5wKMi"},"senderMessageKeys":[]},{"senderKeyId":1291351964,"senderChainKey":{"iteration":1,"seed":"gPZ9efP65gsgqp+AJaCjbsxLfZwDJQHpG792U84CL+0="},"senderSigningKey":{"public":"BYh8BIvyfD995h6uIUQcmpT9LH0bcCe2N3c/iwOqJXYV"},"senderMessageKeys":[]}]