[{"senderKeyId":509942283,"senderChainKey":{"iteration":28,"seed":"6/sGHzG2GCtHIob51qNybaOgqxYsks4AF76kXH9tb2s="},"senderSigningKey":{"public":"BVpd9O0HIwn9KFfGEEpXHXdRW8KkrrDtj3wax9dOlAwe"},"senderMessageKeys":[]},{"senderKeyId":666940081,"senderChainKey":{"iteration":17,"seed":"tXEuUxr3Dx5UdV3Ot6cXCQekeJaA8dxmROgY7+dSZeo="},"senderSigningKey":{"public":"BfMNGeSHNoMu2lTjc0DAxQcUtVlCyolT6FshyJuLG64c"},"senderMessageKeys":[]},{"senderKeyId":278825409,"senderChainKey":{"iteration":10,"seed":"DZZRM/6BliWgQmcpOMjk8enKLC0rI/7aBK7Bcai9ipw="},"senderSigningKey":{"public":"BcBS8w98AxAa6oU8e/aB3HLKU2N19b4X/5GM2n7MWm5c"},"senderMessageKeys":[]},{"senderKeyId":168054978,"senderChainKey":{"iteration":3,"seed":"XrYeIWqbZ9gLSKqd01cr9veebaFBAsO5I2Y31gNCLsk="},"senderSigningKey":{"public":"Beo31Tkll/8GYs+bMrpdqrEG3D2YQ77n0RisL4YJQpZD"},"senderMessageKeys":[]},{"senderKeyId":1321662538,"senderChainKey":{"iteration":8,"seed":"BIlXtsBGj+97eNc2q0wBMsjM03iI9oXuBax+Sw29D/A="},"senderSigningKey":{"public":"Bcr0f5nd/zGej6TajNE84qXSN1ovQ29RCdb/99L7n0BV"},"senderMessageKeys":[]},{"senderKeyId":291519860,"senderChainKey":{"iteration":6,"seed":"TgCVG01WSE3vnX9rhvHUc8yvF8A3MqCDcGqRGuC290o="},"senderSigningKey":{"public":"BQDqkIr9VylEiT58nsaNmH0MmUAbNupEHoTZQPCEJIU5"},"senderMessageKeys":[]},{"senderKeyId":730875554,"senderChainKey":{"iteration":1,"seed":"AwFZ3CFFLplXS6oW5i8pXUA7bNM2x/VsaOlnxdzlQhc="},"senderSigningKey":{"public":"BVu1kpsOd6h9pKkDxJcLpFvj/olHP4evU9tuVoo9zWot"},"senderMessageKeys":[]},{"senderKeyId":615882767,"senderChainKey":{"iteration":1,"seed":"IFN1sYpmqbzJy/s6NjGfVsr3+lTWEJNQlRVE35MWFbQ="},"senderSigningKey":{"public":"BR5HeeNEd6V4wwLDsfVMgQX8RkNexLYAkZpDteYButIs"},"senderMessageKeys":[]},{"senderKeyId":1452846797,"senderChainKey":{"iteration":4,"seed":"Oz28xnlYBKy2fW2/TgKTexkvH+GTMPZK79XtTVldh10="},"senderSigningKey":{"public":"BVrX65mambGKdW691fNr9lFSU9VE6UvZl84copzX3ec1"},"senderMessageKeys":[]},{"senderKeyId":786078945,"senderChainKey":{"iteration":13,"seed":"62LgrfnQ7hvCCfAAAH0zazcaJgDV77JWe2WjvVZalZw="},"senderSigningKey":{"public":"BZg1ZLStmfjAmGPJ4cDG8FA0UPDZ1hCM19axjrMeFSwc"},"senderMessageKeys":[]},{"senderKeyId":1763357728,"senderChainKey":{"iteration":7,"seed":"zk5dOJEfR91j1NEep7gJqmqGG9mC4pxqP3Tf5AX2Rnc="},"senderSigningKey":{"public":"BUKEM/LMxUljW4b9cs1dFhrstl/zVCHK/uyuDMwOcX5r"},"senderMessageKeys":[]},{"senderKeyId":1763357728,"senderChainKey":{"iteration":3,"seed":"6gqTeN4BeW/yFm8BO/SenYs3EWUvhPI/3ZtXZ6dcvYY="},"senderSigningKey":{"public":"BUKEM/LMxUljW4b9cs1dFhrstl/zVCHK/uyuDMwOcX5r"},"senderMessageKeys":[]}]