[{"senderKeyId":1300351697,"senderChainKey":{"iteration":10,"seed":"g0YTy50nuTeMdeJj/IBG+Pfk3jBWlBSJZ9j3M2nNEdI="},"senderSigningKey":{"public":"BV1a1ueeoFlrNQwqyylAURGgTlbKCAvvOTrmftzofOVg"},"senderMessageKeys":[]},{"senderKeyId":803170309,"senderChainKey":{"iteration":23,"seed":"AqUifMBLnoXgX9u4P0j4Wv7wSK4ZVP4s6lFOEuA6J4I="},"senderSigningKey":{"public":"BYG5z3UbqEOQ1twXmw0GuB2CuE0ZcAHB9J+PF9+WSsMd"},"senderMessageKeys":[]},{"senderKeyId":609216656,"senderChainKey":{"iteration":2,"seed":"yO8zcU4SKWUOPVC4MUXAoOlBoV4I3dIFTNhMfBx6lC8="},"senderSigningKey":{"public":"Bd3RCwFKa5throtx6Bv3npkdS8DgDfUui41M7VDw2EYR"},"senderMessageKeys":[]},{"senderKeyId":1084338871,"senderChainKey":{"iteration":2,"seed":"35pW6nJwEHiURBi8HzuyocUBeoQJuf1Ym6SaOqUNavo="},"senderSigningKey":{"public":"BZQl6HPO6dSRRljNJrBs2/uBuY1a0l4LoFGG/slPKfEj"},"senderMessageKeys":[]},{"senderKeyId":716006057,"senderChainKey":{"iteration":4,"seed":"OmcMa68aW4uEHl67LdMVhKOL+ilRjSpjOdx9MFTBWTY="},"senderSigningKey":{"public":"BdUwetVVZyHM4PPpzH8eXkFWss1IJqQ34JLMjawKTs8M"},"senderMessageKeys":[]},{"senderKeyId":804207630,"senderChainKey":{"iteration":1,"seed":"vVTlb0CCZYbt/03modf3rcQM+ukUzzymOAHQ1flH7Vo="},"senderSigningKey":{"public":"BUhQ1izxBamWbJqUBKLXxaZnUvDW3w90McN/PeM7qUki"},"senderMessageKeys":[]}]