[{"senderKeyId":926989422,"senderChainKey":{"iteration":1,"seed":"w/e0pelO61Pd0kbRIUDudnx7ZBbUQwk28CErZdfdbqM="},"senderSigningKey":{"public":"BSmOMDYiVMEnDngqancjBl9JyJiMeyDGdUcR0TvNA5kW"},"senderMessageKeys":[]},{"senderKeyId":1606366113,"senderChainKey":{"iteration":1,"seed":"3vUsoFJrV1BEJDqC69QqJmRiFPP62Tsf7Arvdb3OAVw="},"senderSigningKey":{"public":"BX8BYUFY0whdF82LHRzxebe1RgLQR2WTzRlb0lW8xGsK"},"senderMessageKeys":[]},{"senderKeyId":976943087,"senderChainKey":{"iteration":1,"seed":"40KTHFHrG4J8i7ve4JL4iiXuSctr/i6vOTXVxhicA2A="},"senderSigningKey":{"public":"BQ2FRZX47ZP4ahp+Yulr+o0BOkTX0YJTiAl1i5vrZ/E8"},"senderMessageKeys":[]},{"senderKeyId":1475270810,"senderChainKey":{"iteration":1,"seed":"jOFDtcDfDtRIBgm/ykYp8WFTeD7Z5Av85AmZREglIBM="},"senderSigningKey":{"public":"BW2Z7GHcYQAnQNKdgKgo98mk98KPgF4e2EBxbzG7HDoR"},"senderMessageKeys":[]}]