[{"senderKeyId":1976206184,"senderChainKey":{"iteration":68,"seed":"B6zQm2WKn8EyP/iEgbt+X/zFEmgldhLbFj8Nif8uIgc="},"senderSigningKey":{"public":"BUCu/fYA9B57eMUP45zYo4HDsLyTasWQLo1dkyraWeUa"},"senderMessageKeys":[]},{"senderKeyId":1560115583,"senderChainKey":{"iteration":14,"seed":"rsQ/P2Q6aUDxiGjKFt/mE/UeCw7CJcv7nPwBTxOD6SQ="},"senderSigningKey":{"public":"BeQQ8om88A+0brmIn6EVTlLmuYIPnNJHO44/SAicMalW"},"senderMessageKeys":[]},{"senderKeyId":1166256920,"senderChainKey":{"iteration":17,"seed":"F0s/RwZG3Ivh9cJ0UmdS+xSgOqtDDR7l3/yqQM0otC0="},"senderSigningKey":{"public":"BQnvshQzisULR0Mg6NAcz+G0Ao2raIoG4Sz6QcrUatlj"},"senderMessageKeys":[]},{"senderKeyId":565869461,"senderChainKey":{"iteration":22,"seed":"EEj/PVjyy4nY3RLtzbNLgmhGCZIrZuYhOPrBCVEMQa8="},"senderSigningKey":{"public":"BZzoTunJo81+5bi8NwTOavFCfWkhbOpzJ3s1gKpM15dX"},"senderMessageKeys":[]},{"senderKeyId":1241606379,"senderChainKey":{"iteration":112,"seed":"vteRn2s/QdSXt/HdgvGDRgsH4qxa/JU4C0xuw1QNeDM="},"senderSigningKey":{"public":"BQULu3/3etaestSsYG1iKlbey54X2mTyCGWit1ku7I0o"},"senderMessageKeys":[]},{"senderKeyId":1241606379,"senderChainKey":{"iteration":108,"seed":"RqUfJQrjOz6ES8kqHU7h9NM8R5xJGmK3He3dGPnLCLs="},"senderSigningKey":{"public":"BQULu3/3etaestSsYG1iKlbey54X2mTyCGWit1ku7I0o"},"senderMessageKeys":[]},{"senderKeyId":554833264,"senderChainKey":{"iteration":4,"seed":"4z+jLOXNvloGJUPG+23g7fm6Xjn9Bw7yLNvfEAu6tq0="},"senderSigningKey":{"public":"BcN2vmgqMiW2Ts5X+2U60eZACW/aeRN526zO8RAA9rYu"},"senderMessageKeys":[]},{"senderKeyId":1719511448,"senderChainKey":{"iteration":13,"seed":"sKp4IuTHszqeKfkxs00D6UX+KuDyM6ZTuu6uBUn/MS8="},"senderSigningKey":{"public":"BcHn2uygIqqrlSQo/+OaI0mUtRtdWruIQwwC9ubc4mdq"},"senderMessageKeys":[{}]},{"senderKeyId":1719511448,"senderChainKey":{"iteration":9,"seed":"M22a5h4iAOTJ70wW+NvxcRd2xLc+NNbJs4z6uKr8kr8="},"senderSigningKey":{"public":"BcHn2uygIqqrlSQo/+OaI0mUtRtdWruIQwwC9ubc4mdq"},"senderMessageKeys":[]},{"senderKeyId":1719511448,"senderChainKey":{"iteration":11,"seed":"AI4p7OLby/XRkgvxlXG/hsXE/EJ93acVhEx6c7S1wTw="},"senderSigningKey":{"public":"BcHn2uygIqqrlSQo/+OaI0mUtRtdWruIQwwC9ubc4mdq"},"senderMessageKeys":[]},{"senderKeyId":1689053735,"senderChainKey":{"iteration":94,"seed":"XeWSmIMgOmOir7xDx/iwlcB+Pw0pqgn+4dC5PcowYAA="},"senderSigningKey":{"public":"BR/xcEPYsglnu5cxfFezdZ09iPuuvpKXNOa6GEjBg6lv"},"senderMessageKeys":[]},{"senderKeyId":1278664228,"senderChainKey":{"iteration":16,"seed":"e6+7mLWYsynv1h5f+vcE0RWWUQAF5B2pSLaUI0Vw0F0="},"senderSigningKey":{"public":"BRPoaAkJJ8l4w9E1SWF/24q5jS/dBkPfeNnPSHE7Co8j"},"senderMessageKeys":[]},{"senderKeyId":1278664228,"senderChainKey":{"iteration":3,"seed":"uVEgWrcQQ/MH10USwP+lIS5s7oeYxvjvfANcmlipURM="},"senderSigningKey":{"public":"BRPoaAkJJ8l4w9E1SWF/24q5jS/dBkPfeNnPSHE7Co8j"},"senderMessageKeys":[]},{"senderKeyId":1561637233,"senderChainKey":{"iteration":8,"seed":"yyosAS20XE8GN7xHNDuRaiY6Ymeqjr10K3K6NJBLHIU="},"senderSigningKey":{"public":"BStaXX+nIsktmAwcK3oGVF+QjnOYrVXMuPphg/fKi0Yi"},"senderMessageKeys":[]},{"senderKeyId":658465230,"senderChainKey":{"iteration":1,"seed":"SdgmLmkk8n7PJ20hipHDvtWA6n3RAF5ZsR4/DRkk3vU="},"senderSigningKey":{"public":"BQaA6/lfugnGqhDN9C0sFRU6IPRaQ/HZkiWz2zqbPmBE"},"senderMessageKeys":[]},{"senderKeyId":160144106,"senderChainKey":{"iteration":26,"seed":"8FbvRcKrOkz/q88WmAYU/BPe/dLaad8FYrhU9NrRTtY="},"senderSigningKey":{"public":"BZf7HBuGulHwgBV3LJlpbh/LVsFIJZXoYhM/3B+AMbwP"},"senderMessageKeys":[]},{"senderKeyId":416460237,"senderChainKey":{"iteration":4,"seed":"yU/J/I7BeKm01RerU71ch6KCwPAHJ/Hnblo64J2a75o="},"senderSigningKey":{"public":"BciBuMEzaUG66eYSV/s6nECohN5Cp/HXPhzj+SlNpp08"},"senderMessageKeys":[]},{"senderKeyId":1421198171,"senderChainKey":{"iteration":5,"seed":"JAmVzTb4jC3jmj+WtpCtBti9WAfGbPe8FIR1w3RfHr8="},"senderSigningKey":{"public":"BemqmqDSaPsBe1kMkuy6OK554EtPIp1/HcDDYPWudOtk"},"senderMessageKeys":[]}]