[{"senderKeyId":226296941,"senderChainKey":{"iteration":1,"seed":"1oEpNK9b1JazvP4gvxdbAn3DHgesVk62grqdwDHUyWU="},"senderSigningKey":{"public":"BQ0DW0ZW1MXqi2NnTNCtS93RYnjTv+YjdC4EDiALF7JW"},"senderMessageKeys":[]},{"senderKeyId":470660047,"senderChainKey":{"iteration":1,"seed":"E9lzTXUcmw8xHr10UN1A6DjozcMIoCW7KP1CO/Ty6Qc="},"senderSigningKey":{"public":"BRZJvVTGJY8VlB994nAdboAtrxPgJntT6x83W8BTwKgG"},"senderMessageKeys":[]},{"senderKeyId":1609489316,"senderChainKey":{"iteration":6,"seed":"yEHWBpnIUZYegQq+moY3HYBwgGzeV/c40l7knGmszrI="},"senderSigningKey":{"public":"BUJRrDjXVzpJgvJ4ITEmnQUJICZSnnZDnT9eKI3AwLAA"},"senderMessageKeys":[]},{"senderKeyId":2097717536,"senderChainKey":{"iteration":5,"seed":"S2fKqfSnD9F3e0xMISwaC0mNvp2ntGOoz25dnMcO6uk="},"senderSigningKey":{"public":"BRQnwgaDnXCkI4fEvJTToDTSSEDlOBXDD2P4cf8+XoxI"},"senderMessageKeys":[]},{"senderKeyId":238367518,"senderChainKey":{"iteration":9,"seed":"C61q3cIqujEP8VYnZor0VVEpXyCBhRWBXHSj6BJMEJs="},"senderSigningKey":{"public":"Bc508cErNKtAjeelaCCtj5PoHpSO/r6OhL+lmsDnpmFF"},"senderMessageKeys":[]}]