[{"senderKeyId":1100168725,"senderChainKey":{"iteration":8,"seed":"L7vvPtjM1yqgccHAE/EO5tEOdmi0T3mFyuJmxB66KqA="},"senderSigningKey":{"public":"BR3R9iHq8GYGPavJFRPGuxlmyBT2vCP+WZ5W/VGuWJwB"},"senderMessageKeys":[]},{"senderKeyId":1100168725,"senderChainKey":{"iteration":1,"seed":"9/J+1Fqi+ON0BS1ao/IYCSuw95320Zc1BWflLA7ycqI="},"senderSigningKey":{"public":"BR3R9iHq8GYGPavJFRPGuxlmyBT2vCP+WZ5W/VGuWJwB"},"senderMessageKeys":[]},{"senderKeyId":1100168725,"senderChainKey":{"iteration":3,"seed":"s2J4DUo8EOorXtvbi1VLFGqDlHcfXPUf1dX+xXJqGrI="},"senderSigningKey":{"public":"BR3R9iHq8GYGPavJFRPGuxlmyBT2vCP+WZ5W/VGuWJwB"},"senderMessageKeys":[]},{"senderKeyId":1100168725,"senderChainKey":{"iteration":5,"seed":"djxcjXSPl0q2YH4jok2ucXbETQmUtFuhQsMDpwj6f0U="},"senderSigningKey":{"public":"BR3R9iHq8GYGPavJFRPGuxlmyBT2vCP+WZ5W/VGuWJwB"},"senderMessageKeys":[]},{"senderKeyId":2133901290,"senderChainKey":{"iteration":6,"seed":"2TID1R5LdNTQN9Amennsoe19pP/zbhVTWcIu3tG3wqw="},"senderSigningKey":{"public":"BcvflULVH/7PDtqy/+B5ouXTVC4MKyrljjEdrcpw1NEO"},"senderMessageKeys":[]},{"senderKeyId":664398257,"senderChainKey":{"iteration":2,"seed":"ipmRdDcU900UPAACOf6ZqZSfoD4ya9JgHaL1nPsiVY0="},"senderSigningKey":{"public":"BRjxo+ieRgsindpQQ4zVo6IHN87oPuAj14oFkaPtHVYU"},"senderMessageKeys":[]}]