[{"senderKeyId":1981794858,"senderChainKey":{"iteration":5,"seed":"CD+YueWbOHUB1DbHA6lwC2+abPGePDMtpH1fTeenmUU="},"senderSigningKey":{"public":"BRm6dfIM5kAEstQrEiz+O3Qy6uk/KD3tiKpL90+L3AN4"},"senderMessageKeys":[]},{"senderKeyId":160881374,"senderChainKey":{"iteration":3,"seed":"UK5F5/Tj45bIWYX3e36PvQTm/JnM4p/Y5qFLi6WArMY="},"senderSigningKey":{"public":"BbIWdRAEvZHKijk2xzBSDNlZbx+4VePAUJeM+4hy3dco"},"senderMessageKeys":[]},{"senderKeyId":702766785,"senderChainKey":{"iteration":3,"seed":"zSXW9lmEbCIdKn4+xE6DMTltM6hlKPKUu/OOKQgyk8w="},"senderSigningKey":{"public":"BQ6t0qQtD/EM/xJkWfMzlYdfip+eLuMgqWB+Z0pU5ppu"},"senderMessageKeys":[]}]