[{"senderKeyId":1339599160,"senderChainKey":{"iteration":827,"seed":"/eFLq8cLDkpR5qOCL6uYkVvrbTVLH9QGo0iNDh3uypA="},"senderSigningKey":{"public":"BfkbzA0YpeAu+TOigSSzs5s9NmVJro0V4f8+GHt1TSdT"},"senderMessageKeys":[{},{}]},{"senderKeyId":1339599160,"senderChainKey":{"iteration":377,"seed":"TTdqMU5ZP8LRwVh0Sl5xhxOI2gz8GsfpY+NDykAwxls="},"senderSigningKey":{"public":"BfkbzA0YpeAu+TOigSSzs5s9NmVJro0V4f8+GHt1TSdT"},"senderMessageKeys":[]},{"senderKeyId":1339599160,"senderChainKey":{"iteration":378,"seed":"IjaSqTrPG0s76lbDjtE2MsJ0QsD+ZJJ/1XyemKg2zks="},"senderSigningKey":{"public":"BfkbzA0YpeAu+TOigSSzs5s9NmVJro0V4f8+GHt1TSdT"},"senderMessageKeys":[]},{"senderKeyId":1339599160,"senderChainKey":{"iteration":379,"seed":"f4PGEdVDrMOhhzOhOwDmtjz4npAuUeVssCveuyo/A/I="},"senderSigningKey":{"public":"BfkbzA0YpeAu+TOigSSzs5s9NmVJro0V4f8+GHt1TSdT"},"senderMessageKeys":[]},{"senderKeyId":1339599160,"senderChainKey":{"iteration":380,"seed":"desFlhR9T2rxF53HHGc1joY+6fyxYpTgg6r/KuuFw+M="},"senderSigningKey":{"public":"BfkbzA0YpeAu+TOigSSzs5s9NmVJro0V4f8+GHt1TSdT"},"senderMessageKeys":[]},{"senderKeyId":1339599160,"senderChainKey":{"iteration":381,"seed":"RiwyMUKk9jDhQ+wF7H/Q8w8T3Y9ZSafTUa8OSs64W8w="},"senderSigningKey":{"public":"BfkbzA0YpeAu+TOigSSzs5s9NmVJro0V4f8+GHt1TSdT"},"senderMessageKeys":[]},{"senderKeyId":1339599160,"senderChainKey":{"iteration":382,"seed":"t+vhMtY6HAZWs1eXF2S17YtrPsxgSZ63PedhurYVZMI="},"senderSigningKey":{"public":"BfkbzA0YpeAu+TOigSSzs5s9NmVJro0V4f8+GHt1TSdT"},"senderMessageKeys":[]},{"senderKeyId":1339599160,"senderChainKey":{"iteration":383,"seed":"X9HMBvz0IsW55y1xr5hHd1wtmTh5BBqT69IXj9UfpWo="},"senderSigningKey":{"public":"BfkbzA0YpeAu+TOigSSzs5s9NmVJro0V4f8+GHt1TSdT"},"senderMessageKeys":[]},{"senderKeyId":1339599160,"senderChainKey":{"iteration":384,"seed":"D0APmCXz+TdyWRx0pywr9rsBGY1gJVA6r029AKxu3sY="},"senderSigningKey":{"public":"BfkbzA0YpeAu+TOigSSzs5s9NmVJro0V4f8+GHt1TSdT"},"senderMessageKeys":[]},{"senderKeyId":1339599160,"senderChainKey":{"iteration":385,"seed":"5EAhTObUzQcPVha8MxnkD5hJ9+ueotXdO2NOn/N6UXo="},"senderSigningKey":{"public":"BfkbzA0YpeAu+TOigSSzs5s9NmVJro0V4f8+GHt1TSdT"},"senderMessageKeys":[]},{"senderKeyId":1339599160,"senderChainKey":{"iteration":386,"seed":"yK0ZJL7y4C0IqIjriWAoioz/KoE5aBXE2RGSQEZWPVU="},"senderSigningKey":{"public":"BfkbzA0YpeAu+TOigSSzs5s9NmVJro0V4f8+GHt1TSdT"},"senderMessageKeys":[]},{"senderKeyId":1339599160,"senderChainKey":{"iteration":387,"seed":"jNwpVNEAwFsIZoYbmUYD4Wc4uNF2vJTuPwIvWQoiMgE="},"senderSigningKey":{"public":"BfkbzA0YpeAu+TOigSSzs5s9NmVJro0V4f8+GHt1TSdT"},"senderMessageKeys":[]},{"senderKeyId":1339599160,"senderChainKey":{"iteration":388,"seed":"gB2LROQwCT3ASpns0gak/+9QC9XsW0c4MkgMl4DuCCg="},"senderSigningKey":{"public":"BfkbzA0YpeAu+TOigSSzs5s9NmVJro0V4f8+GHt1TSdT"},"senderMessageKeys":[]},{"senderKeyId":1339599160,"senderChainKey":{"iteration":389,"seed":"BZcd8f+n3al17wtQs6EPiTQ3gSC74bxQJsCaG2hs9OA="},"senderSigningKey":{"public":"BfkbzA0YpeAu+TOigSSzs5s9NmVJro0V4f8+GHt1TSdT"},"senderMessageKeys":[]},{"senderKeyId":1339599160,"senderChainKey":{"iteration":390,"seed":"3gUzkoLCBfuZVvL3J8F1VGOwdgczWqKD72jEkQwe2r0="},"senderSigningKey":{"public":"BfkbzA0YpeAu+TOigSSzs5s9NmVJro0V4f8+GHt1TSdT"},"senderMessageKeys":[]},{"senderKeyId":1339599160,"senderChainKey":{"iteration":391,"seed":"veH6NaTZmIurIISPFS7bG9Npaili4Ty3QG+6Z2gPKyE="},"senderSigningKey":{"public":"BfkbzA0YpeAu+TOigSSzs5s9NmVJro0V4f8+GHt1TSdT"},"senderMessageKeys":[]},{"senderKeyId":1339599160,"senderChainKey":{"iteration":392,"seed":"1mR0PWr1oqQaQ/QMW158fW4vld6suW+lcM1Od3ItFAg="},"senderSigningKey":{"public":"BfkbzA0YpeAu+TOigSSzs5s9NmVJro0V4f8+GHt1TSdT"},"senderMessageKeys":[]},{"senderKeyId":1339599160,"senderChainKey":{"iteration":393,"seed":"wEEf9DtduGHbgAAxJr1lhjMGv1w2HLopGxh0IgvYsh4="},"senderSigningKey":{"public":"BfkbzA0YpeAu+TOigSSzs5s9NmVJro0V4f8+GHt1TSdT"},"senderMessageKeys":[]},{"senderKeyId":1339599160,"senderChainKey":{"iteration":394,"seed":"nAoSIRU0VktFplHOtRRGUfgBPsZtTyHWUFVjjNJ0ZBQ="},"senderSigningKey":{"public":"BfkbzA0YpeAu+TOigSSzs5s9NmVJro0V4f8+GHt1TSdT"},"senderMessageKeys":[]},{"senderKeyId":1339599160,"senderChainKey":{"iteration":395,"seed":"hOwwR+Dciq70aIpfkJQBNe2AifI+qvl1YBpyCzmMuqM="},"senderSigningKey":{"public":"BfkbzA0YpeAu+TOigSSzs5s9NmVJro0V4f8+GHt1TSdT"},"senderMessageKeys":[]},{"senderKeyId":1339599160,"senderChainKey":{"iteration":396,"seed":"doaENuFQY+gPWM0gjiZpAjcMXgq3ajPevNoNJAaZKrk="},"senderSigningKey":{"public":"BfkbzA0YpeAu+TOigSSzs5s9NmVJro0V4f8+GHt1TSdT"},"senderMessageKeys":[]},{"senderKeyId":1339599160,"senderChainKey":{"iteration":397,"seed":"FSmmUhyPR1elLlhDH4jPyqyV0AWq/2BWGkxfSQjjJB8="},"senderSigningKey":{"public":"BfkbzA0YpeAu+TOigSSzs5s9NmVJro0V4f8+GHt1TSdT"},"senderMessageKeys":[]},{"senderKeyId":1339599160,"senderChainKey":{"iteration":398,"seed":"VX6c8IALQZSiEanL/PU416NJbL7Uo+BiKaoexflumcQ="},"senderSigningKey":{"public":"BfkbzA0YpeAu+TOigSSzs5s9NmVJro0V4f8+GHt1TSdT"},"senderMessageKeys":[]},{"senderKeyId":1339599160,"senderChainKey":{"iteration":399,"seed":"HWj2sw3DqZ7IgCQhRD8nICUwH4yMDSGGNq8a+6cU5bU="},"senderSigningKey":{"public":"BfkbzA0YpeAu+TOigSSzs5s9NmVJro0V4f8+GHt1TSdT"},"senderMessageKeys":[]},{"senderKeyId":1339599160,"senderChainKey":{"iteration":400,"seed":"lldiJRrAjtLI5dy4YxpApUyEDzWO4piV0Ka6+MGB5Yo="},"senderSigningKey":{"public":"BfkbzA0YpeAu+TOigSSzs5s9NmVJro0V4f8+GHt1TSdT"},"senderMessageKeys":[]},{"senderKeyId":1339599160,"senderChainKey":{"iteration":401,"seed":"cVb1wlGdOynvNWMq26BnC2yv1otRgL/iBhFd+byoOf4="},"senderSigningKey":{"public":"BfkbzA0YpeAu+TOigSSzs5s9NmVJro0V4f8+GHt1TSdT"},"senderMessageKeys":[]},{"senderKeyId":1339599160,"senderChainKey":{"iteration":402,"seed":"JI6TDSHlgSq75fW5cKmbbpwooUFrEmRIvZYylhP9kJw="},"senderSigningKey":{"public":"BfkbzA0YpeAu+TOigSSzs5s9NmVJro0V4f8+GHt1TSdT"},"senderMessageKeys":[]},{"senderKeyId":1339599160,"senderChainKey":{"iteration":403,"seed":"xeF+FlAQ7F8pN6me8WR1XdHHpmzH9+b+cnkv8PgbY9I="},"senderSigningKey":{"public":"BfkbzA0YpeAu+TOigSSzs5s9NmVJro0V4f8+GHt1TSdT"},"senderMessageKeys":[]},{"senderKeyId":1339599160,"senderChainKey":{"iteration":404,"seed":"9aSZWb3vbYRhngYgWpLLVj2qVUtJYOJ0IApCZaPGW3U="},"senderSigningKey":{"public":"BfkbzA0YpeAu+TOigSSzs5s9NmVJro0V4f8+GHt1TSdT"},"senderMessageKeys":[]},{"senderKeyId":1339599160,"senderChainKey":{"iteration":405,"seed":"D0/FkL2lVBkWGDtte6j1YK+e90gZrmjXJRLQC3/YApU="},"senderSigningKey":{"public":"BfkbzA0YpeAu+TOigSSzs5s9NmVJro0V4f8+GHt1TSdT"},"senderMessageKeys":[]},{"senderKeyId":1339599160,"senderChainKey":{"iteration":406,"seed":"A+uY3HNC1vxoVoH1pi5rxj+vfUZu5o5Ax9ELjx2Z3Sc="},"senderSigningKey":{"public":"BfkbzA0YpeAu+TOigSSzs5s9NmVJro0V4f8+GHt1TSdT"},"senderMessageKeys":[]},{"senderKeyId":1339599160,"senderChainKey":{"iteration":407,"seed":"xkONeDNBRgGT8LlkhZ392ZN+D5R9zTSMy1UIV6rHo4A="},"senderSigningKey":{"public":"BfkbzA0YpeAu+TOigSSzs5s9NmVJro0V4f8+GHt1TSdT"},"senderMessageKeys":[]},{"senderKeyId":1339599160,"senderChainKey":{"iteration":408,"seed":"Ch5C5bwTtM3L2vKaT6tsv0yWydq/Cq699WuGl7zHkz8="},"senderSigningKey":{"public":"BfkbzA0YpeAu+TOigSSzs5s9NmVJro0V4f8+GHt1TSdT"},"senderMessageKeys":[]},{"senderKeyId":1339599160,"senderChainKey":{"iteration":409,"seed":"Wx7O2OZUJ6eWw271K56Rhs1+lEhtHZaKwmHjcK01Eyo="},"senderSigningKey":{"public":"BfkbzA0YpeAu+TOigSSzs5s9NmVJro0V4f8+GHt1TSdT"},"senderMessageKeys":[]},{"senderKeyId":1339599160,"senderChainKey":{"iteration":410,"seed":"cJu1rMVMncU2GpLyD7MKDRMubS7udQkAcUk8sMNXQ1Q="},"senderSigningKey":{"public":"BfkbzA0YpeAu+TOigSSzs5s9NmVJro0V4f8+GHt1TSdT"},"senderMessageKeys":[]},{"senderKeyId":1339599160,"senderChainKey":{"iteration":411,"seed":"J/CQ79P47UK2cRAsQspFZSMdJCnyceV662w0p3tTUmQ="},"senderSigningKey":{"public":"BfkbzA0YpeAu+TOigSSzs5s9NmVJro0V4f8+GHt1TSdT"},"senderMessageKeys":[]},{"senderKeyId":1339599160,"senderChainKey":{"iteration":412,"seed":"WXtHkQuHK6t5h5YrM+e0x/NAS8yU8DiGqU313IRylcw="},"senderSigningKey":{"public":"BfkbzA0YpeAu+TOigSSzs5s9NmVJro0V4f8+GHt1TSdT"},"senderMessageKeys":[]},{"senderKeyId":1339599160,"senderChainKey":{"iteration":413,"seed":"HAaMpRBnMlgwI2Fu4vjb/IpPA0XRfFaThPn33HqnIEg="},"senderSigningKey":{"public":"BfkbzA0YpeAu+TOigSSzs5s9NmVJro0V4f8+GHt1TSdT"},"senderMessageKeys":[]},{"senderKeyId":1339599160,"senderChainKey":{"iteration":414,"seed":"IiCbKCuhYpRgMoiI46UFDYNBRlIQ8c9qrfuul8fzWww="},"senderSigningKey":{"public":"BfkbzA0YpeAu+TOigSSzs5s9NmVJro0V4f8+GHt1TSdT"},"senderMessageKeys":[]},{"senderKeyId":1339599160,"senderChainKey":{"iteration":415,"seed":"/c8LrRMWgMqQWoJ83QOZudgqfC9uoY0itKlW4axcVnY="},"senderSigningKey":{"public":"BfkbzA0YpeAu+TOigSSzs5s9NmVJro0V4f8+GHt1TSdT"},"senderMessageKeys":[]},{"senderKeyId":1339599160,"senderChainKey":{"iteration":416,"seed":"6A1FhaFi8IXl2+UyYMHKclYaR4GJR+UN5EVH1aglWn0="},"senderSigningKey":{"public":"BfkbzA0YpeAu+TOigSSzs5s9NmVJro0V4f8+GHt1TSdT"},"senderMessageKeys":[]},{"senderKeyId":1339599160,"senderChainKey":{"iteration":417,"seed":"ReuD9Pe+EaZ3EIOqPZ5PQkmeis4e1NFCv8LmrDU4FJ0="},"senderSigningKey":{"public":"BfkbzA0YpeAu+TOigSSzs5s9NmVJro0V4f8+GHt1TSdT"},"senderMessageKeys":[]},{"senderKeyId":1339599160,"senderChainKey":{"iteration":418,"seed":"PKQEVbaienQPC/gqgNSgDxlynD5H5wruBJITXWHSsog="},"senderSigningKey":{"public":"BfkbzA0YpeAu+TOigSSzs5s9NmVJro0V4f8+GHt1TSdT"},"senderMessageKeys":[]},{"senderKeyId":1339599160,"senderChainKey":{"iteration":419,"seed":"CMI7JBWScrwIThimNj7gN0NfIsd9OquSaUY9Fv2iC5c="},"senderSigningKey":{"public":"BfkbzA0YpeAu+TOigSSzs5s9NmVJro0V4f8+GHt1TSdT"},"senderMessageKeys":[]},{"senderKeyId":1339599160,"senderChainKey":{"iteration":420,"seed":"qbruCKI+ADoLeTbdSX4Fv8ns2LLaIe/IdLwCwOrDf6g="},"senderSigningKey":{"public":"BfkbzA0YpeAu+TOigSSzs5s9NmVJro0V4f8+GHt1TSdT"},"senderMessageKeys":[]},{"senderKeyId":1339599160,"senderChainKey":{"iteration":421,"seed":"QNzeQG7t1Y7lnMB5IzSfUwPAvxhCI/GF7M3ylTn8xvE="},"senderSigningKey":{"public":"BfkbzA0YpeAu+TOigSSzs5s9NmVJro0V4f8+GHt1TSdT"},"senderMessageKeys":[]},{"senderKeyId":1339599160,"senderChainKey":{"iteration":422,"seed":"V0uNR8oSdKtgexusi9RThyQmlx5BKaRAVF9VQ20nLMA="},"senderSigningKey":{"public":"BfkbzA0YpeAu+TOigSSzs5s9NmVJro0V4f8+GHt1TSdT"},"senderMessageKeys":[]},{"senderKeyId":1339599160,"senderChainKey":{"iteration":423,"seed":"HOsccY8oB/4uJboPQb3VNyX2MqBJh8OP5q8qsTGqM1M="},"senderSigningKey":{"public":"BfkbzA0YpeAu+TOigSSzs5s9NmVJro0V4f8+GHt1TSdT"},"senderMessageKeys":[]},{"senderKeyId":1339599160,"senderChainKey":{"iteration":424,"seed":"bWpGvkktdFwr/2IkfiQUllHvdGeLF5MNVc9EE8k3SgU="},"senderSigningKey":{"public":"BfkbzA0YpeAu+TOigSSzs5s9NmVJro0V4f8+GHt1TSdT"},"senderMessageKeys":[]},{"senderKeyId":1339599160,"senderChainKey":{"iteration":425,"seed":"EatkL0JIFgj+J4gsc4951cVws6ROF5cDeIOzORhPgkY="},"senderSigningKey":{"public":"BfkbzA0YpeAu+TOigSSzs5s9NmVJro0V4f8+GHt1TSdT"},"senderMessageKeys":[]},{"senderKeyId":1339599160,"senderChainKey":{"iteration":426,"seed":"bf1m3ev7oTvEGjQNdaJALi6HqHR4yBb2centz5nSCMU="},"senderSigningKey":{"public":"BfkbzA0YpeAu+TOigSSzs5s9NmVJro0V4f8+GHt1TSdT"},"senderMessageKeys":[]},{"senderKeyId":1339599160,"senderChainKey":{"iteration":427,"seed":"wyuCASXFiLT+ra60JP6Ev32z47jju31cInLg5C61/T8="},"senderSigningKey":{"public":"BfkbzA0YpeAu+TOigSSzs5s9NmVJro0V4f8+GHt1TSdT"},"senderMessageKeys":[]},{"senderKeyId":1339599160,"senderChainKey":{"iteration":428,"seed":"Fem4Jkmu/bYUoO97ldUN/4PS5V4rEX1pw3iNv4L7Btw="},"senderSigningKey":{"public":"BfkbzA0YpeAu+TOigSSzs5s9NmVJro0V4f8+GHt1TSdT"},"senderMessageKeys":[]},{"senderKeyId":1339599160,"senderChainKey":{"iteration":429,"seed":"wz4a7yxut/DpfEVlmB7Yi2QIBVvGnqrttcGl4BVAysY="},"senderSigningKey":{"public":"BfkbzA0YpeAu+TOigSSzs5s9NmVJro0V4f8+GHt1TSdT"},"senderMessageKeys":[]},{"senderKeyId":1339599160,"senderChainKey":{"iteration":430,"seed":"XwaKLMeMz8MgMAoB19NI9TpCH01diAHl66mQKnaJMPc="},"senderSigningKey":{"public":"BfkbzA0YpeAu+TOigSSzs5s9NmVJro0V4f8+GHt1TSdT"},"senderMessageKeys":[]},{"senderKeyId":1339599160,"senderChainKey":{"iteration":431,"seed":"twqFbAqqbrqzi5KLl3UyFPhbc0CyBjGJedl/ggUteo8="},"senderSigningKey":{"public":"BfkbzA0YpeAu+TOigSSzs5s9NmVJro0V4f8+GHt1TSdT"},"senderMessageKeys":[]},{"senderKeyId":1339599160,"senderChainKey":{"iteration":432,"seed":"XcnAYCFHwKzuEwmpO20O+8wHbbSBe4KWOfc86onrqE0="},"senderSigningKey":{"public":"BfkbzA0YpeAu+TOigSSzs5s9NmVJro0V4f8+GHt1TSdT"},"senderMessageKeys":[]},{"senderKeyId":1339599160,"senderChainKey":{"iteration":433,"seed":"o9PyfPW4sm7yfeAwMy8NsDn2JKuc8Agg+/fmFRtuL7s="},"senderSigningKey":{"public":"BfkbzA0YpeAu+TOigSSzs5s9NmVJro0V4f8+GHt1TSdT"},"senderMessageKeys":[]},{"senderKeyId":1339599160,"senderChainKey":{"iteration":434,"seed":"Ziq5fy072gaNGESB6luJuJFPG7YTq4D4nMnXCzEG9H4="},"senderSigningKey":{"public":"BfkbzA0YpeAu+TOigSSzs5s9NmVJro0V4f8+GHt1TSdT"},"senderMessageKeys":[]},{"senderKeyId":1339599160,"senderChainKey":{"iteration":435,"seed":"gRjZlmRwz/ChYF8WeA/3kNgW5ELStg/RXx3UDpEvA68="},"senderSigningKey":{"public":"BfkbzA0YpeAu+TOigSSzs5s9NmVJro0V4f8+GHt1TSdT"},"senderMessageKeys":[]},{"senderKeyId":1339599160,"senderChainKey":{"iteration":436,"seed":"4nfyuJ2dzpHKWpDKBLoigPxlf3mCPsKi17nYnvpzaDQ="},"senderSigningKey":{"public":"BfkbzA0YpeAu+TOigSSzs5s9NmVJro0V4f8+GHt1TSdT"},"senderMessageKeys":[]},{"senderKeyId":1339599160,"senderChainKey":{"iteration":437,"seed":"edz7w9CfIkQ9Kw2RS6JIfqTTz0G9ZsNRDXSKdXjLxVc="},"senderSigningKey":{"public":"BfkbzA0YpeAu+TOigSSzs5s9NmVJro0V4f8+GHt1TSdT"},"senderMessageKeys":[]},{"senderKeyId":1339599160,"senderChainKey":{"iteration":438,"seed":"8L2Ca9z/CaYrFw+ql4G37/me3fjg3SzbzLlc8y5mqCI="},"senderSigningKey":{"public":"BfkbzA0YpeAu+TOigSSzs5s9NmVJro0V4f8+GHt1TSdT"},"senderMessageKeys":[]},{"senderKeyId":1339599160,"senderChainKey":{"iteration":439,"seed":"mjRcpehBo1g0Qf5BvrLxXkUeTGysXu7bOhBhLbJRtI8="},"senderSigningKey":{"public":"BfkbzA0YpeAu+TOigSSzs5s9NmVJro0V4f8+GHt1TSdT"},"senderMessageKeys":[]},{"senderKeyId":1339599160,"senderChainKey":{"iteration":440,"seed":"M8JJlCr9K15hNuJNYgubnG3WkM1F8KdDgD6SeVjH3jo="},"senderSigningKey":{"public":"BfkbzA0YpeAu+TOigSSzs5s9NmVJro0V4f8+GHt1TSdT"},"senderMessageKeys":[]},{"senderKeyId":1339599160,"senderChainKey":{"iteration":441,"seed":"Ys58bUM8oV8xcQuMs4JZZJ6sxDNJftcn3NX4bfP6hGY="},"senderSigningKey":{"public":"BfkbzA0YpeAu+TOigSSzs5s9NmVJro0V4f8+GHt1TSdT"},"senderMessageKeys":[]},{"senderKeyId":1339599160,"senderChainKey":{"iteration":442,"seed":"w5ut+d1ZQcIxMTsNGcxw9z+B4OMBi+zUAWimR99Zf3Y="},"senderSigningKey":{"public":"BfkbzA0YpeAu+TOigSSzs5s9NmVJro0V4f8+GHt1TSdT"},"senderMessageKeys":[]},{"senderKeyId":1339599160,"senderChainKey":{"iteration":443,"seed":"n06CajRyw2u1OhvA42SHMPxpDaGS87izy+3QcnK2ezA="},"senderSigningKey":{"public":"BfkbzA0YpeAu+TOigSSzs5s9NmVJro0V4f8+GHt1TSdT"},"senderMessageKeys":[]},{"senderKeyId":1339599160,"senderChainKey":{"iteration":444,"seed":"Nh5DPKuiO0pNKXOWAhIVliBQajOmnM0vTRAEXKnA4CM="},"senderSigningKey":{"public":"BfkbzA0YpeAu+TOigSSzs5s9NmVJro0V4f8+GHt1TSdT"},"senderMessageKeys":[]},{"senderKeyId":1339599160,"senderChainKey":{"iteration":445,"seed":"5XIYNeXJ9oHCIbmybhd87LlL2275OLhq06dPiTLIqR0="},"senderSigningKey":{"public":"BfkbzA0YpeAu+TOigSSzs5s9NmVJro0V4f8+GHt1TSdT"},"senderMessageKeys":[]},{"senderKeyId":1339599160,"senderChainKey":{"iteration":446,"seed":"ogy+CvaIs7T3WKVnrahGtYiH7zll1hpLP+h5HGPT0GY="},"senderSigningKey":{"public":"BfkbzA0YpeAu+TOigSSzs5s9NmVJro0V4f8+GHt1TSdT"},"senderMessageKeys":[]},{"senderKeyId":1339599160,"senderChainKey":{"iteration":448,"seed":"pGqhOTOckPT072ntiW5CLPji4fMei+HpngCU+jddTX4="},"senderSigningKey":{"public":"BfkbzA0YpeAu+TOigSSzs5s9NmVJro0V4f8+GHt1TSdT"},"senderMessageKeys":[]},{"senderKeyId":1339599160,"senderChainKey":{"iteration":449,"seed":"5P5A1tGwN3WZGtbbqpMiN90Z8Ndw5JsYT8fRsBzT5p0="},"senderSigningKey":{"public":"BfkbzA0YpeAu+TOigSSzs5s9NmVJro0V4f8+GHt1TSdT"},"senderMessageKeys":[]},{"senderKeyId":1339599160,"senderChainKey":{"iteration":450,"seed":"HwhJdDKmfjcdv1XN1llIr2AqbBP6Mf2VlysS0DLQ9s4="},"senderSigningKey":{"public":"BfkbzA0YpeAu+TOigSSzs5s9NmVJro0V4f8+GHt1TSdT"},"senderMessageKeys":[]},{"senderKeyId":1339599160,"senderChainKey":{"iteration":451,"seed":"6N5wkUycTUt5JW+SefratsXYm5YuW13djDUN58937so="},"senderSigningKey":{"public":"BfkbzA0YpeAu+TOigSSzs5s9NmVJro0V4f8+GHt1TSdT"},"senderMessageKeys":[]},{"senderKeyId":1339599160,"senderChainKey":{"iteration":452,"seed":"wiTRILDNCpagnGmcQXsyIcxOQnGvbiimu/Jl3n6s/Wo="},"senderSigningKey":{"public":"BfkbzA0YpeAu+TOigSSzs5s9NmVJro0V4f8+GHt1TSdT"},"senderMessageKeys":[]},{"senderKeyId":1339599160,"senderChainKey":{"iteration":453,"seed":"QKuY2FP0doymalKCxyD4Nit6PxyV96a/EghoCwKqNQU="},"senderSigningKey":{"public":"BfkbzA0YpeAu+TOigSSzs5s9NmVJro0V4f8+GHt1TSdT"},"senderMessageKeys":[]},{"senderKeyId":1339599160,"senderChainKey":{"iteration":454,"seed":"eb0Zq/m2DZaiopPfkRj+RDnwft0VfzcskK0owqBH6Nc="},"senderSigningKey":{"public":"BfkbzA0YpeAu+TOigSSzs5s9NmVJro0V4f8+GHt1TSdT"},"senderMessageKeys":[]},{"senderKeyId":1339599160,"senderChainKey":{"iteration":456,"seed":"DUImSyC4DrO5/FO26XsQ529x0xze1EL69dgIz3RLts8="},"senderSigningKey":{"public":"BfkbzA0YpeAu+TOigSSzs5s9NmVJro0V4f8+GHt1TSdT"},"senderMessageKeys":[]},{"senderKeyId":1339599160,"senderChainKey":{"iteration":457,"seed":"5rn81UL1ckqWFozHB6HRH5m8ZdhsHNzU2pCoxKiV1yQ="},"senderSigningKey":{"public":"BfkbzA0YpeAu+TOigSSzs5s9NmVJro0V4f8+GHt1TSdT"},"senderMessageKeys":[]},{"senderKeyId":1339599160,"senderChainKey":{"iteration":458,"seed":"YkoGCCuaSFjTPPDw1e4dkhVEgkIJvb4fJBPKGI8Yi9Q="},"senderSigningKey":{"public":"BfkbzA0YpeAu+TOigSSzs5s9NmVJro0V4f8+GHt1TSdT"},"senderMessageKeys":[]},{"senderKeyId":1339599160,"senderChainKey":{"iteration":459,"seed":"q69+rP7Fm0u9sAeQ/YyoLhHIOVm6UVwzhTzQGULZ83g="},"senderSigningKey":{"public":"BfkbzA0YpeAu+TOigSSzs5s9NmVJro0V4f8+GHt1TSdT"},"senderMessageKeys":[]},{"senderKeyId":1339599160,"senderChainKey":{"iteration":460,"seed":"ZSszT3o32T+PgnQWHJa1MRsDW9EDb7hQG3C/xuKlTyk="},"senderSigningKey":{"public":"BfkbzA0YpeAu+TOigSSzs5s9NmVJro0V4f8+GHt1TSdT"},"senderMessageKeys":[]},{"senderKeyId":1339599160,"senderChainKey":{"iteration":461,"seed":"6NgLoJ0X/Rkqr3RemmhW5b1RNQ90yT5zKTytbER6uok="},"senderSigningKey":{"public":"BfkbzA0YpeAu+TOigSSzs5s9NmVJro0V4f8+GHt1TSdT"},"senderMessageKeys":[]},{"senderKeyId":1339599160,"senderChainKey":{"iteration":462,"seed":"agQ/bVtmddaOcHXAxzct4ZT9temFl3Dd5o7jvuVIekA="},"senderSigningKey":{"public":"BfkbzA0YpeAu+TOigSSzs5s9NmVJro0V4f8+GHt1TSdT"},"senderMessageKeys":[]},{"senderKeyId":1339599160,"senderChainKey":{"iteration":463,"seed":"qKvwKeEztJZxZoh71sFVBkMqfQFsxM0zkF83bX2ykT4="},"senderSigningKey":{"public":"BfkbzA0YpeAu+TOigSSzs5s9NmVJro0V4f8+GHt1TSdT"},"senderMessageKeys":[]},{"senderKeyId":1339599160,"senderChainKey":{"iteration":464,"seed":"zVETsPegraZtIJjT0dOX9FL0ZSsz7mSIrq5ncWY5Cng="},"senderSigningKey":{"public":"BfkbzA0YpeAu+TOigSSzs5s9NmVJro0V4f8+GHt1TSdT"},"senderMessageKeys":[]},{"senderKeyId":1339599160,"senderChainKey":{"iteration":465,"seed":"wslsnKM9NfwOVn7BCM7XLWo4Ko5ksSXtDP885djUQWA="},"senderSigningKey":{"public":"BfkbzA0YpeAu+TOigSSzs5s9NmVJro0V4f8+GHt1TSdT"},"senderMessageKeys":[]},{"senderKeyId":1339599160,"senderChainKey":{"iteration":466,"seed":"z6PRFFzPyMPhlLRG4El4GqfPaJ1t5QsRtftgFadKaTQ="},"senderSigningKey":{"public":"BfkbzA0YpeAu+TOigSSzs5s9NmVJro0V4f8+GHt1TSdT"},"senderMessageKeys":[]},{"senderKeyId":1339599160,"senderChainKey":{"iteration":467,"seed":"xvncHWxIdHr9D99z3N05kM7jVlMX/0y8Zzsukz1V4Kk="},"senderSigningKey":{"public":"BfkbzA0YpeAu+TOigSSzs5s9NmVJro0V4f8+GHt1TSdT"},"senderMessageKeys":[]},{"senderKeyId":1339599160,"senderChainKey":{"iteration":468,"seed":"DQoAbfCqnFDFrY+GmXnQVMlHyHqzWYl2F69Wur7jgKM="},"senderSigningKey":{"public":"BfkbzA0YpeAu+TOigSSzs5s9NmVJro0V4f8+GHt1TSdT"},"senderMessageKeys":[]},{"senderKeyId":1339599160,"senderChainKey":{"iteration":469,"seed":"QPxgeGGIXXQNz1Ue++m2EXCaPs9+hvh2tPy5WWZmj0I="},"senderSigningKey":{"public":"BfkbzA0YpeAu+TOigSSzs5s9NmVJro0V4f8+GHt1TSdT"},"senderMessageKeys":[]},{"senderKeyId":1339599160,"senderChainKey":{"iteration":470,"seed":"qTMkg0rqvHrHwtlF6eojik26Ebd7+8MsmoHemQPx9DI="},"senderSigningKey":{"public":"BfkbzA0YpeAu+TOigSSzs5s9NmVJro0V4f8+GHt1TSdT"},"senderMessageKeys":[]},{"senderKeyId":1339599160,"senderChainKey":{"iteration":471,"seed":"QWszW9rlOw6UWCCT1QCBOBEqdyUooUdHnFF5fLt1rqA="},"senderSigningKey":{"public":"BfkbzA0YpeAu+TOigSSzs5s9NmVJro0V4f8+GHt1TSdT"},"senderMessageKeys":[]},{"senderKeyId":1339599160,"senderChainKey":{"iteration":472,"seed":"IGuZmEeyStfKEkd33LFTwQY69ZBydBYElkVpYD+UHA8="},"senderSigningKey":{"public":"BfkbzA0YpeAu+TOigSSzs5s9NmVJro0V4f8+GHt1TSdT"},"senderMessageKeys":[]},{"senderKeyId":1339599160,"senderChainKey":{"iteration":473,"seed":"+XhEBY5EnDfgtxo2nmMCPK60BvLFvL+Tisrgn1v3KZ0="},"senderSigningKey":{"public":"BfkbzA0YpeAu+TOigSSzs5s9NmVJro0V4f8+GHt1TSdT"},"senderMessageKeys":[]},{"senderKeyId":1339599160,"senderChainKey":{"iteration":474,"seed":"eQVj3oa6A+AGu55l0kSvOaxO211Rme9MfeiD1ZTL5jk="},"senderSigningKey":{"public":"BfkbzA0YpeAu+TOigSSzs5s9NmVJro0V4f8+GHt1TSdT"},"senderMessageKeys":[]},{"senderKeyId":1339599160,"senderChainKey":{"iteration":475,"seed":"ML3uPj4yurx2COlYIrW68qBj1Fdnp6owlhpF1+7h2iA="},"senderSigningKey":{"public":"BfkbzA0YpeAu+TOigSSzs5s9NmVJro0V4f8+GHt1TSdT"},"senderMessageKeys":[]},{"senderKeyId":1339599160,"senderChainKey":{"iteration":476,"seed":"ZTWZZ3OzyM1/e2+/GL9a0oUDgbVXOCfjSNS+28btURA="},"senderSigningKey":{"public":"BfkbzA0YpeAu+TOigSSzs5s9NmVJro0V4f8+GHt1TSdT"},"senderMessageKeys":[]},{"senderKeyId":1339599160,"senderChainKey":{"iteration":477,"seed":"erzvJicB4wD09Z7igG6iwcZkUC/vWNUb9EQ7b0rJ3U4="},"senderSigningKey":{"public":"BfkbzA0YpeAu+TOigSSzs5s9NmVJro0V4f8+GHt1TSdT"},"senderMessageKeys":[]},{"senderKeyId":1339599160,"senderChainKey":{"iteration":478,"seed":"UzNvQUJ6C5fg6/nK0tEC84piN/oEgQ7ysWyDPWDP/Wc="},"senderSigningKey":{"public":"BfkbzA0YpeAu+TOigSSzs5s9NmVJro0V4f8+GHt1TSdT"},"senderMessageKeys":[]},{"senderKeyId":1339599160,"senderChainKey":{"iteration":479,"seed":"ZFdNez2yrSZ08p5HG1IKcU+wJEpfGfC2W76OPiPuNMo="},"senderSigningKey":{"public":"BfkbzA0YpeAu+TOigSSzs5s9NmVJro0V4f8+GHt1TSdT"},"senderMessageKeys":[]},{"senderKeyId":1339599160,"senderChainKey":{"iteration":480,"seed":"8txeXQI96p0PRas8/SkBOzGQ52DvUflyRHEVrU1mp1A="},"senderSigningKey":{"public":"BfkbzA0YpeAu+TOigSSzs5s9NmVJro0V4f8+GHt1TSdT"},"senderMessageKeys":[]},{"senderKeyId":1339599160,"senderChainKey":{"iteration":481,"seed":"SNKrdHsCU8ZqWB8UxIXjbHrBdNAK2B7jYn5Uppry9kU="},"senderSigningKey":{"public":"BfkbzA0YpeAu+TOigSSzs5s9NmVJro0V4f8+GHt1TSdT"},"senderMessageKeys":[]},{"senderKeyId":1339599160,"senderChainKey":{"iteration":482,"seed":"IIvE9RukCyxIt32gasOEJuTD6+XCjoCwrNHV4aapMdo="},"senderSigningKey":{"public":"BfkbzA0YpeAu+TOigSSzs5s9NmVJro0V4f8+GHt1TSdT"},"senderMessageKeys":[]},{"senderKeyId":1339599160,"senderChainKey":{"iteration":483,"seed":"En2T3u7WJY42Wu6cUZTVOQ/L4m/SL/qJtW/6BZDPFIY="},"senderSigningKey":{"public":"BfkbzA0YpeAu+TOigSSzs5s9NmVJro0V4f8+GHt1TSdT"},"senderMessageKeys":[]},{"senderKeyId":1339599160,"senderChainKey":{"iteration":484,"seed":"hh3EsNxjlc5JXnNQVbLk2+3JftcGP5LnJf2CxskG5lw="},"senderSigningKey":{"public":"BfkbzA0YpeAu+TOigSSzs5s9NmVJro0V4f8+GHt1TSdT"},"senderMessageKeys":[]},{"senderKeyId":1339599160,"senderChainKey":{"iteration":485,"seed":"vvQjzSspUkL+dErkbSfXSXc1nOydoxPOOsZ+NFQmqf0="},"senderSigningKey":{"public":"BfkbzA0YpeAu+TOigSSzs5s9NmVJro0V4f8+GHt1TSdT"},"senderMessageKeys":[]},{"senderKeyId":1339599160,"senderChainKey":{"iteration":486,"seed":"zZmNrYikuwWsEWNk3MBSG2HrFSNET0GhdNt+Gras1I4="},"senderSigningKey":{"public":"BfkbzA0YpeAu+TOigSSzs5s9NmVJro0V4f8+GHt1TSdT"},"senderMessageKeys":[]},{"senderKeyId":1339599160,"senderChainKey":{"iteration":487,"seed":"m6Z6lCBonN+uvrwDd0zWgCR57bFMJsOT6437mwcEDj4="},"senderSigningKey":{"public":"BfkbzA0YpeAu+TOigSSzs5s9NmVJro0V4f8+GHt1TSdT"},"senderMessageKeys":[]},{"senderKeyId":1339599160,"senderChainKey":{"iteration":488,"seed":"zDheRveegsP+aBwGorJ6KA0Z1+2snowoDqlGROjY+gs="},"senderSigningKey":{"public":"BfkbzA0YpeAu+TOigSSzs5s9NmVJro0V4f8+GHt1TSdT"},"senderMessageKeys":[]},{"senderKeyId":1339599160,"senderChainKey":{"iteration":489,"seed":"MYAadbNCn2a1cB/bvMkn9qVyvNxM5ZYsp0+TCK/Z1Po="},"senderSigningKey":{"public":"BfkbzA0YpeAu+TOigSSzs5s9NmVJro0V4f8+GHt1TSdT"},"senderMessageKeys":[]},{"senderKeyId":1339599160,"senderChainKey":{"iteration":490,"seed":"IYNIbXYgHfbJ2nFfaKKD2TdlUL4i9M2+l7W80s5k3es="},"senderSigningKey":{"public":"BfkbzA0YpeAu+TOigSSzs5s9NmVJro0V4f8+GHt1TSdT"},"senderMessageKeys":[]},{"senderKeyId":1339599160,"senderChainKey":{"iteration":491,"seed":"eWH6rgFBj8QotDDpCmbmNUHeSnUHKfzTowC3NagA+zc="},"senderSigningKey":{"public":"BfkbzA0YpeAu+TOigSSzs5s9NmVJro0V4f8+GHt1TSdT"},"senderMessageKeys":[]},{"senderKeyId":1339599160,"senderChainKey":{"iteration":492,"seed":"kfZwWoGfntUmsEw0D8WlM67iSPYyrpzPfPHD8Z1XxfY="},"senderSigningKey":{"public":"BfkbzA0YpeAu+TOigSSzs5s9NmVJro0V4f8+GHt1TSdT"},"senderMessageKeys":[]},{"senderKeyId":1339599160,"senderChainKey":{"iteration":493,"seed":"eDBI+01JXlas929Az/nC0iTAiaDF8Qd0wuqTFminDzg="},"senderSigningKey":{"public":"BfkbzA0YpeAu+TOigSSzs5s9NmVJro0V4f8+GHt1TSdT"},"senderMessageKeys":[]},{"senderKeyId":1339599160,"senderChainKey":{"iteration":494,"seed":"sj6+bMU5EPiK+PXXHj6evHCd62IovGqXXyhHCUiFbGA="},"senderSigningKey":{"public":"BfkbzA0YpeAu+TOigSSzs5s9NmVJro0V4f8+GHt1TSdT"},"senderMessageKeys":[]},{"senderKeyId":1339599160,"senderChainKey":{"iteration":495,"seed":"/ofGO2EDrbz7guEFhiWpgsCkQk4a+Ro002gFZbYK14A="},"senderSigningKey":{"public":"BfkbzA0YpeAu+TOigSSzs5s9NmVJro0V4f8+GHt1TSdT"},"senderMessageKeys":[]},{"senderKeyId":1339599160,"senderChainKey":{"iteration":496,"seed":"7Ly6Mreog8PTOEiKfyMjbNB7W3zMGq9g6ipyY6matBQ="},"senderSigningKey":{"public":"BfkbzA0YpeAu+TOigSSzs5s9NmVJro0V4f8+GHt1TSdT"},"senderMessageKeys":[]},{"senderKeyId":1339599160,"senderChainKey":{"iteration":497,"seed":"wrFYGLr0NTo0eAEWyibN69IOJ32MOg4RBtF2bYNZI+0="},"senderSigningKey":{"public":"BfkbzA0YpeAu+TOigSSzs5s9NmVJro0V4f8+GHt1TSdT"},"senderMessageKeys":[]},{"senderKeyId":1339599160,"senderChainKey":{"iteration":498,"seed":"SfFiDOFqRJtEkXOgpGvyvTOfxXjvcVTu0gMG6XSPPGA="},"senderSigningKey":{"public":"BfkbzA0YpeAu+TOigSSzs5s9NmVJro0V4f8+GHt1TSdT"},"senderMessageKeys":[]},{"senderKeyId":1339599160,"senderChainKey":{"iteration":499,"seed":"Cw/Zrm9RbIIsc4WI7SkZtTEyyaq7OcKvTe/yWUOGRLA="},"senderSigningKey":{"public":"BfkbzA0YpeAu+TOigSSzs5s9NmVJro0V4f8+GHt1TSdT"},"senderMessageKeys":[]},{"senderKeyId":1339599160,"senderChainKey":{"iteration":500,"seed":"0GNlyhehzzaTW69WXaR7sHU3l3yohZN+Cg965csYPxQ="},"senderSigningKey":{"public":"BfkbzA0YpeAu+TOigSSzs5s9NmVJro0V4f8+GHt1TSdT"},"senderMessageKeys":[]},{"senderKeyId":1339599160,"senderChainKey":{"iteration":577,"seed":"+oOB/mfR54xXjeu/poomlaEGo2t282ErMKweoV1qhJg="},"senderSigningKey":{"public":"BfkbzA0YpeAu+TOigSSzs5s9NmVJro0V4f8+GHt1TSdT"},"senderMessageKeys":[]},{"senderKeyId":1339599160,"senderChainKey":{"iteration":589,"seed":"J0FXhfQGh33Yf6U4eTfn07q1FO96pk5/FQx1kzbvxzY="},"senderSigningKey":{"public":"BfkbzA0YpeAu+TOigSSzs5s9NmVJro0V4f8+GHt1TSdT"},"senderMessageKeys":[]},{"senderKeyId":1339599160,"senderChainKey":{"iteration":596,"seed":"DLnrEX664Grthm/10h8W+owGLhbHCAgZLBec6C8eJM0="},"senderSigningKey":{"public":"BfkbzA0YpeAu+TOigSSzs5s9NmVJro0V4f8+GHt1TSdT"},"senderMessageKeys":[]},{"senderKeyId":1339599160,"senderChainKey":{"iteration":597,"seed":"kMOaezQ0D1uO5x41g5POugW6avq/EEFTnsNhY4K60YI="},"senderSigningKey":{"public":"BfkbzA0YpeAu+TOigSSzs5s9NmVJro0V4f8+GHt1TSdT"},"senderMessageKeys":[]},{"senderKeyId":1339599160,"senderChainKey":{"iteration":605,"seed":"SqgecjnZS+XVsNp6A29tw/0k04nWCITqg6uaHlttv0Q="},"senderSigningKey":{"public":"BfkbzA0YpeAu+TOigSSzs5s9NmVJro0V4f8+GHt1TSdT"},"senderMessageKeys":[]}]