[{"senderKeyId":2085909596,"senderChainKey":{"iteration":16,"seed":"Z6phI6rP7lbcvfbN5SGz77+4rTttb5OM+yMhKrEw+pg="},"senderSigningKey":{"public":"BWEt0qi1I9MEFOwgGqKgeKtVf1mdtC2kgecT7og7y59D"},"senderMessageKeys":[]},{"senderKeyId":1769364030,"senderChainKey":{"iteration":2,"seed":"wcvG7f9PqxukLU63JsMsE9WQEAlATCdZl+PCSLvm9y8="},"senderSigningKey":{"public":"BREQ4vIVZJqwaachUydL0pLEVeNAgX6t9lFHYaCIriNw"},"senderMessageKeys":[]},{"senderKeyId":1450369816,"senderChainKey":{"iteration":6,"seed":"p4v8jTGglvio2kKfBhg31lHTYfpSixWVbav9yelJvKQ="},"senderSigningKey":{"public":"BUWB1gk6Ma30g0ZuCyxHTeNP1FUbQGbf2M0jeumm04Ri"},"senderMessageKeys":[]},{"senderKeyId":1844729320,"senderChainKey":{"iteration":2,"seed":"RhOy5YgEaONqyPWjbVI1G2Gap8LZ5HxbkYxFz9rVgJo="},"senderSigningKey":{"public":"BU0gWxyPPenvTsRgdQdKj1SSWqUyc1Bu4SqtqETjwNg9"},"senderMessageKeys":[]},{"senderKeyId":1128835217,"senderChainKey":{"iteration":8,"seed":"dbxVpZE/WUkEr7zXZUAzzl6D/0GzafIMZGveJE01yyU="},"senderSigningKey":{"public":"BcHlhh8Ez9LFsOvDbhTNXNgkBTxBuOHpSyc1xKbERzU8"},"senderMessageKeys":[]},{"senderKeyId":1539522325,"senderChainKey":{"iteration":2,"seed":"WJW/OSjOqo9kZvoELj5vM4uBqDeO08JaBIOzq6R7sSM="},"senderSigningKey":{"public":"BQrW+84x7ac3+R92XyL7dkxXG2h36hSeujc12wUpEAJ1"},"senderMessageKeys":[]},{"senderKeyId":1305145923,"senderChainKey":{"iteration":5,"seed":"26cZ6FSaFVJHzVkmxBs6OdgxLTvEZLGFY3FMivM7C+0="},"senderSigningKey":{"public":"Bclq09O7J1t7KVEvW3X9JnwvlAIz7GE+YPdb+efKYyNS"},"senderMessageKeys":[]}]