[{"senderKeyId":750105110,"senderChainKey":{"iteration":96,"seed":"sLQr540drW7n3KzYgpCtEUcvOVDIN0GlTp/G1XNhYHg="},"senderSigningKey":{"public":"BVi+hrpPY5thWXAICKUc4tekLyPZJhd38/9ODJ4MGqhi"},"senderMessageKeys":[]},{"senderKeyId":1592606800,"senderChainKey":{"iteration":2,"seed":"gxLGGzrTNNIcJPFkLm9EXXsbRMAr9BUH3WQ4Hwx0L3w="},"senderSigningKey":{"public":"BQRBFUzdZm61mlTkc35Cj7/bmKHsKOp98U2xp9fP0lsn"},"senderMessageKeys":[]},{"senderKeyId":86936123,"senderChainKey":{"iteration":7,"seed":"GGM29O49IXVD/YDWRumTCWjD583zd7nZN2Nde9SNPlU="},"senderSigningKey":{"public":"BX1fWmIKGFfTolqLHuRcyydO/iAjXHmmYVnal0W8r4cO"},"senderMessageKeys":[]}]