[{"senderKeyId":1804370757,"senderChainKey":{"iteration":0,"seed":"06MUNolqeaZf+/azX5dRg8EejoHViVIsOdxgJIVlAtk="},"senderSigningKey":{"public":"BfYfeKzxVehjtb9C+YH4CDZLu4OoEJ2PXzdRUS0W4NYJ"},"senderMessageKeys":[]},{"senderKeyId":741845550,"senderChainKey":{"iteration":7,"seed":"5XOaTuiJz5Q+x4K3bBjoeFIV2taR042FR3SVbwe8vzo="},"senderSigningKey":{"public":"BZU+/ndYdCm4dJoS4j45MYFmZ1yIVUrqrlKMBqXEDFlm"},"senderMessageKeys":[]},{"senderKeyId":741845550,"senderChainKey":{"iteration":6,"seed":"DVe847D8swZ0DmJgf1676KgXgMroP8ImjtsBzBbo67I="},"senderSigningKey":{"public":"BZU+/ndYdCm4dJoS4j45MYFmZ1yIVUrqrlKMBqXEDFlm"},"senderMessageKeys":[]},{"senderKeyId":1902634609,"senderChainKey":{"iteration":1,"seed":"/hY9DO0frTLjmq3QLHqhU2ZCX7dc+JUVdEM9V2voVaI="},"senderSigningKey":{"public":"BTOLNhjQnLusiu6qOsBdYEay6aRNksSExKq/+yTGSsg0"},"senderMessageKeys":[]}]