[{"senderKeyId":700263880,"senderChainKey":{"iteration":5,"seed":"Fifv0bAvHeyzifd2k0ZOyOxo8Tl91J64Bmi63XPTdso="},"senderSigningKey":{"public":"BVmnIG4mvJe8Ssq8nUIbn1gRU8o0jzYNZWntLf/iMngq"},"senderMessageKeys":[]},{"senderKeyId":366205616,"senderChainKey":{"iteration":2,"seed":"o4TJ28JKrT8PMXtwn2ml5rseVh6+KwnlQ90EB+nF+dE="},"senderSigningKey":{"public":"BcQiAhj7tXhB5VE+qDshylPiuYEVYF7SKUCTfK1kxXRe"},"senderMessageKeys":[]},{"senderKeyId":1497314981,"senderChainKey":{"iteration":5,"seed":"Xznev1BCXS/1CpOI4Tye98eblWHRvd/vUrm9q1yv8MI="},"senderSigningKey":{"public":"BW+c0p6Wyoxewf+VaTi6BRKgY1UmMgGCZFSJjycJDHBh"},"senderMessageKeys":[]},{"senderKeyId":1987106708,"senderChainKey":{"iteration":2,"seed":"6CovmO+RO5DNhGxzKrj3vaeHsyRokmx6taslhsrnYLw="},"senderSigningKey":{"public":"BdWVlSxRG9gDRPnqoU+b9YH3KDFT1DpwuXWci5f5cmET"},"senderMessageKeys":[]},{"senderKeyId":1615064451,"senderChainKey":{"iteration":3,"seed":"OLXnMKAh8DBP3kTJO3wz/f+9zvmABs0b2IOcI2adz7o="},"senderSigningKey":{"public":"BYn+U4VfQF+7QqqsMN/J91UEDsomHTWei6xnCWVayvoi"},"senderMessageKeys":[]},{"senderKeyId":188672507,"senderChainKey":{"iteration":1,"seed":"ovDek+h/dls5s40U9z0GD7BnzylfXJLjZ553PFeK5Sc="},"senderSigningKey":{"public":"BTWECH7Wq5qajtdHOOBwHmTGwT0M9plSHX2boHyLA95+"},"senderMessageKeys":[]}]