[{"senderKeyId":470878263,"senderChainKey":{"iteration":4,"seed":"VOZYSXMKOoogdt9WMM03FVcoYh3lI1qFkLJRSrJX5Ss="},"senderSigningKey":{"public":"BbSexnk+2NBesQF1ImcOcz7E2Z/8ncOXMDpznXp7t9Zj"},"senderMessageKeys":[]},{"senderKeyId":849080503,"senderChainKey":{"iteration":13,"seed":"rTrp6nvihMl3ZG2rhR1mB9Nj8P/7j/1Tu/aNytCg4+I="},"senderSigningKey":{"public":"BRtmrCtIEFn/ZH9oYn5Btxm3Q8R91MyyDJ5G7E7PdDp0"},"senderMessageKeys":[]},{"senderKeyId":156114867,"senderChainKey":{"iteration":7,"seed":"JU6ZqtsPFH821qntRXrBNgdftWcpCFzrFK+2DGcNqfE="},"senderSigningKey":{"public":"BZgKVpSvT5SmrzBj29FfyxSW2oiNdShPDIgzWfLpXRVK"},"senderMessageKeys":[]},{"senderKeyId":1000688923,"senderChainKey":{"iteration":3,"seed":"23o3cnDhIssvxxIkObCfkaPe/tCAuObPnmCw7UbMzNI="},"senderSigningKey":{"public":"Bemdttxj/m/JSBno5wnk0xpWl6ycT/WiwGSZa+IKNqkY"},"senderMessageKeys":[]},{"senderKeyId":2070540279,"senderChainKey":{"iteration":2,"seed":"PYyCs2dtQ+Ghon9MZG9DId6VdXk+ou+1naHi+8dHMXA="},"senderSigningKey":{"public":"Bd5Xf816hMN5PZNzFS0oysCAVT2Hh/TGlLGOBnEJ8JFx"},"senderMessageKeys":[]}]