[{"senderKeyId":1065176156,"senderChainKey":{"iteration":8,"seed":"U4m9fjTxtS341z6oIsDVx0ApwgbFaxu3tFS0PFJVVJg="},"senderSigningKey":{"public":"BasMFMU4C9cd0RvYyXVGcWSJUYUWxz/wcZmhjGX3Pnh8"},"senderMessageKeys":[]},{"senderKeyId":677629864,"senderChainKey":{"iteration":28,"seed":"nOI3byY0juVcnnjzAfzVf+FAj46jBBcItSJ6J8gnHOo="},"senderSigningKey":{"public":"BWZsFjcULq84ZvtOLvAyEx/AAChOmmUur7GXuSsstFA4"},"senderMessageKeys":[{}]},{"senderKeyId":909782705,"senderChainKey":{"iteration":2,"seed":"iICsjn3rVnKWRUEI7rERJQfziCM5wdLCxJ6xCdk70jI="},"senderSigningKey":{"public":"BfcxqmF2NmlPc+pcpZlBK5t4r3y2fbG4g/4f1WLg16kT"},"senderMessageKeys":[]},{"senderKeyId":2038783666,"senderChainKey":{"iteration":3,"seed":"gG4wYgibFamnN3GMcSt+bOwW29Xq3UBXJL7BnZ0RKCA="},"senderSigningKey":{"public":"Bd65mIJ8e8EjkCjEuhOsRP23aMqBGUlZbNXg+aqSnyxZ"},"senderMessageKeys":[]},{"senderKeyId":617196384,"senderChainKey":{"iteration":1,"seed":"LgxgwrZ0+6YsBmcP3EZ39rSLtx6L3BOG9V9qGjZP+3I="},"senderSigningKey":{"public":"BVPNmwFxfFUmnmF8EmanbvImsog4jbBSeoHC6PtWUYte"},"senderMessageKeys":[]},{"senderKeyId":2087568315,"senderChainKey":{"iteration":1,"seed":"zFh4g8PL9jPdMHfISykZv7vPDJKXz5TkOKgrGy4zwLk="},"senderSigningKey":{"public":"BUzYvsyOxX87NoYss8eVoCBu4w0DSH4MyZMNJrXkeaQK"},"senderMessageKeys":[]},{"senderKeyId":762309279,"senderChainKey":{"iteration":1,"seed":"8sUgjxIuUpLNNxsXNzF4ZpvBilvw+qH2aPqr1zLGg3I="},"senderSigningKey":{"public":"BQNtpg9HBsjTqfGwPPYlPNXXAj1wuFu7g331km8MViNU"},"senderMessageKeys":[]},{"senderKeyId":281821740,"senderChainKey":{"iteration":8,"seed":"2iBxPONRa82qiNEfy2dysA0VmzsS5CkMG0G4nTsrpNM="},"senderSigningKey":{"public":"Bdt1riJGuffdU6NKcS2yudZfzXTLO4O/Rz8yzxO08yoe"},"senderMessageKeys":[]},{"senderKeyId":2027051524,"senderChainKey":{"iteration":2,"seed":"oiDfM1uNzyJn77keb5vktZl7GndRj7lP/3buejjzL9A="},"senderSigningKey":{"public":"BU8Ziv4R70sF9TGU77JPvk6kHrOMiJ9uOEOgXqJ3bMd+"},"senderMessageKeys":[]},{"senderKeyId":1004981595,"senderChainKey":{"iteration":1,"seed":"tMxESlXPKE6xp7lFypO7w2OC3EFNxrb5k2XBX3Gxgpw="},"senderSigningKey":{"public":"Bf6jhVHxY7f7rGk3FuXYZ7B7r51OErHvuEUH/WF0FDce"},"senderMessageKeys":[]},{"senderKeyId":1410019101,"senderChainKey":{"iteration":4,"seed":"lsOD3ign87ewbT21edCxBfTVx8Z6doRsO0mis+g5nzA="},"senderSigningKey":{"public":"BR00Yk5s5PCahuyfqljlir5miEevNj55SGtcN9E2eg9x"},"senderMessageKeys":[]},{"senderKeyId":1410019101,"senderChainKey":{"iteration":1,"seed":"GpDM8zPEwsEz+xxjcFz52IJ2ND8B2g30ZUvAEEY/va4="},"senderSigningKey":{"public":"BR00Yk5s5PCahuyfqljlir5miEevNj55SGtcN9E2eg9x"},"senderMessageKeys":[]}]