[{"senderKeyId":2057350661,"senderChainKey":{"iteration":4,"seed":"ZabN3/1FXC1UjUVbgIYJHMBZMDxFyjwTn5qVyHfBqI0="},"senderSigningKey":{"public":"BcoyUoVYOIoUkUlLjz1xtX5a0sl8BzysiQqEkw5BOfty"},"senderMessageKeys":[]},{"senderKeyId":601892309,"senderChainKey":{"iteration":2,"seed":"cuuhwiZUP/ftTWdzfRZzSmCkb+CzqVPqL+8wKYLrptU="},"senderSigningKey":{"public":"BUcc8W71KAWC6OeIjHFlVE8xFMywawM3CFuPpuQYoxFf"},"senderMessageKeys":[]},{"senderKeyId":1385193126,"senderChainKey":{"iteration":2,"seed":"wZwWV4w7W6p0X4/EsQ2cUyVwtG1eFX2J9Mfuamiu1DQ="},"senderSigningKey":{"public":"Bd5WPAZKYebHg/ESdaknDhtaagniygFfblFuJHBfgUBh"},"senderMessageKeys":[]}]