[{"senderKeyId":694737120,"senderChainKey":{"iteration":7,"seed":"w69jy9kM/fvr5ro0zuWO8u9mH5GOqYZqYeN+n65ZyY0="},"senderSigningKey":{"public":"BWmSc781hcoSwsC+AkodPaae34DMmxOBoMrZlf2rH7x6"},"senderMessageKeys":[]},{"senderKeyId":353454063,"senderChainKey":{"iteration":1,"seed":"qM3eyxp6A53SPS3PtAGSIR6SkViZWaaUyJIvf5tUC6Q="},"senderSigningKey":{"public":"BTID6Vpq4IbTxXa/pFW1q5HMV2L2C6gw/m83Vz1S4hVz"},"senderMessageKeys":[]},{"senderKeyId":1831671082,"senderChainKey":{"iteration":1,"seed":"Aekyb5cc2S16Aa7WSIw6AuVilBDmUWBuVl1gTrqdX5g="},"senderSigningKey":{"public":"BUdEu+/irfSdW1JMikfNMlYdmBojt7c+yBs8uVt8DQdd"},"senderMessageKeys":[]},{"senderKeyId":279370186,"senderChainKey":{"iteration":1,"seed":"tYI+dorPTDl+zHqlMOeV9L+e6cIQ5sQ6LhNkzQPn2zY="},"senderSigningKey":{"public":"BXpZ3Nu1eOGmpPeNKibf/SbeN6A+ySeonuATmfVHCq8Y"},"senderMessageKeys":[]}]