[{"senderKeyId":1954459669,"senderChainKey":{"iteration":6,"seed":"JXw/2mLoOWI1mS9v+vHAo2uKkkLxZdyfPdElZ2C+DIo="},"senderSigningKey":{"public":"BXTuaIUehoW8FHEpVrjttk3tNwBuV9iV/zp+qOGEnVVt"},"senderMessageKeys":[]},{"senderKeyId":1954459669,"senderChainKey":{"iteration":5,"seed":"s/revNIDdXbMPRX+pLLRQ4r8/wTSEyZGs/69xO86fvs="},"senderSigningKey":{"public":"BXTuaIUehoW8FHEpVrjttk3tNwBuV9iV/zp+qOGEnVVt"},"senderMessageKeys":[]},{"senderKeyId":1468162581,"senderChainKey":{"iteration":14,"seed":"m1jHXXgiU3rbc2qYUdKDTAU3MqlxrBgDqCu0E2e7L/A="},"senderSigningKey":{"public":"BcLvntN1ENVqgk2kuT7/qJXIlmUsuVJyPHjJDNIro9Q7"},"senderMessageKeys":[]},{"senderKeyId":1417157088,"senderChainKey":{"iteration":2,"seed":"JKZBFCkWSIVSF+gS2wkKJYrT1PXjh6xMeM5vtl6wkdM="},"senderSigningKey":{"public":"BV3hAflY+2V2pHKRxSi9DEiAjI4Li93YcFvVsDKdExE9"},"senderMessageKeys":[]},{"senderKeyId":115726643,"senderChainKey":{"iteration":1,"seed":"OrE7d0hcCzPDp3+vv8RcUVJWxfpof19c4zl87ZGdzSE="},"senderSigningKey":{"public":"Bd1NmD1KTxsAzd+vDQM75ChK+IE8FWd0s9uyQKG7nVAL"},"senderMessageKeys":[]}]