{"_sessions":{"BZO08z89AGmwhGUSjTEIau1wT5PwSSpqyzTSFuqwJzBC":{"registrationId":1481303466,"currentRatchet":{"ephemeralKeyPair":{"pubKey":"BSSYfJF0xgVJSIzpgJROkeberJc+FidMrvsDWxHrzaEJ","privKey":"uEO9v2CzihCbTOqLLK4Dbi919ng7SGIXGSRc1TOwdmk="},"lastRemoteEphemeralKey":"BWH2Du7CsMACXvrfwMR9gIMZWQ/8TeHxrv7BW9PEschp","previousCounter":0,"rootKey":"XcVDu72IcMWCN6CloUZ21C/kJL067upMvJKsjaP6EGQ="},"indexInfo":{"baseKey":"BZO08z89AGmwhGUSjTEIau1wT5PwSSpqyzTSFuqwJzBC","baseKeyType":1,"closed":-1,"used":1690368667816,"created":1690366778201,"remoteIdentityKey":"BXIj8GFvWbG5yzphKz/J1wWOVTizQM3qyfu63FDPYGAg"},"_chains":{"BWH2Du7CsMACXvrfwMR9gIMZWQ/8TeHxrv7BW9PEschp":{"chainKey":{"counter":0,"key":"4ClQ5R2Zd5UwYbByGQE7uKOcIar5u+/z4dFlkMowXm8="},"chainType":2,"messageKeys":{}},"BSSYfJF0xgVJSIzpgJROkeberJc+FidMrvsDWxHrzaEJ":{"chainKey":{"counter":2,"key":"UhB1UR3m/X5a8rZj7mJhJFIS1ApXGMCkeudnaEq88jw="},"chainType":1,"messageKeys":{}}}}},"version":"v1"}