{"_sessions":{"BcqoD50ypQw+g5TQ4chnmYoGJAN+3lcQU6rmmPSUNxAT":{"registrationId":394247881,"currentRatchet":{"ephemeralKeyPair":{"pubKey":"BSw6V/IArBFpi3p6CHn5fQl5DxA/pC6C6CSQ/tsJah16","privKey":"4GfyI4XWaXrfcGm2QniTziUKy5YTDLJsI3wgA8HqIUw="},"lastRemoteEphemeralKey":"BX4A13Ta7VtBcbvPL77icmvZaNBQ26QhdEHoB+/UN0pX","previousCounter":0,"rootKey":"bZ9rM8DUP8yP7d+YJEFqHQuA7H0YcKXaA1IPd+kodTs="},"indexInfo":{"baseKey":"BcqoD50ypQw+g5TQ4chnmYoGJAN+3lcQU6rmmPSUNxAT","baseKeyType":1,"closed":-1,"used":1691323489801,"created":1691323489801,"remoteIdentityKey":"BewCFQSIKF0J87cf90c9QU61VDbQ6viFHNQB1W8kG2sb"},"_chains":{"BSw6V/IArBFpi3p6CHn5fQl5DxA/pC6C6CSQ/tsJah16":{"chainKey":{"counter":3,"key":"SblNBE6U9lQst3aX54D8cjo5MUwk3ld+hb1JQFbRwaU="},"chainType":1,"messageKeys":{}}},"pendingPreKey":{"signedKeyId":16,"baseKey":"BcqoD50ypQw+g5TQ4chnmYoGJAN+3lcQU6rmmPSUNxAT","preKeyId":11056967}}},"version":"v1"}