{"_sessions":{"BYVaLJlJa5UVNaMUBtNyo9pZqsUnIJEje9mkqK8fHPRr":{"registrationId":826104879,"currentRatchet":{"ephemeralKeyPair":{"pubKey":"Bfp5B9cn/rKLlDDv9iLMYlUvcUpGVRP/HRJN3fDnpQEg","privKey":"wLZW7P/GIweHjb5wig3HxADI+FF4+lrPO+VO8fSROHE="},"lastRemoteEphemeralKey":"BfvatSD9ZsAW3ujI40lbCJ6IW7qr1k7D46pL4WFylDoM","previousCounter":0,"rootKey":"I1k79Bkd06Zt15HA9FLwjdY6HvpjNdGBRVZTZErTnFY="},"indexInfo":{"baseKey":"BYVaLJlJa5UVNaMUBtNyo9pZqsUnIJEje9mkqK8fHPRr","baseKeyType":1,"closed":-1,"used":1691323489799,"created":1691323489799,"remoteIdentityKey":"BaZm4+SMt6KU1l0Ra6hwY1W9T5ZpZ5vv4JIiAdx18e5C"},"_chains":{"Bfp5B9cn/rKLlDDv9iLMYlUvcUpGVRP/HRJN3fDnpQEg":{"chainKey":{"counter":3,"key":"OUBQecMvSYlY7xzc+92x0yooZT76gt4FzFRUuU6ezt4="},"chainType":1,"messageKeys":{}}},"pendingPreKey":{"signedKeyId":1,"baseKey":"BYVaLJlJa5UVNaMUBtNyo9pZqsUnIJEje9mkqK8fHPRr","preKeyId":3337732}}},"version":"v1"}