{"_sessions":{"BV5JXVQ8Hrg/AZGI0CT3tEY4NdNltdr0ApDTxWgm/7l8":{"registrationId":941487777,"currentRatchet":{"ephemeralKeyPair":{"pubKey":"BTDGIF9393HW7XdiwyewWvoB/PaFZeEJCgHwzsxw8zw2","privKey":"KD/c+E1q+WJccsk1whSsVPhXBTuhrIfoZBZ3n6lWi34="},"lastRemoteEphemeralKey":"BUJqmf6QntjIx6YXwwPMZnUW07B3694cIDWIptIf64JJ","previousCounter":0,"rootKey":"5bcHe+X3rkPBpchFAGkTT1RoFnJa40ddzlVkWCn6aTM="},"indexInfo":{"baseKey":"BV5JXVQ8Hrg/AZGI0CT3tEY4NdNltdr0ApDTxWgm/7l8","baseKeyType":1,"closed":-1,"used":1691323489738,"created":1691323489738,"remoteIdentityKey":"BfWySHMMpbre3ca01TbCT4bCXF8N/zUtf765Q6+0jnIO"},"_chains":{"BTDGIF9393HW7XdiwyewWvoB/PaFZeEJCgHwzsxw8zw2":{"chainKey":{"counter":3,"key":"hKK789UhWXKACUAKv50Lyjp4fx70nhzh7oYcqnvtm1Q="},"chainType":1,"messageKeys":{}}},"pendingPreKey":{"signedKeyId":11,"baseKey":"BV5JXVQ8Hrg/AZGI0CT3tEY4NdNltdr0ApDTxWgm/7l8","preKeyId":9409091}}},"version":"v1"}