{"_sessions":{"BfEnJ1Zj7KejCJmY00Tkotk9w2lQekeV7tAjAJ9miPRh":{"registrationId":1760719335,"currentRatchet":{"ephemeralKeyPair":{"pubKey":"BVU++4Hw5CJ6BnpHPbDwTODJOss03455YeHH0XYAzTZP","privKey":"aDI5s8V6M7sXM6yusEE/6g5NyyaqtV7LnafkTEh7L3I="},"lastRemoteEphemeralKey":"BVyjugIGW5cDsWqHwcwJcoQp4eWbq5o0bW4cEV9nVYle","previousCounter":0,"rootKey":"WgyzGs8NTW/HkhMp7d1wL5X5/I3UoyF/AOEfNRtHnd0="},"indexInfo":{"baseKey":"BfEnJ1Zj7KejCJmY00Tkotk9w2lQekeV7tAjAJ9miPRh","baseKeyType":1,"closed":-1,"used":1690205061554,"created":1690205061554,"remoteIdentityKey":"BVK6cUMIeVlXH2gO44MAxImhHMYqbchGghSuzsj895Jk"},"_chains":{"BVU++4Hw5CJ6BnpHPbDwTODJOss03455YeHH0XYAzTZP":{"chainKey":{"counter":33,"key":"U/zQjdh6k+nE7a7WDoQgn9xnRl5DZEW7PhSdMJpU78U="},"chainType":1,"messageKeys":{}}},"pendingPreKey":{"signedKeyId":7,"baseKey":"BfEnJ1Zj7KejCJmY00Tkotk9w2lQekeV7tAjAJ9miPRh"}}},"version":"v1"}