{"_sessions":{"BaZy63jqQ14Bxeni10Gg3htPmanNatSQEi204ZkzW6w0":{"registrationId":739352110,"currentRatchet":{"ephemeralKeyPair":{"pubKey":"BYV8M1kMDCXZWSMdXh4pcottFGMcR8NfWvd+vIGnbuMA","privKey":"6KNk4WuZmjW7tsUorUZHftrx4REqyhP5A8Wqlyd/tWQ="},"lastRemoteEphemeralKey":"BU1GoQnrWaJhTKRpszMQ2Gg0aj50mEjo0ChMhT3fWbUS","previousCounter":33,"rootKey":"8cmQe2fs7jdvyB72nc2RaV/6b7Yw3E/WBD6CKJGODoE="},"indexInfo":{"baseKey":"BaZy63jqQ14Bxeni10Gg3htPmanNatSQEi204ZkzW6w0","baseKeyType":1,"closed":1691323493688,"used":1690702618382,"created":1690205061542,"remoteIdentityKey":"BbkXjhVzKYS0RYHqmb+o37pSqtKVqoJMPV6GLrimEhh9"},"_chains":{"BU1GoQnrWaJhTKRpszMQ2Gg0aj50mEjo0ChMhT3fWbUS":{"chainKey":{"counter":0,"key":"DtyhMOrvRcXUY19dQ9z0m3bhAJAh4/8hdsbhqwwhKdk="},"chainType":2,"messageKeys":{}},"BYV8M1kMDCXZWSMdXh4pcottFGMcR8NfWvd+vIGnbuMA":{"chainKey":{"counter":31,"key":"djNcDsxTqRlrBxzIUc77NOpl6oaX0bAE6twkLYMkOSw="},"chainType":1,"messageKeys":{}}}},"BV1rjqKASvs0bGGcTRmBc+3fLeIaFA9WvgVE544U74QB":{"registrationId":739352110,"currentRatchet":{"ephemeralKeyPair":{"pubKey":"BeAc5MSikW0WSyjp+hNb/Z1pYcwwAsP4y9X2SDvFF65v","privKey":"wJasLu+xGHvla1JAeV2cHvs64S4kcpfZPfSZvNJ8qXc="},"lastRemoteEphemeralKey":"BSICLgHvI5FPdTZJ1yj+6ychX1u9eHz0Ooi/F2PZw1p3","previousCounter":0,"rootKey":"AaauAks24cUllIKUj3klaZRBZYimqZOGC9jeOBuAcD0="},"indexInfo":{"baseKey":"BV1rjqKASvs0bGGcTRmBc+3fLeIaFA9WvgVE544U74QB","baseKeyType":1,"closed":-1,"used":1691323493687,"created":1691323493687,"remoteIdentityKey":"BbkXjhVzKYS0RYHqmb+o37pSqtKVqoJMPV6GLrimEhh9"},"_chains":{"BeAc5MSikW0WSyjp+hNb/Z1pYcwwAsP4y9X2SDvFF65v":{"chainKey":{"counter":2,"key":"xxX0xLRiHVat6rqUTD670/1ijPLVsUAb/ak3qCYsh6s="},"chainType":1,"messageKeys":{}}},"pendingPreKey":{"signedKeyId":3,"baseKey":"BV1rjqKASvs0bGGcTRmBc+3fLeIaFA9WvgVE544U74QB","preKeyId":6284619}}},"version":"v1"}