{"_sessions":{"Bd/vZuaMaU0K7LhyTjsCQ00PXfZ2w0smHZr60ms3cDMh":{"registrationId":1519444358,"currentRatchet":{"ephemeralKeyPair":{"pubKey":"BTS1s9gO4KGaePAvrit2vw/3yi91X+tZKbXdNQ8JRYBv","privKey":"iJJGJUSdGcog5LruqJVm8QD6E+coRN+ZiBmKTstLqn4="},"lastRemoteEphemeralKey":"BS73o5KSu95Q2pz+zxSLPJh0M01bl9kJJ7enE6GJNkRP","previousCounter":0,"rootKey":"gwIHvbWw5R7bqR1Vp2hjIpQxQnpr6qskfw77uWR7Y/s="},"indexInfo":{"baseKey":"Bd/vZuaMaU0K7LhyTjsCQ00PXfZ2w0smHZr60ms3cDMh","baseKeyType":1,"closed":-1,"used":1690205061497,"created":1690205061497,"remoteIdentityKey":"BdKyS8j+hoxT7j6SOR6G+3GipnDRA0JGn/gwgCgFTQ5f"},"_chains":{"BTS1s9gO4KGaePAvrit2vw/3yi91X+tZKbXdNQ8JRYBv":{"chainKey":{"counter":64,"key":"ZxtPLmL9GgxEdjhiQnpueAo8zoKNC9IAq9RIDaiDMIg="},"chainType":1,"messageKeys":{}}},"pendingPreKey":{"signedKeyId":1,"baseKey":"Bd/vZuaMaU0K7LhyTjsCQ00PXfZ2w0smHZr60ms3cDMh","preKeyId":12138713}}},"version":"v1"}