{"_sessions":{"BV8l7uFux2R7aFFihiM5SlRDhk64G096cyMfDB4AfdcU":{"registrationId":528901443,"currentRatchet":{"ephemeralKeyPair":{"pubKey":"BUC2sayiiz//ppdsaEikFUnM9Xv2zaP7gSYSDu+Zqyp7","privKey":"eHL3VXIpVCsvvREGwjajmkUaDXSAq1LWNoAeX5HBK28="},"lastRemoteEphemeralKey":"BWhKJon1AHtEdn0e0UMooP56VlvEYy8SKX1eWVaB/hls","previousCounter":0,"rootKey":"kqvtWVLnI7HSuoUU8+DzP38UXWVJ4xsCvQlp5F6XSGw="},"indexInfo":{"baseKey":"BV8l7uFux2R7aFFihiM5SlRDhk64G096cyMfDB4AfdcU","baseKeyType":1,"closed":-1,"used":1690368678758,"created":1690366778205,"remoteIdentityKey":"BWyoNZsxBbHrm9k8dC7noEKjwlbWah6krNwJyeqCYdMl"},"_chains":{"BWhKJon1AHtEdn0e0UMooP56VlvEYy8SKX1eWVaB/hls":{"chainKey":{"counter":0,"key":"wnLLNQp1NW2nZ12ASw64qPlkI6uUYALXhq2yY7rqKj4="},"chainType":2,"messageKeys":{}},"BUC2sayiiz//ppdsaEikFUnM9Xv2zaP7gSYSDu+Zqyp7":{"chainKey":{"counter":2,"key":"XDA/dr/CTN1nDCpl4ngqV/F6bxRTZPYa2FY4VK12Nt4="},"chainType":1,"messageKeys":{}}}}},"version":"v1"}