{"_sessions":{"BTSGEkJpcyToXtxf89E41HCIGlEyUbPjH+O+kNrYn+wz":{"registrationId":191590862,"currentRatchet":{"ephemeralKeyPair":{"pubKey":"Bbm0sPDRK3TDC3RLCGQRiNcdCSe9TmLbL+sLmhE40sxB","privKey":"6FEQU2PjHKrte1NVsDEu5GW+8B82gmqBSxRx1Kfb200="},"lastRemoteEphemeralKey":"BR/MKJWQ0sJtWA/jVFgQA7fBZDTo9vZV5wP8sbdzarUS","previousCounter":0,"rootKey":"wEMi0f27rrO4YbJ20Z4hYCoSwf/sth2HuHOYadPq3OI="},"indexInfo":{"baseKey":"BTSGEkJpcyToXtxf89E41HCIGlEyUbPjH+O+kNrYn+wz","baseKeyType":1,"closed":-1,"used":1691323489767,"created":1691323489767,"remoteIdentityKey":"BZFsNOUam5g7N+AIv0p6KpKXN09/YNIgBxXq3pYh+pF/"},"_chains":{"Bbm0sPDRK3TDC3RLCGQRiNcdCSe9TmLbL+sLmhE40sxB":{"chainKey":{"counter":3,"key":"sChFe0QnXLk89GrKgqOD6EZs+6UurX7lukq0/i1GHSg="},"chainType":1,"messageKeys":{}}},"pendingPreKey":{"signedKeyId":0,"baseKey":"BTSGEkJpcyToXtxf89E41HCIGlEyUbPjH+O+kNrYn+wz","preKeyId":15046978}}},"version":"v1"}