{"_sessions":{"BWvcQxAoWXGq+HwUGiY65ZPk7e1idN5reBd1kHZcAAdm":{"registrationId":1620167252,"currentRatchet":{"ephemeralKeyPair":{"pubKey":"BSAF3V52pTR1ZwXafWDBgNHTC0r9Z+xTcagxNRYl3BFh","privKey":"SA1i4gkJw1Ye+U0P3x+yqwR/bbcmx4gC12Btj0c+0FE="},"lastRemoteEphemeralKey":"BeSOzWn1fHaZO3ZngLfFHkjRpnVJVwpXccOnKdsDRttN","previousCounter":0,"rootKey":"aZzBh/jle4wyEcHRG6Xposiz6rHxXUB1wo1f5eWwiMs="},"indexInfo":{"baseKey":"BWvcQxAoWXGq+HwUGiY65ZPk7e1idN5reBd1kHZcAAdm","baseKeyType":1,"closed":-1,"used":1691323489796,"created":1691323489796,"remoteIdentityKey":"BZlt7G7ixqCsnxi46H76fnA8Ig7Ee4R/4ulIRDtRkB14"},"_chains":{"BSAF3V52pTR1ZwXafWDBgNHTC0r9Z+xTcagxNRYl3BFh":{"chainKey":{"counter":3,"key":"vj16YsJp4bsElkMzyZbAodxZq2HVY4hl63p+PK7zdAI="},"chainType":1,"messageKeys":{}}},"pendingPreKey":{"signedKeyId":5,"baseKey":"BWvcQxAoWXGq+HwUGiY65ZPk7e1idN5reBd1kHZcAAdm","preKeyId":8031382}}},"version":"v1"}