{"_sessions":{"Bb09CoDLwTwwPoywM5gj1kzETkOywHTwog6SOdlMDLkq":{"registrationId":710320169,"currentRatchet":{"ephemeralKeyPair":{"pubKey":"BaEZyF3MZzPB7+pvociAUJ2XPTuPpEfTOg1ViW1B+3M9","privKey":"gN5XFgJxbO1snNHT7jVcDEjjr8yU0uoYXVTzBfPFm3Y="},"lastRemoteEphemeralKey":"BQ9FLGr0NPB+avn4HVBUNaQNSmpvHu25tWX3FjkoDj8m","previousCounter":0,"rootKey":"YuLXJgI2AvNzK6cm6ckBteFWsU91+pZrYn1j24sJFWo="},"indexInfo":{"baseKey":"Bb09CoDLwTwwPoywM5gj1kzETkOywHTwog6SOdlMDLkq","baseKeyType":1,"closed":-1,"used":1691226125485,"created":1691226125485,"remoteIdentityKey":"BZ8r5SB4nyfbtidB8h1+aOmpGNbVrwFSrpHVJv28fIQh"},"_chains":{"BaEZyF3MZzPB7+pvociAUJ2XPTuPpEfTOg1ViW1B+3M9":{"chainKey":{"counter":1,"key":"x1AosizfgnZ0fOFSfWjfph7XQ2u4PKKXnbSDiJs66AU="},"chainType":1,"messageKeys":{}}},"pendingPreKey":{"signedKeyId":25,"baseKey":"Bb09CoDLwTwwPoywM5gj1kzETkOywHTwog6SOdlMDLkq","preKeyId":2801785}}},"version":"v1"}