{"_sessions":{"BQDpbvmTHAR3IZohqWGiF8YH5ceSZ1hFXWABPNHmnVsd":{"registrationId":781611514,"currentRatchet":{"ephemeralKeyPair":{"pubKey":"BbsmDJtjaOMDiAMfYLjvHueg1cJu567EWhNopSSNvs4v","privKey":"qCkctVYG2DIxOIzeYEHhg2r2gq2+Ri6O2Eqe4h4yKVE="},"lastRemoteEphemeralKey":"BYTlH0tUTJqGbyYRanl10zyi+zz02ghlMCnGq4kvKlh1","previousCounter":0,"rootKey":"Sr45B8sYz2ftg9NyljFsFOlIcshgcUCQaR0CzVxp7q4="},"indexInfo":{"baseKey":"BQDpbvmTHAR3IZohqWGiF8YH5ceSZ1hFXWABPNHmnVsd","baseKeyType":1,"closed":-1,"used":1691226125481,"created":1691226125481,"remoteIdentityKey":"Ba+jvoygnJ2AtTT1fYJ1K84Z1XvXY1SpoGitnXTeqJR4"},"_chains":{"BbsmDJtjaOMDiAMfYLjvHueg1cJu567EWhNopSSNvs4v":{"chainKey":{"counter":1,"key":"nHApbA47Nd8LTBaycqzQL8hiuKCAiGATkbLHfqAjEmE="},"chainType":1,"messageKeys":{}}},"pendingPreKey":{"signedKeyId":8,"baseKey":"BQDpbvmTHAR3IZohqWGiF8YH5ceSZ1hFXWABPNHmnVsd"}}},"version":"v1"}