{"_sessions":{"Bcm6SAL/HkGa/Vl7tq3WsOJQ30BeF0kcte6F67uqxYg7":{"registrationId":805650530,"currentRatchet":{"ephemeralKeyPair":{"pubKey":"BUGq7e1YQq7sVn/fEGLJsbfaGxGNO0QlnBkiXMj5xUMK","privKey":"mCxkJQDWlXBZm2ybNzMkSrofQXXTl0MWvRloazM9b28="},"lastRemoteEphemeralKey":"BaQfyEvpKJ4hnTkGtaL2xBheJNWdCX3NAhrLcxXyKScn","previousCounter":0,"rootKey":"Sk/uh/03xMnc5JCJSFxaCWpu3NvAvv12vorJDy47XBY="},"indexInfo":{"baseKey":"Bcm6SAL/HkGa/Vl7tq3WsOJQ30BeF0kcte6F67uqxYg7","baseKeyType":1,"closed":-1,"used":1691323489761,"created":1691323489761,"remoteIdentityKey":"BbTZqP5IiOmDdNaQ+guY+YFUvTpCgwyJ9JzMTjI2qIor"},"_chains":{"BUGq7e1YQq7sVn/fEGLJsbfaGxGNO0QlnBkiXMj5xUMK":{"chainKey":{"counter":3,"key":"beOku/fw2KLeFATjhSKM0e3F8whpvdKwXYTmYQifTCM="},"chainType":1,"messageKeys":{}}},"pendingPreKey":{"signedKeyId":11,"baseKey":"Bcm6SAL/HkGa/Vl7tq3WsOJQ30BeF0kcte6F67uqxYg7","preKeyId":9951579}}},"version":"v1"}