{"_sessions":{"BT9zT2Aa6hsBpuqTajdZJYJGMcc1pTOgqBobBiq71T85":{"registrationId":263463609,"currentRatchet":{"ephemeralKeyPair":{"pubKey":"BVvwo3RYb7CvH7ZhVSSRJDUONzUyaBxN4ZwAqBhDon9S","privKey":"YFzTzCyfnR+9A1sloERbCnXmfzOLZZfe9dTVj4re+nM="},"lastRemoteEphemeralKey":"BRFsZn93yFeYCm6CJ2wpj958fp7sVtfopH6TenxW4xAD","previousCounter":0,"rootKey":"IDmZKLABQBVSz5nAiJSRNB1hA3o7YxWJfpvuSjeZyDo="},"indexInfo":{"baseKey":"BT9zT2Aa6hsBpuqTajdZJYJGMcc1pTOgqBobBiq71T85","baseKeyType":1,"closed":-1,"used":1691323489746,"created":1691323489746,"remoteIdentityKey":"BSkKGsHh8S8Lw/VqVCYmrrqRibI/OTHVmMHAwh0ilHAz"},"_chains":{"BVvwo3RYb7CvH7ZhVSSRJDUONzUyaBxN4ZwAqBhDon9S":{"chainKey":{"counter":3,"key":"ClY/L1BAgQhrlvBMVSqTrjr/wKfx2EsEgMeIGmn/gno="},"chainType":1,"messageKeys":{}}},"pendingPreKey":{"signedKeyId":10,"baseKey":"BT9zT2Aa6hsBpuqTajdZJYJGMcc1pTOgqBobBiq71T85","preKeyId":28620}}},"version":"v1"}