{"_sessions":{"BfWbZMDFVTy/cEeiW/9vCFGKe3t0vbPlJu4CJAF7dTR/":{"registrationId":139588860,"currentRatchet":{"ephemeralKeyPair":{"pubKey":"BYcgD5Jn3P4ChC3NsBPFvR7pYftHjoionFIUgQt8eKhL","privKey":"uKf0LXPhbDBGo8qfm94P39+419r2rr3VfcP+j04bg0w="},"lastRemoteEphemeralKey":"BQpP9RRwP3Wzzq5z8YjyxHT09thEfRnX4AmoDbIlfhhQ","previousCounter":0,"rootKey":"YxoprqpJkB06KKcFAKRuT3BjWmbOLg6JgqrE4UbAiQA="},"indexInfo":{"baseKey":"BfWbZMDFVTy/cEeiW/9vCFGKe3t0vbPlJu4CJAF7dTR/","baseKeyType":2,"closed":-1,"used":1690462552125,"created":1690298838281,"remoteIdentityKey":"BajuknITkbCpqlbBpj3nS/LR1YvNiK0P1rf02HuxLm0J"},"_chains":{"BePAwdCnzg3S4j4oOnAxQP+QaIxsRuJAY2oO3n1B15YL":{"chainKey":{"counter":0},"chainType":2,"messageKeys":{}},"BVkW6z6fCiwJ2kvwiZEIovlEgUMDXSqzie1fZWTgQGNw":{"chainKey":{"counter":1},"chainType":2,"messageKeys":{}},"BTt8lt6DIhVSlselQoSEsS6IWEf1Cu38ZttOdx6GiSQ2":{"chainKey":{"counter":4},"chainType":2,"messageKeys":{}},"BV9O2U7iJLCb9JtFAj5TWwdJpdBIU+CeBM4aEq7lIu9T":{"chainKey":{"counter":1},"chainType":2,"messageKeys":{}},"BdIubZfhuKKa3rx/h2g+X0rmwD/adIjk7P1ieqB3Jydd":{"chainKey":{"counter":1},"chainType":2,"messageKeys":{}},"BcDEDQiXyTJBuJM4VoizYbJQRl9pJmRoeedJbMQ+K20o":{"chainKey":{"counter":0},"chainType":2,"messageKeys":{}},"BZn7k80LwzmuUqyhkwP0iyN4Va08vFHScca1fhWYC3UF":{"chainKey":{"counter":2},"chainType":2,"messageKeys":{}},"BUxKOW+ptGOw2zCazu3QRZTD2J0xmdMiXzMIn61slSZ8":{"chainKey":{"counter":0},"chainType":2,"messageKeys":{}},"BX9iJ6FuNHWP8hWCWCvrlfUtAvGkAJjSFZh7YMGJfRMl":{"chainKey":{"counter":2},"chainType":2,"messageKeys":{}},"BRWVlmsdZyT28dymDhgn0JnjvwgH6lm2/YYyz8Uw58xQ":{"chainKey":{"counter":2},"chainType":2,"messageKeys":{}},"BQpP9RRwP3Wzzq5z8YjyxHT09thEfRnX4AmoDbIlfhhQ":{"chainKey":{"counter":1,"key":"Otwiq/B+HaQ1RNeL+9+YWvLh4CTXqgItsgWw1YhJtlA="},"chainType":2,"messageKeys":{}},"BYcgD5Jn3P4ChC3NsBPFvR7pYftHjoionFIUgQt8eKhL":{"chainKey":{"counter":-1,"key":"wb7a324RsQXWM36dRWXPk7m2tCNwc63ODDpLScWzEoo="},"chainType":1,"messageKeys":{}}}}},"version":"v1"}