{"_sessions":{"BY0o6UTk0BmRbDrCRM/dcsIQ3rDjijGapE9xVcSmbhNK":{"registrationId":1960251946,"currentRatchet":{"ephemeralKeyPair":{"pubKey":"BSMhDy6McM2LpUi3/+5f9rbdKU4Fq+nhoqcLtEX2F60u","privKey":"8J9h92ptv3vPoC7h2u+QulGe0/HQMNqqjmCURYQLAnc="},"lastRemoteEphemeralKey":"BYl5EGWaUykC9Q0zkRMPJnXLUYTZJ+7ydgD09EO+B7g1","previousCounter":0,"rootKey":"EPDX0VZpZHJfpzlkoPPc/gauyazuWEutPHTRZ0V2VJw="},"indexInfo":{"baseKey":"BY0o6UTk0BmRbDrCRM/dcsIQ3rDjijGapE9xVcSmbhNK","baseKeyType":1,"closed":-1,"used":1690421644959,"created":1690421644959,"remoteIdentityKey":"BURGDxQU7SLHmv2URwyebTPu7vHOKg965D1ZhQAhEX5N"},"_chains":{"BSMhDy6McM2LpUi3/+5f9rbdKU4Fq+nhoqcLtEX2F60u":{"chainKey":{"counter":61,"key":"dln9VwDwZIVqdSldl/FV3fk5pLZdijCPDpjAa3w4nmc="},"chainType":1,"messageKeys":{}}},"pendingPreKey":{"signedKeyId":20,"baseKey":"BY0o6UTk0BmRbDrCRM/dcsIQ3rDjijGapE9xVcSmbhNK","preKeyId":16055572}}},"version":"v1"}