{"_sessions":{"BQB7y3yKfKk4xZq64Yzuz02DFj216W/juamg/Tq64z0V":{"registrationId":346871644,"currentRatchet":{"ephemeralKeyPair":{"pubKey":"BbsNiF5rXNLXX4DHOT0ySLqx9dpv4fBEpfrBUGFrILQd","privKey":"KOTWAZayAYDukKuxL58CW5k+iMG7s+wXR2OUW1RAZUk="},"lastRemoteEphemeralKey":"BWZ5eRCbHyXCJdPps0BiQPhFAZhtHTrgUhf40ilZlidM","previousCounter":0,"rootKey":"AjCvPX7WDhMwpIMrDQICVcs1HV85lR2Cfn4ANKcjEqc="},"indexInfo":{"baseKey":"BQB7y3yKfKk4xZq64Yzuz02DFj216W/juamg/Tq64z0V","baseKeyType":1,"closed":-1,"used":1691226125535,"created":1691226125535,"remoteIdentityKey":"Bdh6nvcjUeDbSf13ihTQjacOQcrxPu0ONMPyDVyqB7BJ"},"_chains":{"BbsNiF5rXNLXX4DHOT0ySLqx9dpv4fBEpfrBUGFrILQd":{"chainKey":{"counter":1,"key":"M7EmSYk++gXnaI2SuVAdH6tlpFONg+0WqMoCQHB21ok="},"chainType":1,"messageKeys":{}}},"pendingPreKey":{"signedKeyId":7,"baseKey":"BQB7y3yKfKk4xZq64Yzuz02DFj216W/juamg/Tq64z0V","preKeyId":6182058}}},"version":"v1"}