{"_sessions":{"BTuHGu4q6/H/8mP03q1E2ed7OtbBA4MS3iADiPuo42cT":{"registrationId":1564816486,"currentRatchet":{"ephemeralKeyPair":{"pubKey":"BbnelFB0VU2lazcCmZOaGWAEHULBMS3FWrLHhAXvB0IW","privKey":"SJoG4YCf+EPRqR4Z45BXxHyPF7TwlpYYApLKKOB/FkI="},"lastRemoteEphemeralKey":"BcA1KguLat1BC3e06epP/iN9C4iRR0nKtph331g6MQUb","previousCounter":0,"rootKey":"t5APxtHsmVQOvI8CSH1y0mIs+vIVf0PyqsOBTXMAJfk="},"indexInfo":{"baseKey":"BTuHGu4q6/H/8mP03q1E2ed7OtbBA4MS3iADiPuo42cT","baseKeyType":1,"closed":-1,"used":1691323489783,"created":1691323489783,"remoteIdentityKey":"Bf2aUCmSWm6dWDQXJASyOxl2kA64Sv3Um2OR1dWXj8J1"},"_chains":{"BbnelFB0VU2lazcCmZOaGWAEHULBMS3FWrLHhAXvB0IW":{"chainKey":{"counter":3,"key":"Asmrnsly8MpokftSikX1prFiuxkEopn/g/lgGGcr57Q="},"chainType":1,"messageKeys":{}}},"pendingPreKey":{"signedKeyId":25,"baseKey":"BTuHGu4q6/H/8mP03q1E2ed7OtbBA4MS3iADiPuo42cT","preKeyId":9346028}}},"version":"v1"}