{"_sessions":{"BRIKPyDvpUo9kgpDd8FKncVAAZf8jsHSODULNpgpuTU8":{"registrationId":1496196672,"currentRatchet":{"ephemeralKeyPair":{"pubKey":"BdcPFUAiZVveUQgfSqsPoAXRUFr7goXXoMAgcJkJjf0V","privKey":"GPGY7f+aibGcgWKSa/0IfpnJySo6bbBLXwr2gYBIpnI="},"lastRemoteEphemeralKey":"BXrixqGwZaRihC0HdyFVEfUqWMQSU8IxA80ZgdB/+B1b","previousCounter":0,"rootKey":"VsSFsAUuGm/q+gGP5C23PdThR3Rkt8XKK9X1T8Xz95k="},"indexInfo":{"baseKey":"BRIKPyDvpUo9kgpDd8FKncVAAZf8jsHSODULNpgpuTU8","baseKeyType":1,"closed":-1,"used":1691323489741,"created":1691323489741,"remoteIdentityKey":"BRg1qjBbgmsob7dFM72kZ9Ie6VhxtzYOcCg6tON+Njtv"},"_chains":{"BdcPFUAiZVveUQgfSqsPoAXRUFr7goXXoMAgcJkJjf0V":{"chainKey":{"counter":3,"key":"dD8PJnJEfOQwjV21moZJCtjXTwE7bjO3uF6lEA2KzSg="},"chainType":1,"messageKeys":{}}},"pendingPreKey":{"signedKeyId":9,"baseKey":"BRIKPyDvpUo9kgpDd8FKncVAAZf8jsHSODULNpgpuTU8","preKeyId":14615449}}},"version":"v1"}