{"_sessions":{"BQtw7ZJ7WVwc+nxpm/XZovDLizOyaD/Z0h5JepaC5+B1":{"registrationId":1088559409,"currentRatchet":{"ephemeralKeyPair":{"pubKey":"BfwBuIYJREhQcJGrRU3L47Yda+LH3UAk7oNUujJJcu0I","privKey":"eK8NHk8UVrrfV+rg3CUxyWAJw/o+aJuCvLYyTR8FQVE="},"lastRemoteEphemeralKey":"BcGYRuasE6c34FBqiQymq85GovANbo8/zChrEVnMoX8v","previousCounter":0,"rootKey":"PO1vudF++zFuqaRm4CiBM8vk9OTjtVt+35sfAeLh9S8="},"indexInfo":{"baseKey":"BQtw7ZJ7WVwc+nxpm/XZovDLizOyaD/Z0h5JepaC5+B1","baseKeyType":1,"closed":-1,"used":1691323489691,"created":1691323489691,"remoteIdentityKey":"BVQmi1hi+VqfY/A6lqKKkPCX5l429k+WYDzBlnq4pgAI"},"_chains":{"BfwBuIYJREhQcJGrRU3L47Yda+LH3UAk7oNUujJJcu0I":{"chainKey":{"counter":3,"key":"8ZJuYmofvr+7etmQfu0M+jHy7c5ILaqdZV5JcKk4Cu8="},"chainType":1,"messageKeys":{}}},"pendingPreKey":{"signedKeyId":23,"baseKey":"BQtw7ZJ7WVwc+nxpm/XZovDLizOyaD/Z0h5JepaC5+B1","preKeyId":152196}}},"version":"v1"}