{"_sessions":{"BSgQS9Wmt52jzQbq9wg4lvtT0VWWnloYQr4VoFCKC2VD":{"registrationId":1686896681,"currentRatchet":{"ephemeralKeyPair":{"pubKey":"BYQ18bGJyadfnWfl62rdsCLpHde+ubb9FFdorMA4enc1","privKey":"8MPtSNxhz8tw/k/0w74y5Jxu3CPrU1gIlj/hzaF9QHc="},"lastRemoteEphemeralKey":"Bb6lEDsqMWMcIUPzdAnhIqbyKXhzkzWlbsk4EvTO3t91","previousCounter":0,"rootKey":"+/zGDw4QmIRlM6B56ecTyjeoR/+lkdpGmyigG1BdPDE="},"indexInfo":{"baseKey":"BSgQS9Wmt52jzQbq9wg4lvtT0VWWnloYQr4VoFCKC2VD","baseKeyType":1,"closed":-1,"used":1691323489773,"created":1691323489773,"remoteIdentityKey":"Bdid9ynx/pHLBCKcjJr+JvuOaQzm40MLZ0sfET6j9sRY"},"_chains":{"BYQ18bGJyadfnWfl62rdsCLpHde+ubb9FFdorMA4enc1":{"chainKey":{"counter":3,"key":"Fw+F2roAHqHASTYOs/TqTR2W3Hghs4VkzxtnRwVwvDI="},"chainType":1,"messageKeys":{}}},"pendingPreKey":{"signedKeyId":27,"baseKey":"BSgQS9Wmt52jzQbq9wg4lvtT0VWWnloYQr4VoFCKC2VD","preKeyId":6632702}}},"version":"v1"}