{"_sessions":{"BaP0sBVS8NgvPT6FMkaEIhkhHEJAv8algP6jP9q4AR01":{"registrationId":360594168,"currentRatchet":{"ephemeralKeyPair":{"pubKey":"BaAUKV5kG0vTjJ2Mae6iARgcLsSnTaMPb9326sv99IUw","privKey":"eJH3ruoJ0AWDu+Yy/Jd4PH6BIGGknb2a2xgZM3RiOnk="},"lastRemoteEphemeralKey":"BekUvWnfL4nPAoqqQI5GTZ4kAY3jef/AED3oQyX8DHsb","previousCounter":0,"rootKey":"XN365z+re/yNhTegc7i7dPffOAEOTM3DEr66ShLvEPc="},"indexInfo":{"baseKey":"BaP0sBVS8NgvPT6FMkaEIhkhHEJAv8algP6jP9q4AR01","baseKeyType":1,"closed":-1,"used":1691323489754,"created":1691323489754,"remoteIdentityKey":"BZ4ZBhOuJSs6F2/Umsod7s6Sy6xVSDOu9I/0Q10y/rM7"},"_chains":{"BaAUKV5kG0vTjJ2Mae6iARgcLsSnTaMPb9326sv99IUw":{"chainKey":{"counter":3,"key":"wOA11Zmo4gP7AjwGG7RqahGMJpO//7qyz/ft3Ce4DD8="},"chainType":1,"messageKeys":{}}},"pendingPreKey":{"signedKeyId":2,"baseKey":"BaP0sBVS8NgvPT6FMkaEIhkhHEJAv8algP6jP9q4AR01","preKeyId":10100031}}},"version":"v1"}