{"_sessions":{"BeS04ckb0RMIKbi3nfYigZAvgwLJmAB2idXMDLdf/5ZM":{"registrationId":844479143,"currentRatchet":{"ephemeralKeyPair":{"pubKey":"BeXl7NZkF1iV7w8bPVuAa7tto4TvUzM5C+QBuqmp/SFB","privKey":"IGk95Bhf5hy0Qfv7Wlk13Vl0pjP7AO6AkNy21Qzg7EA="},"lastRemoteEphemeralKey":"Beh+l3/JxuRuxno3b/g+Y9Q7IjHj6hfJVFV0hBrMFq9M","previousCounter":0,"rootKey":"OiJEJfinsQzXN8HAbc4hCOIDE0TF2+bJRvLiBztC6Zs="},"indexInfo":{"baseKey":"BeS04ckb0RMIKbi3nfYigZAvgwLJmAB2idXMDLdf/5ZM","baseKeyType":2,"closed":-1,"used":1690307407932,"created":1690271122986,"remoteIdentityKey":"BeQ56K4G4mJ+fCYcBU2jW7P+uMFjgsmx8tGjj3KoBdh9"},"_chains":{"Bf/arY4mvhAWeu3/63tty5874m8uDSOylhLEcBJj5oVQ":{"chainKey":{"counter":1},"chainType":2,"messageKeys":{}},"Beh+l3/JxuRuxno3b/g+Y9Q7IjHj6hfJVFV0hBrMFq9M":{"chainKey":{"counter":0,"key":"XDOLhKnefRWQ9vwQEtCH1n98DM5uxVMHza4E9DjNSpk="},"chainType":2,"messageKeys":{}},"BeXl7NZkF1iV7w8bPVuAa7tto4TvUzM5C+QBuqmp/SFB":{"chainKey":{"counter":-1,"key":"hqNnm6A5c4xQizmHaHxyVS6klncNQ0D1L+g3DGWDhfE="},"chainType":1,"messageKeys":{}}}}},"version":"v1"}