{"_sessions":{"Bao3n93iz0Iq9Umubf/Ib1+2uObrGoVeYWbsj7ikQ61R":{"registrationId":2100308573,"currentRatchet":{"ephemeralKeyPair":{"pubKey":"BXTqkpb/bfSIkcKPLT3Y3aw6mBfUYV+0L+xwio/tv14d","privKey":"yGOUDjjWF9ORJkfxeG6zi7FfjiD/JGqfzni2qcx4VX4="},"lastRemoteEphemeralKey":"BQggMVBahD8epGQ83aUKsBTOMobU54uVKvuDG9rQyHsv","previousCounter":0,"rootKey":"qkXeLObajS5/NOxWr5IYzZOqnViRm3lW94d+DDvQy7I="},"indexInfo":{"baseKey":"Bao3n93iz0Iq9Umubf/Ib1+2uObrGoVeYWbsj7ikQ61R","baseKeyType":1,"closed":-1,"used":1691323489759,"created":1691323489759,"remoteIdentityKey":"BfFNsyZ3JbTJPJGSRUD4IC2JpKdVEG5xc5f83xQ9cgUd"},"_chains":{"BXTqkpb/bfSIkcKPLT3Y3aw6mBfUYV+0L+xwio/tv14d":{"chainKey":{"counter":3,"key":"i8NWBJ9LYSTkW7qmqdP0aOIe+125FENslWnJkGXuuL4="},"chainType":1,"messageKeys":{}}},"pendingPreKey":{"signedKeyId":5,"baseKey":"Bao3n93iz0Iq9Umubf/Ib1+2uObrGoVeYWbsj7ikQ61R","preKeyId":10260276}}},"version":"v1"}