{"_sessions":{"BRKk83F9BCi6E63JIg2APXwk4UOaSEpR+HbFibgjc+4j":{"registrationId":210044567,"currentRatchet":{"ephemeralKeyPair":{"pubKey":"BYEEkiepY4elGhqvrKBjOBShYwR9zDiIEfosKEz9in4U","privKey":"wCyZWbBe+GIPdUVrEcA6th3CSzED+4fTPCvXF2TdNFs="},"lastRemoteEphemeralKey":"BY8n681GmipTBLdWSpCXSzMf/SHvFU5DFdfX3exgRgZT","previousCounter":0,"rootKey":"MZGIVjUllkd+t/EtR+sGWA830vNyvcd7agQKFof/X2U="},"indexInfo":{"baseKey":"BRKk83F9BCi6E63JIg2APXwk4UOaSEpR+HbFibgjc+4j","baseKeyType":1,"closed":-1,"used":1691323489764,"created":1691323489764,"remoteIdentityKey":"Bd549z2R/TQ2Ewb+mdxeKAXlfqjZeb+g6gHxoO6iF6Np"},"_chains":{"BYEEkiepY4elGhqvrKBjOBShYwR9zDiIEfosKEz9in4U":{"chainKey":{"counter":3,"key":"3/0fA9FU9kN/BBsMXPC0BKpxMcpfmR+yiDd6Gt03euY="},"chainType":1,"messageKeys":{}}},"pendingPreKey":{"signedKeyId":0,"baseKey":"BRKk83F9BCi6E63JIg2APXwk4UOaSEpR+HbFibgjc+4j","preKeyId":9101470}}},"version":"v1"}