{"_sessions":{"BVrUiJ7b6MubTAcydjKGc3LyYBHL7ZqSX2P0obQSS2sJ":{"registrationId":11692,"currentRatchet":{"ephemeralKeyPair":{"pubKey":"BcNQCSDzQwFNo7tCsIm5q4uekledWcR21tAkUkH2N34v","privKey":"GLp/8jRLipurDsVErRehGiv82P6Sv3Xid9eraDSsVHk="},"lastRemoteEphemeralKey":"BVwoizRN7LZIzYwrJL6vFgpLyMqmgtprRrTqqjy11EFz","previousCounter":0,"rootKey":"Fhol7piDBcVSzrfDx9L0MlaT229AM5P+CGp/s8I+gwA="},"indexInfo":{"baseKey":"BVrUiJ7b6MubTAcydjKGc3LyYBHL7ZqSX2P0obQSS2sJ","baseKeyType":1,"closed":-1,"used":1690205061472,"created":1690205061472,"remoteIdentityKey":"BTtHo+Ivc9dYBPEKX+mWoy60xmdzCl7IOgLhUNAabY8a"},"_chains":{"BcNQCSDzQwFNo7tCsIm5q4uekledWcR21tAkUkH2N34v":{"chainKey":{"counter":64,"key":"hUEelPrceOcP3s/Dezyd0kutszuvSJvuUfXCydI9OFg="},"chainType":1,"messageKeys":{}}},"pendingPreKey":{"signedKeyId":1,"baseKey":"BVrUiJ7b6MubTAcydjKGc3LyYBHL7ZqSX2P0obQSS2sJ","preKeyId":1644}}},"version":"v1"}