{"_sessions":{"BT8QzhRK7xXYxfROLLlDfFuQb5AaiR2mARf7Fhp8wU5u":{"registrationId":701169989,"currentRatchet":{"ephemeralKeyPair":{"pubKey":"BVdY52hZcJQo06nTzDw3qmklUzyX604dyU1TWCcIHxoQ","privKey":"KAEXpi31BFMUhr91KtZ4lA3uKH3FfER1MsEzNDn7rUM="},"lastRemoteEphemeralKey":"BUk/BVh01xP1lvRfqNLdDZIZlOqcLZnXIie7PlGsKmVj","previousCounter":0,"rootKey":"BT7Zd9NR5wNyz9grLL9CPP1l3mCoZsS9ALJdcxxAlP0="},"indexInfo":{"baseKey":"BT8QzhRK7xXYxfROLLlDfFuQb5AaiR2mARf7Fhp8wU5u","baseKeyType":1,"closed":-1,"used":1690205061417,"created":1690205061417,"remoteIdentityKey":"BZcyU50m0V8Xuuo18wIT6WbbS/3o+9RwsTqr6mswIpor"},"_chains":{"BVdY52hZcJQo06nTzDw3qmklUzyX604dyU1TWCcIHxoQ":{"chainKey":{"counter":64,"key":"AFyWr66m7jnuoeCOfuetlb7SNSFOBRQUibShonm0xl8="},"chainType":1,"messageKeys":{}}},"pendingPreKey":{"signedKeyId":0,"baseKey":"BT8QzhRK7xXYxfROLLlDfFuQb5AaiR2mARf7Fhp8wU5u","preKeyId":1478163}}},"version":"v1"}