{"_sessions":{"BTci6CPtFf1neKcgQ822IcgsfihSSqsTC48WDQmcOOhv":{"registrationId":1475794494,"currentRatchet":{"ephemeralKeyPair":{"pubKey":"BeOEAKNTAA5Ls3J54zOFT+G49sUsaU2JnT4zkUZGaNcp","privKey":"EG8l0QKRJ8znRBqeQWOBmm5qTTWxScmq0U6LO4G2d2c="},"lastRemoteEphemeralKey":"Ba1CXYqFOiGX1z8TobQifvcf0FBY/zrYKmWMCnjjhB8m","previousCounter":0,"rootKey":"HMMDQUhqcdKX6e8qc99tN9zeu0jyKKGRDqJvGaja3Fg="},"indexInfo":{"baseKey":"BTci6CPtFf1neKcgQ822IcgsfihSSqsTC48WDQmcOOhv","baseKeyType":1,"closed":-1,"used":1691323489749,"created":1691323489749,"remoteIdentityKey":"Be+HxY3XVL0rCIAY9TQKDIZcWiN5hm2VZsqyVkyyALVe"},"_chains":{"BeOEAKNTAA5Ls3J54zOFT+G49sUsaU2JnT4zkUZGaNcp":{"chainKey":{"counter":3,"key":"IHldYDnnZjY+p2C6oMb8NPy4UNyUk6qlHpPNPxgU/e8="},"chainType":1,"messageKeys":{}}},"pendingPreKey":{"signedKeyId":3,"baseKey":"BTci6CPtFf1neKcgQ822IcgsfihSSqsTC48WDQmcOOhv","preKeyId":14762282}}},"version":"v1"}