{"_sessions":{"BU9j9nHTY3dlGWJuLwDwP4a6H3kibJF9RPtuQITPBEEd":{"registrationId":418621466,"currentRatchet":{"ephemeralKeyPair":{"pubKey":"BTDW7jhBoCi8DV3rRM2ny3IeV0MMGydLV6XQ/aJ53yo4","privKey":"GGSLmV/PMwhKIEgw8hWSgLnEAF5OlK8g8ByhRWRua20="},"lastRemoteEphemeralKey":"BZtiTY/bkV2LvPuLjTgVcf+xrim/Kssl4Okp/J5fNUAa","previousCounter":34,"rootKey":"bjGuSW2aGSCLRK5jw/TI23rcRAGCV6QCtVgtmD7LRss="},"indexInfo":{"baseKey":"BU9j9nHTY3dlGWJuLwDwP4a6H3kibJF9RPtuQITPBEEd","baseKeyType":1,"closed":-1,"used":1690714848776,"created":1690205061560,"remoteIdentityKey":"BS/SHhfWLAykMSqioGKj3a9wtFc61DgsuKWsY/AjvzZh"},"_chains":{"BYIloEg9hcnMcNzyOtfWzvvrVR8p4DfvJEfbYxAbuvk8":{"chainKey":{"counter":0},"chainType":2,"messageKeys":{}},"BZtiTY/bkV2LvPuLjTgVcf+xrim/Kssl4Okp/J5fNUAa":{"chainKey":{"counter":0,"key":"jCpHeK5Q5HQ/mH6mN0HA01QLizYrSMmAhSYEOafIXmI="},"chainType":2,"messageKeys":{}},"BTDW7jhBoCi8DV3rRM2ny3IeV0MMGydLV6XQ/aJ53yo4":{"chainKey":{"counter":28,"key":"fCs2RTINoaYV/jeG4Q0oXo7mQ6c+WH3mcs6hbUKADuU="},"chainType":1,"messageKeys":{}}}}},"version":"v1"}