{"_sessions":{"BYHjkdVYz9x+85xCRb6G0IksTs+VHFFNakDssUGL80IT":{"registrationId":663833190,"currentRatchet":{"ephemeralKeyPair":{"pubKey":"BbcUEWtf6c8TDGel09xXRdx7NlQtwPPe8z3pwwd4phkd","privKey":"2HoC8U/yUz63qf2AULq0mWHab+0aJzjc50yxGqvU6k4="},"lastRemoteEphemeralKey":"BQE5eJtzjQZUdcrvZGSUPxCBMNYNIk80JPsokrlp/Ck1","previousCounter":38,"rootKey":"wW4KR4HfThXqibnJZqcLGy42ZoL0uoa7CLYqoP7pAh8="},"indexInfo":{"baseKey":"BYHjkdVYz9x+85xCRb6G0IksTs+VHFFNakDssUGL80IT","baseKeyType":1,"closed":-1,"used":1691219056146,"created":1690205061490,"remoteIdentityKey":"BWoNPvqCnO5W+X3VhgNV87cXV2O1VXLih53hjDMzdYFg"},"_chains":{"BQE5eJtzjQZUdcrvZGSUPxCBMNYNIk80JPsokrlp/Ck1":{"chainKey":{"counter":0,"key":"iQdfghdqnjwnhwurewTCT1x6iwdx00L8f3gh2MbynJo="},"chainType":2,"messageKeys":{}},"BbcUEWtf6c8TDGel09xXRdx7NlQtwPPe8z3pwwd4phkd":{"chainKey":{"counter":25,"key":"wYvn3K76W8ZCACXHf6Hs2CNC7i/2QHc99KcLVFaQShs="},"chainType":1,"messageKeys":{}}}}},"version":"v1"}