{"_sessions":{"BXlEJEbaXsYtvQEQC1/ZBIg4w+Es+z4o5umBfVSzTyke":{"registrationId":1678697979,"currentRatchet":{"ephemeralKeyPair":{"pubKey":"BUYGnI7rw2cIdHgL7NL/gdbDKibDzIytYdB9tyCz6C4m","privKey":"AJNdOlI400mrjwrSFUPN6cNdIDVsoOjpo/wtct0b/lc="},"lastRemoteEphemeralKey":"BZJWmJoSGPztDGgDGEFo7STgwOWjhJoqke2S0Lx2A/Fa","previousCounter":0,"rootKey":"Pd6iIWKnl1KN/FrEySoN9V6lTOs4sf4FdBtAwMPXrBo="},"indexInfo":{"baseKey":"BXlEJEbaXsYtvQEQC1/ZBIg4w+Es+z4o5umBfVSzTyke","baseKeyType":1,"closed":-1,"used":1691323489751,"created":1691323489751,"remoteIdentityKey":"BUNj9sF/cqyV77R/bux282dntegyYdog68vTSAfHc5MC"},"_chains":{"BUYGnI7rw2cIdHgL7NL/gdbDKibDzIytYdB9tyCz6C4m":{"chainKey":{"counter":3,"key":"eQayh+njQOY+dYOG+Rz5RAdui9UOk3HJmN4Fn4zSLCY="},"chainType":1,"messageKeys":{}}},"pendingPreKey":{"signedKeyId":3,"baseKey":"BXlEJEbaXsYtvQEQC1/ZBIg4w+Es+z4o5umBfVSzTyke","preKeyId":10975614}}},"version":"v1"}