{"_sessions":{"BadNxqL18LLBSiZhi1d7V2XFETwL4NN8scZxdbsGac84":{"registrationId":1311802388,"currentRatchet":{"ephemeralKeyPair":{"pubKey":"BTVpJ/kTeHWf/ULy96yApUxnW3a2jAL5jn0UoTtZBMYa","privKey":"KIco8yYJ0h9R3YMfZGWi0CCUJ+82aWBoV+ATRXrK12A="},"lastRemoteEphemeralKey":"BeTuYVoaHn44erPWbRbsZf2EMvq5ChHNfQkFDdyf/HkU","previousCounter":0,"rootKey":"Ygf8YIzszjgsJYKjF+CoOI4x1zm4mfUeKZ942VoFeJg="},"indexInfo":{"baseKey":"BadNxqL18LLBSiZhi1d7V2XFETwL4NN8scZxdbsGac84","baseKeyType":1,"closed":-1,"used":1690293442616,"created":1690205061523,"remoteIdentityKey":"BYSBjdmZkbTpVr9HT1MgrNmTl2uMTPrhzZwiHhtPDDcb"},"_chains":{"BeTuYVoaHn44erPWbRbsZf2EMvq5ChHNfQkFDdyf/HkU":{"chainKey":{"counter":0,"key":"eM33ckL3bGZXMJc9S+Gtdi0dcQQc5jJl92jNL/4w8BE="},"chainType":2,"messageKeys":{}},"BTVpJ/kTeHWf/ULy96yApUxnW3a2jAL5jn0UoTtZBMYa":{"chainKey":{"counter":64,"key":"0pSwXd+M3nEsbhnQqpRHJHkpTTRAwjEa0jzYUsaIHS0="},"chainType":1,"messageKeys":{}}}}},"version":"v1"}