{"_sessions":{"BQLcCDEeq05uqk4Apn47na+2zN6UJRWs7GB6c5y6ThAU":{"registrationId":1921362171,"currentRatchet":{"ephemeralKeyPair":{"pubKey":"BenH+WeJx8ZsHRdzrRXdpQ42XcB6mqqcobv3JyihUvZS","privKey":"2FhKmkxrmly7KTMmx+SbXj+pMuaQqsA9q01E3qu0e3k="},"lastRemoteEphemeralKey":"BRt5UOHr+DiAVvL4r/i9P9J1qObM5ZGqabTDtKEyFPhl","previousCounter":0,"rootKey":"9xdGWUCP57QtaJm0ZbrjLb0/xPWHRPRD8NSSZe/9MFI="},"indexInfo":{"baseKey":"BQLcCDEeq05uqk4Apn47na+2zN6UJRWs7GB6c5y6ThAU","baseKeyType":1,"closed":-1,"used":1691323489775,"created":1691323489775,"remoteIdentityKey":"BezXThUK3BB4caSm4dw9xTMLcArNWhRPWwQ63VEV+Fkx"},"_chains":{"BenH+WeJx8ZsHRdzrRXdpQ42XcB6mqqcobv3JyihUvZS":{"chainKey":{"counter":3,"key":"meAP5Es3rvizZloXlfxauOto3LxGZGdAIX3+Zf2IN0o="},"chainType":1,"messageKeys":{}}},"pendingPreKey":{"signedKeyId":0,"baseKey":"BQLcCDEeq05uqk4Apn47na+2zN6UJRWs7GB6c5y6ThAU"}}},"version":"v1"}