{"_sessions":{"BdnKSqFHMGav26kAiHM2uLWwcwkc3L1ZTSJRAUb09Ktq":{"registrationId":1623357483,"currentRatchet":{"ephemeralKeyPair":{"pubKey":"BQMpaA1NIX6j+6LDTxdA+HLMvBxocAGhlOBqd8/2KZZp","privKey":"MLlqIQ3JgwW0k96crn2GAxqel27UgoF2JvxcI5BOmG0="},"lastRemoteEphemeralKey":"BQ970azT87O+9K59Jv1BJEbWQMTbzOmkO6VQg6SXRwBT","previousCounter":0,"rootKey":"xH/kAhpiPkvJQbig/lnC3gtlhuFYLdBtg6u8cyJWp/k="},"indexInfo":{"baseKey":"BdnKSqFHMGav26kAiHM2uLWwcwkc3L1ZTSJRAUb09Ktq","baseKeyType":1,"closed":-1,"used":1691323489697,"created":1691323489697,"remoteIdentityKey":"BQ+lehOzsYIpMpddqY3H4WDl+PUzFO6K6dXThUjKz5NW"},"_chains":{"BQMpaA1NIX6j+6LDTxdA+HLMvBxocAGhlOBqd8/2KZZp":{"chainKey":{"counter":3,"key":"6ry74MT7Qcn1BCq+14Zp3uiuI7WxyATaGAthPUYxwb4="},"chainType":1,"messageKeys":{}}},"pendingPreKey":{"signedKeyId":32,"baseKey":"BdnKSqFHMGav26kAiHM2uLWwcwkc3L1ZTSJRAUb09Ktq","preKeyId":14141594}}},"version":"v1"}