{"_sessions":{"BSfNqt/WwcZ14t91FiQJBxl4liLpLjlNw206Bcxt6/Yq":{"registrationId":1037011779,"currentRatchet":{"ephemeralKeyPair":{"pubKey":"BaR3a7JPuctsXvWOHGwmJQ8KWLldFgYH/4K83SWTGxkn","privKey":"8Kg29fWEMZmxERjTFPswJekbucvvdhOFkxea0QYGu3Y="},"lastRemoteEphemeralKey":"BVGHoQFETCUKLRRO1Z1zMbo9d/Dt7BunVlIdgwWdkl9X","previousCounter":0,"rootKey":"gxNTHki1YsEHmiz75ehIHNa0UPb2EPOMDCXWvKAv5Rs="},"indexInfo":{"baseKey":"BSfNqt/WwcZ14t91FiQJBxl4liLpLjlNw206Bcxt6/Yq","baseKeyType":2,"closed":-1,"used":1691246632429,"created":1691246632429,"remoteIdentityKey":"BfnLJFdWfnQmCNwBiP5+Gh7qhKcOAJfQiRw/AUZcPbVl"},"_chains":{"BVGHoQFETCUKLRRO1Z1zMbo9d/Dt7BunVlIdgwWdkl9X":{"chainKey":{"counter":4,"key":"D4n69l/KQLJMZ5MAeSvre0gUEXZPqakJHxNqkLzDtkM="},"chainType":2,"messageKeys":{"0":"QR9JMGtIJ27YLFzV2YUcRV2E9TwsW2LqdvO0tT3Psi8=","1":"4vURmr2/Dgf1JQ0Qb52ASsEpfA4iefJY0506WevZ1RM=","2":"wSD4NjUS+cgxnN1GS9eHvl+KcNrEAcHhrUX2mmpl8+I=","3":"jRTY8dDk6zYJ58C4C/tfr+JUK668IB7FVZDkiwwWlDQ="}},"BaR3a7JPuctsXvWOHGwmJQ8KWLldFgYH/4K83SWTGxkn":{"chainKey":{"counter":0,"key":"lOObQw5fV/JTAzovcxQSpQG/OPKA0hu3oY6G6kXsb0A="},"chainType":1,"messageKeys":{}}}}},"version":"v1"}