{"_sessions":{"BY4mZUGrNfO/HOp7GR6hY+axc4b06lCKtUJqO68xxVc4":{"registrationId":562709872,"currentRatchet":{"ephemeralKeyPair":{"pubKey":"BcvmnvOOG96g2l2HBhAaTQWBLxIOm3zFa2Bo+WuuwYgF","privKey":"gJo+Mwb7cbV7arWYgDSg7F4AqDwe7xAyhGwuJbqkFno="},"lastRemoteEphemeralKey":"BfuA5oi7LJoOeLVTaD/kAoYsdYWQrPh87Cb0Phq6FeI1","previousCounter":2,"rootKey":"BCEYWg1Ag5TUwOlIDRFxnPksG0r1f+I/vbMK9SO+oNI="},"indexInfo":{"baseKey":"BY4mZUGrNfO/HOp7GR6hY+axc4b06lCKtUJqO68xxVc4","baseKeyType":1,"closed":-1,"used":1690468506559,"created":1690366778197,"remoteIdentityKey":"BSF3hcAzgvwuLqgP7EybMCf3VHkWwhDXW02cYidXoPxD"},"_chains":{"BUBN5v2Wg9P4uv7P7lzDCk18MttzAzxS9Iv8ugx8LG5N":{"chainKey":{"counter":7},"chainType":2,"messageKeys":{}},"BfuA5oi7LJoOeLVTaD/kAoYsdYWQrPh87Cb0Phq6FeI1":{"chainKey":{"counter":0,"key":"JapoRHkIzXekK/n6GaRiZkg7X0P1TQlIVIxzT3bK4pg="},"chainType":2,"messageKeys":{}},"BcvmnvOOG96g2l2HBhAaTQWBLxIOm3zFa2Bo+WuuwYgF":{"chainKey":{"counter":-1,"key":"ShIJ2MdYeFIFK2x0/LeVQQ3xHzx27zCKHlHlrbn+Zb8="},"chainType":1,"messageKeys":{}}}}},"version":"v1"}