{"_sessions":{"BbgWa8KCzg7kLNdflnO5g8CdFDc+ZpjzfE+Vi4AHkLVM":{"registrationId":1408902065,"currentRatchet":{"ephemeralKeyPair":{"pubKey":"Bcc0r42s3eSW7kyL78tL6wDhpVguNkOToarimxU2LtJI","privKey":"mOL0aOz5oq2GC6l0bj7M/4iYNKPmoVxFLgEenelwkX0="},"lastRemoteEphemeralKey":"BT2asrP2MilgvaXTkhrAfv55R3shNfLaB21RmCCOpAwN","previousCounter":0,"rootKey":"60Yyrf/HsFzkJ///LRvscKoOv/zNJ5OlnjTnT3mqx/Q="},"indexInfo":{"baseKey":"BbgWa8KCzg7kLNdflnO5g8CdFDc+ZpjzfE+Vi4AHkLVM","baseKeyType":1,"closed":-1,"used":1691323489778,"created":1691323489778,"remoteIdentityKey":"Bf9DP0KmbHub2cCODOgoSihdM20CValKB5qDGwSyYf0/"},"_chains":{"Bcc0r42s3eSW7kyL78tL6wDhpVguNkOToarimxU2LtJI":{"chainKey":{"counter":3,"key":"C2WWXrqiybLWhg69hamgS/IBx5qfULqYhV6R1sKBaNI="},"chainType":1,"messageKeys":{}}},"pendingPreKey":{"signedKeyId":9,"baseKey":"BbgWa8KCzg7kLNdflnO5g8CdFDc+ZpjzfE+Vi4AHkLVM","preKeyId":9743126}}},"version":"v1"}