{"_sessions":{"BTxx+eIYCeHVKlbd8cQ709zEK0pdoFAwzDE1eS8cD/Zj":{"registrationId":1448811509,"currentRatchet":{"ephemeralKeyPair":{"pubKey":"BVuuot0IiAJHM3gw0XMpEG2nRI/BXy9pmfE9N3Q6eWMS","privKey":"SGUOqF1CyzcfUA1OHPlDJZcGBkA1fRAwwDOIIn/Z6mY="},"lastRemoteEphemeralKey":"BQ6+9rWtQI8CfdXqTpAWh70Cga/svtWtUdxygSzkJkJ8","previousCounter":0,"rootKey":"lQ6cjfm0xOw7xbgn90j3oBUdMmjtPQoAVUfaBoi176M="},"indexInfo":{"baseKey":"BTxx+eIYCeHVKlbd8cQ709zEK0pdoFAwzDE1eS8cD/Zj","baseKeyType":1,"closed":-1,"used":1691323489735,"created":1691323489735,"remoteIdentityKey":"BXQxfu8oo1jbUdKnng5KaJaCgk5Ng2A8Hk5FntX5QBRn"},"_chains":{"BVuuot0IiAJHM3gw0XMpEG2nRI/BXy9pmfE9N3Q6eWMS":{"chainKey":{"counter":3,"key":"Qj1nIKBTwhU4MdFglI8Ao6r36md960FpLvSKW0JOAUU="},"chainType":1,"messageKeys":{}}},"pendingPreKey":{"signedKeyId":10,"baseKey":"BTxx+eIYCeHVKlbd8cQ709zEK0pdoFAwzDE1eS8cD/Zj","preKeyId":2600448}}},"version":"v1"}