{"_sessions":{"BWwczOvxAK25ReiVjweE2z2MIQxtnulHBLjArsVYaBoK":{"registrationId":1097624322,"currentRatchet":{"ephemeralKeyPair":{"pubKey":"BdrOa+XF5uIp5y7uGohhUarXLjesp+qhfRW5W29SVmNz","privKey":"YHfp6fPcE9f/Q+VB8D1uoHKev2pAUrM7GofQiedxAF4="},"lastRemoteEphemeralKey":"BWwQjIkSJ8iXaemHsNHZjWtY88ukbEPLJj5VpHQnuGJx","previousCounter":0,"rootKey":"vyuVyh3NsmHkYxsJ+l2rVCO3QyCiqKAyCQQOcXA49A0="},"indexInfo":{"baseKey":"BWwczOvxAK25ReiVjweE2z2MIQxtnulHBLjArsVYaBoK","baseKeyType":1,"closed":-1,"used":1691323489703,"created":1691323489703,"remoteIdentityKey":"BTwH/Gk58YLs8JX45xgHtL3e/k0RNnXhPdamJHJV7Y10"},"_chains":{"BdrOa+XF5uIp5y7uGohhUarXLjesp+qhfRW5W29SVmNz":{"chainKey":{"counter":3,"key":"ZWJicC84lDibmKARCU+jRJ2Xc54MBhXHgnE9DGVZS8Y="},"chainType":1,"messageKeys":{}}},"pendingPreKey":{"signedKeyId":0,"baseKey":"BWwczOvxAK25ReiVjweE2z2MIQxtnulHBLjArsVYaBoK","preKeyId":9294546}}},"version":"v1"}