{"_sessions":{"BXWbw1IFr9LAzTr7+4hPNcnV9izPILp30Osx8B5XS3c7":{"registrationId":320241236,"currentRatchet":{"ephemeralKeyPair":{"pubKey":"BYYJ59qKRMbfGDCIvDgVh7qMMUXsRrfAUldKl+bBOtxl","privKey":"SOvjK7CsgNlUdbAuBC9cSnSygE8Civ8TTuWv1CXzT10="},"lastRemoteEphemeralKey":"BRfoJWUqA6kTZDUejhCsIjU9O1sv6c9Hrz6PXoGJLrBb","previousCounter":0,"rootKey":"/AmeE+Nvs3XNcum83q8InPAhhEoILGKFzR7g1t+VvIs="},"indexInfo":{"baseKey":"BXWbw1IFr9LAzTr7+4hPNcnV9izPILp30Osx8B5XS3c7","baseKeyType":1,"closed":-1,"used":1691323489780,"created":1691323489780,"remoteIdentityKey":"BURbPGPcAVoZXmYrWPiqcubF2Nm/UO6K2zPpgWUjTlAY"},"_chains":{"BYYJ59qKRMbfGDCIvDgVh7qMMUXsRrfAUldKl+bBOtxl":{"chainKey":{"counter":3,"key":"cvc8daZqo4MsF+VTDQ9q+ya89x/EGSCMKKhOmmJLf6U="},"chainType":1,"messageKeys":{}}},"pendingPreKey":{"signedKeyId":7,"baseKey":"BXWbw1IFr9LAzTr7+4hPNcnV9izPILp30Osx8B5XS3c7","preKeyId":7610596}}},"version":"v1"}