{"_sessions":{"BUVzcgMeJwJIn6Xe0hRLRCVZh3jY0w2I14reGumFKlgu":{"registrationId":504113462,"currentRatchet":{"ephemeralKeyPair":{"pubKey":"BU4L271zW0EVAW0puYThNjw/dZz4UHP24FpxlCVqxlxB","privKey":"GAqpsb2sgMHRs1bqfX5J/8kRzEjWIQqtJtuKqEc3rk0="},"lastRemoteEphemeralKey":"BYGzv+P1O1+RlCCUa4wL7GgwCrnXXt6NCqV2vfcdzB5v","previousCounter":0,"rootKey":"SIQDBGiDhrZPu+8I6IB+1OmZtXVQatA88ACjw6V+cwE="},"indexInfo":{"baseKey":"BUVzcgMeJwJIn6Xe0hRLRCVZh3jY0w2I14reGumFKlgu","baseKeyType":1,"closed":-1,"used":1691323489689,"created":1691323489689,"remoteIdentityKey":"BReqC45RfBw9u53OwVbfX7QmLGmSEaKIRRKSC7T/Rs9W"},"_chains":{"BU4L271zW0EVAW0puYThNjw/dZz4UHP24FpxlCVqxlxB":{"chainKey":{"counter":3,"key":"cWu2+Z18RI4uJMCeY01R830/1dv5JZ5n7KwVcCorkkM="},"chainType":1,"messageKeys":{}}},"pendingPreKey":{"signedKeyId":20,"baseKey":"BUVzcgMeJwJIn6Xe0hRLRCVZh3jY0w2I14reGumFKlgu","preKeyId":11775245}}},"version":"v1"}