{"_sessions":{"BU9JHF2iY19ZWb9bFgnbnR36xvfdh3e3NkHsXURTmqxn":{"registrationId":800690880,"currentRatchet":{"ephemeralKeyPair":{"pubKey":"BYWMimlq3plk7WcNQTglcJPibqJAML/80r2y9oRdtita","privKey":"OO65EAiIh0bC9ECFE3Z4ivZHoN/WA7x+HNY5i8DaXGg="},"lastRemoteEphemeralKey":"BaIQ0Xobtf4lxiQ8mOlQtcAdHjrBQNmA+f4jTjgFByBS","previousCounter":0,"rootKey":"HujJuBBjKhH4hvvRNiI7Zls6GXsLdv3WCqVsRb5EjlM="},"indexInfo":{"baseKey":"BU9JHF2iY19ZWb9bFgnbnR36xvfdh3e3NkHsXURTmqxn","baseKeyType":1,"closed":-1,"used":1690205061549,"created":1690205061549,"remoteIdentityKey":"BYVIM6MEtUxFrwDaIcOVHuEs+FzWCvKk4Bawq2dJSlNq"},"_chains":{"BYWMimlq3plk7WcNQTglcJPibqJAML/80r2y9oRdtita":{"chainKey":{"counter":33,"key":"qTXmjv/ZpdDW+Z0pDTten6wQb8BsbA0G0bgXo8IbBrE="},"chainType":1,"messageKeys":{}}},"pendingPreKey":{"signedKeyId":1,"baseKey":"BU9JHF2iY19ZWb9bFgnbnR36xvfdh3e3NkHsXURTmqxn","preKeyId":8256314}}},"version":"v1"}