{"_sessions":{"BRFwzK9eaY9srarF7dWMmOo762+eLXM/8MH+eUPAvHoR":{"registrationId":1910349670,"currentRatchet":{"ephemeralKeyPair":{"pubKey":"BWpKuKaxPx0Fb/cMpPZv0CIlDRoBdKnf/lZg3YBPRool","privKey":"YIppyBpGq6hzfbb4tlSVhpXEsELE2U+HzemisZeF3Xk="},"lastRemoteEphemeralKey":"BUvK4FgQtYy1tWLzviDu+oDOVnvhECf8uWDnMuGGFqEj","previousCounter":0,"rootKey":"i//7TMpjVZ1Bgu3UT3lnkmQ5/nLdwzCm7E1B0kkPf1I="},"indexInfo":{"baseKey":"BRFwzK9eaY9srarF7dWMmOo762+eLXM/8MH+eUPAvHoR","baseKeyType":1,"closed":1691324559008,"used":1690205061485,"created":1690205061485,"remoteIdentityKey":"BR77Z/PUgellI8EAWS0RQFy6KQMQ1QsKJX0cC/tP3xwL"},"_chains":{"BWpKuKaxPx0Fb/cMpPZv0CIlDRoBdKnf/lZg3YBPRool":{"chainKey":{"counter":66,"key":"x48bqnr1iegd8QMSu6o8DLGPIJGAet2PAwoU1WI0npM="},"chainType":1,"messageKeys":{}}},"pendingPreKey":{"signedKeyId":2,"baseKey":"BRFwzK9eaY9srarF7dWMmOo762+eLXM/8MH+eUPAvHoR","preKeyId":4349991}},"BRoDZ9OesMj2kIVsjzCE1kEjKL8ntXQvj2s7zMZAFDJr":{"registrationId":1910349670,"currentRatchet":{"ephemeralKeyPair":{"pubKey":"BTWFW1/+hGeFzWTrThtGEb8I+zfjbuE+rNRn0nJ3QxZF","privKey":"MIzbJv5I1uZK5lv/5Tv21bAWrE4biN74dQM8+CyuWlw="},"lastRemoteEphemeralKey":"BY3abcfH8tUpWCnVd4K5Z1ICcWQvoSrj7+qOv6Xrs8U/","previousCounter":0,"rootKey":"frWNnGwXpf06Ff84svhCVz35QYOxCXSKezqmqcYrbqA="},"indexInfo":{"baseKey":"BRoDZ9OesMj2kIVsjzCE1kEjKL8ntXQvj2s7zMZAFDJr","baseKeyType":1,"closed":1691324559893,"used":1691324559006,"created":1691324559006,"remoteIdentityKey":"BR77Z/PUgellI8EAWS0RQFy6KQMQ1QsKJX0cC/tP3xwL"},"_chains":{"BTWFW1/+hGeFzWTrThtGEb8I+zfjbuE+rNRn0nJ3QxZF":{"chainKey":{"counter":0,"key":"+53jWIPmwIMZe91qHYoET+Z9rIOhTD0Gqxn+FSsMVv8="},"chainType":1,"messageKeys":{}}},"pendingPreKey":{"signedKeyId":3,"baseKey":"BRoDZ9OesMj2kIVsjzCE1kEjKL8ntXQvj2s7zMZAFDJr","preKeyId":4350353}},"BYzbI6QCGhMgTwl24+PRZ07vbFcCeeC3J6X1XO5jWbt/":{"registrationId":1910349670,"currentRatchet":{"ephemeralKeyPair":{"pubKey":"BRADAoz1itCsOOI9jTCi2/B0PFDvgKSxH1ahJWv1e08Z","privKey":"iMRuUpUuwiwofMkSjFX2rFwXF1iVgBoB3GJIeGXQvEE="},"lastRemoteEphemeralKey":"BY3abcfH8tUpWCnVd4K5Z1ICcWQvoSrj7+qOv6Xrs8U/","previousCounter":0,"rootKey":"fAufNVdEDeeOIKUPZdHqUP8XDyp2XnSmZvJ83fO0Phk="},"indexInfo":{"baseKey":"BYzbI6QCGhMgTwl24+PRZ07vbFcCeeC3J6X1XO5jWbt/","baseKeyType":1,"closed":-1,"used":1691324559882,"created":1691324559882,"remoteIdentityKey":"BR77Z/PUgellI8EAWS0RQFy6KQMQ1QsKJX0cC/tP3xwL"},"_chains":{"BRADAoz1itCsOOI9jTCi2/B0PFDvgKSxH1ahJWv1e08Z":{"chainKey":{"counter":0,"key":"kZBZ8YUnyBRdKPL10uB8pGrYk9Ol2bGfx221JJvJF10="},"chainType":1,"messageKeys":{}}},"pendingPreKey":{"signedKeyId":3,"baseKey":"BYzbI6QCGhMgTwl24+PRZ07vbFcCeeC3J6X1XO5jWbt/","preKeyId":4350059}}},"version":"v1"}