{"_sessions":{"BQ2WrjzpUJccZR5YESLSaOF4j9PtWOJp/ZLNDmtHpB54":{"registrationId":14579,"currentRatchet":{"ephemeralKeyPair":{"pubKey":"BS+VsLC3J2dCd/QvHO7JhOD66WoLSWIY8goSlBTCi8pn","privKey":"eENDNRNeWCBLAG7Ib3huFI3IX82AQ9r5tQXFEJ5F1n0="},"lastRemoteEphemeralKey":"BQCuEPZaAmgTPgau8AgQT18ExoExcOK+ro6brpZIU1BN","previousCounter":0,"rootKey":"V/q4EhW+nog5qepBHkw2QV81ZXcIKmlfTuwLhNdJ7yw="},"indexInfo":{"baseKey":"BQ2WrjzpUJccZR5YESLSaOF4j9PtWOJp/ZLNDmtHpB54","baseKeyType":1,"closed":-1,"used":1691323489679,"created":1691323489679,"remoteIdentityKey":"BdRNkrVC/ILZJSiS2gTC/hYKUi9Lfv8KRgUnbRziDTFh"},"_chains":{"BS+VsLC3J2dCd/QvHO7JhOD66WoLSWIY8goSlBTCi8pn":{"chainKey":{"counter":3,"key":"/HG3Cny9Gv0EFrjIwwaXNG/yn11igBv3MfvEm7KPg+E="},"chainType":1,"messageKeys":{}}},"pendingPreKey":{"signedKeyId":1,"baseKey":"BQ2WrjzpUJccZR5YESLSaOF4j9PtWOJp/ZLNDmtHpB54"}}},"version":"v1"}