{"_sessions":{"BSK+HGIDkEhvQqD8sMTqThuNHTGXmPsinExu6ANjDQJD":{"registrationId":973865174,"currentRatchet":{"ephemeralKeyPair":{"pubKey":"BWT/mxqbrI5QsUXfAydWB43fCkqK8mzsVDkv6FNseCNZ","privKey":"CAOAOIoUTJM5xhyJllZR+x9rpB5kbDpugi9Kk0tJjUQ="},"lastRemoteEphemeralKey":"BfORpKD7EOJNw11ExuYzjaROGbFNRxYAz9leR9u4YYAj","previousCounter":0,"rootKey":"KpA68DcRnHr/0ipch7Qyms5dPV1HIJG0mpn5BHriPX4="},"indexInfo":{"baseKey":"BSK+HGIDkEhvQqD8sMTqThuNHTGXmPsinExu6ANjDQJD","baseKeyType":1,"closed":-1,"used":1691323489787,"created":1691323489787,"remoteIdentityKey":"Bdk7/zYW4Nrb5qwj0udvbY7uTo5UdKFQkWswBAQBlLMy"},"_chains":{"BWT/mxqbrI5QsUXfAydWB43fCkqK8mzsVDkv6FNseCNZ":{"chainKey":{"counter":3,"key":"ujupWkQlE6YAZBNkQobnlUgLiQ9xrzq+TWfYp7R9nO8="},"chainType":1,"messageKeys":{}}},"pendingPreKey":{"signedKeyId":2,"baseKey":"BSK+HGIDkEhvQqD8sMTqThuNHTGXmPsinExu6ANjDQJD","preKeyId":956538}}},"version":"v1"}