{"_sessions":{"BV3lB4COcWv8xmsWzr+JoHHRKj2egWgkaFo+YatQk7RK":{"registrationId":1876564848,"currentRatchet":{"ephemeralKeyPair":{"pubKey":"BdyYq8OFFsz688NAaG48dABgxaZ96pJGkL1oYFUU6FlW","privKey":"kJJ3vjZjIE2Lh9sfhLG/YkobWwieEXedzAiQlSLDo3o="},"lastRemoteEphemeralKey":"BeGVOwP/c+62926n7OdVoyokoNlMT5TL0L0VhsuoSa9A","previousCounter":0,"rootKey":"YMs45kC/5If8OSyVdnU/Ifiq3oRTnJNPYoHMIWgMBFs="},"indexInfo":{"baseKey":"BV3lB4COcWv8xmsWzr+JoHHRKj2egWgkaFo+YatQk7RK","baseKeyType":1,"closed":-1,"used":1690205061529,"created":1690205061529,"remoteIdentityKey":"Bb/zvot35VwzUt6gyCHQ8zqKBrdlFWzUJps3aXndSMBR"},"_chains":{"BdyYq8OFFsz688NAaG48dABgxaZ96pJGkL1oYFUU6FlW":{"chainKey":{"counter":64,"key":"4ahcnDyxA1plYSukrPJ+thK9XsmepgEoAvmK5fZkDE8="},"chainType":1,"messageKeys":{}}},"pendingPreKey":{"signedKeyId":1,"baseKey":"BV3lB4COcWv8xmsWzr+JoHHRKj2egWgkaFo+YatQk7RK","preKeyId":1559042}}},"version":"v1"}