{"_sessions":{"BdQG+n3KrOd1yfMGhgQdNrayhxIjN+dLcZNIVp298HRS":{"registrationId":1805798821,"currentRatchet":{"ephemeralKeyPair":{"pubKey":"Bf3VIJjUkJuip8LTWon+YH1mCg6pVk5dwSbvW7nAXRhH","privKey":"iBVMAl2j80084aqF4gjBMVFZzPIFHca8VpKfup6Pt3k="},"lastRemoteEphemeralKey":"BagLIDMjJDIFa9rsVsOLdlGTxQ2kUVH2Y2iVySCS/VRb","previousCounter":0,"rootKey":"kvfOYY91kyWAfEnM2OB9KBpaS4Q02GX31Em1Gq8PoSU="},"indexInfo":{"baseKey":"BdQG+n3KrOd1yfMGhgQdNrayhxIjN+dLcZNIVp298HRS","baseKeyType":2,"closed":-1,"used":1691109831526,"created":1691109831526,"remoteIdentityKey":"BdQul1yDDn14GgyrJe+eFw6HUKwk9IO8hXp0Fen88Hch"},"_chains":{"BagLIDMjJDIFa9rsVsOLdlGTxQ2kUVH2Y2iVySCS/VRb":{"chainKey":{"counter":0,"key":"q61LZbP44JiD1wG/kP0GDh4qKdD6rbvmM7dqIsgZz1M="},"chainType":2,"messageKeys":{}},"Bf3VIJjUkJuip8LTWon+YH1mCg6pVk5dwSbvW7nAXRhH":{"chainKey":{"counter":-1,"key":"mw7ZwXY/OaidKbtyk7B776fjgqm8qRc/rRdNfWkiLXM="},"chainType":1,"messageKeys":{}}}}},"version":"v1"}