{"_sessions":{"BVHvgJGDgl/BK+ssgAU6/ieYOMUZ8tqcwjHANOk4Uzs0":{"registrationId":544129858,"currentRatchet":{"ephemeralKeyPair":{"pubKey":"BVqrUV4q6sQKDO0wZhAlfgSLx7yCG9l8kqE4txBceGgf","privKey":"WLV80buuO8MfKlmSMQWO9RKEBieX4H6f2+NH3QrsvFc="},"lastRemoteEphemeralKey":"BUdLeNZb6cmGrusqVPOk/qmZrFnQFg/zCk0H/y6j6ytb","previousCounter":0,"rootKey":"qMfxGVH9PxugXzLsDF7kvovDZFZyxaWkmiS90cojtiM="},"indexInfo":{"baseKey":"BVHvgJGDgl/BK+ssgAU6/ieYOMUZ8tqcwjHANOk4Uzs0","baseKeyType":2,"closed":-1,"used":1690664990587,"created":1690664990587,"remoteIdentityKey":"BX9r33en8sq5VL/hWz/hyrV4amwIQZ8fLOpnHfapEb47"},"_chains":{"BUdLeNZb6cmGrusqVPOk/qmZrFnQFg/zCk0H/y6j6ytb":{"chainKey":{"counter":0,"key":"sVpM+xSe6HCNMJ1pM4ndCRKdy07vhWmZRM59TWlzvMY="},"chainType":2,"messageKeys":{}},"BVqrUV4q6sQKDO0wZhAlfgSLx7yCG9l8kqE4txBceGgf":{"chainKey":{"counter":-1,"key":"TyY5ofPjnj7Yn8hbGevOYxE//oS6Tp1QWD5FZrcQiWA="},"chainType":1,"messageKeys":{}}}}},"version":"v1"}