{"_sessions":{"Bc2taGbJg+OWMYVPVhxEpsecTtu3D4KI/gTlucD+PTIf":{"registrationId":1623481169,"currentRatchet":{"ephemeralKeyPair":{"pubKey":"BUKsrQyXSGHNE7FkF4eRLEM/iPpOx1o2PuqSNsCbBfZ1","privKey":"cKRyoLdSt6roy5KrD4HoRNLZKoW7CcfLhXZwsmg29X4="},"lastRemoteEphemeralKey":"BQ2seJ9K6xEyKmxWpAe2Q1V/7L2EIUW4nx2ouMW5SN1w","previousCounter":0,"rootKey":"+vOfJn7Ab/mfHCsFTiNTVSGySG/VYw5wVph55VQAIXs="},"indexInfo":{"baseKey":"Bc2taGbJg+OWMYVPVhxEpsecTtu3D4KI/gTlucD+PTIf","baseKeyType":1,"closed":-1,"used":1691323489756,"created":1691323489756,"remoteIdentityKey":"Bd7+HGi3MPfBMMe35IhmjI7+jBFMrM0VOSbonYsiAMgu"},"_chains":{"BUKsrQyXSGHNE7FkF4eRLEM/iPpOx1o2PuqSNsCbBfZ1":{"chainKey":{"counter":3,"key":"HP8JTJaVmsaLPskK2ulXOO0VjvJoTjMM4LwxpBTdK7k="},"chainType":1,"messageKeys":{}}},"pendingPreKey":{"signedKeyId":3,"baseKey":"Bc2taGbJg+OWMYVPVhxEpsecTtu3D4KI/gTlucD+PTIf"}}},"version":"v1"}