{"_sessions":{"BQLjUfZ9IhOyjdF4YsMcWESHKnyvg2dblQw75FeCJdp4":{"registrationId":705601789,"currentRatchet":{"ephemeralKeyPair":{"pubKey":"BZgRwxRSMEHHRf4Qz9hGqbHtQ0XzIxPwKnDeKEJ7o1AJ","privKey":"2EhmYSFuh+1F1/qHaT/y01Wb+zrhKpflrly8EJmhBV8="},"lastRemoteEphemeralKey":"BeYqGF7iRCIpyploN9b+lJGXMJDRy1xnhwtBiuGL/CVK","previousCounter":0,"rootKey":"S5sJfBp93gQIsElM3U3QvmyWb2KqFQi8EZhci4fP8kE="},"indexInfo":{"baseKey":"BQLjUfZ9IhOyjdF4YsMcWESHKnyvg2dblQw75FeCJdp4","baseKeyType":1,"closed":-1,"used":1690368865112,"created":1690366778209,"remoteIdentityKey":"BQBaFcG3lS91Ech+VqXhd4cUcfZPczvWzUB+RdnYkDQp"},"_chains":{"BeYqGF7iRCIpyploN9b+lJGXMJDRy1xnhwtBiuGL/CVK":{"chainKey":{"counter":0,"key":"iM5BZ+Pm8fpF9+USzmXTYVHuKnV3rT5IyfpoWtt+CDE="},"chainType":2,"messageKeys":{}},"BZgRwxRSMEHHRf4Qz9hGqbHtQ0XzIxPwKnDeKEJ7o1AJ":{"chainKey":{"counter":2,"key":"PlA8X2N5RBG93YPh7OJH+no/pSdUSqfleBbmXlwp7DM="},"chainType":1,"messageKeys":{}}}}},"version":"v1"}