{"_sessions":{"BdOeba86Z5yLzLpnuuxkKY4cDpnHEjX/hw/0bRI9ciYH":{"registrationId":172450175,"currentRatchet":{"ephemeralKeyPair":{"pubKey":"BSg+KdXyb0q8foMGVgQhzBi/idQqR3huVWwS2u5aC1UW","privKey":"sLUcmBWKFbAhEgdjd5EjttyrVxGG2Gwm1YKsJJeNYFI="},"lastRemoteEphemeralKey":"BY4ZQC/zWPf5OYRqEbNOQ21aBXK8x2jPQMrwvlutUWYq","previousCounter":0,"rootKey":"1d0qycSkE/MtBW0/BbJpS3C4B8ZlTMHATZrO2chrIRQ="},"indexInfo":{"baseKey":"BdOeba86Z5yLzLpnuuxkKY4cDpnHEjX/hw/0bRI9ciYH","baseKeyType":1,"closed":-1,"used":1691323489791,"created":1691323489791,"remoteIdentityKey":"BeUNRRtrphKYBsCfmSbsWHTPGnvAMg+P+0GEmkodErUM"},"_chains":{"BSg+KdXyb0q8foMGVgQhzBi/idQqR3huVWwS2u5aC1UW":{"chainKey":{"counter":3,"key":"Y1bZRYIXaO5JhCNUIWBjGQogZ2UcTBSNb6MetOaKG/I="},"chainType":1,"messageKeys":{}}},"pendingPreKey":{"signedKeyId":9,"baseKey":"BdOeba86Z5yLzLpnuuxkKY4cDpnHEjX/hw/0bRI9ciYH"}}},"version":"v1"}