{"_sessions":{"BVeKGb/kTtfXqJmZ7W9YkKGscTRDhU6SytyO5z17nmUR":{"registrationId":8038,"currentRatchet":{"ephemeralKeyPair":{"pubKey":"BR8o2thOAHTMqXUJDNa6qij8GCUu1YJKew14PMXlDIRP","privKey":"yIBFvklFMJA66NBAy05aoildOqa48KZh/ByoFa+TuE8="},"lastRemoteEphemeralKey":"BYe8KDpRpyZp+jey7mpIVBAhX7sD871UCc8V1PEsGo5M","previousCounter":0,"rootKey":"8ElgNoLaBEEjDOjq0jiczD5AVGM7rk5nKzsuhEFeMcU="},"indexInfo":{"baseKey":"BVeKGb/kTtfXqJmZ7W9YkKGscTRDhU6SytyO5z17nmUR","baseKeyType":1,"closed":-1,"used":1690205061459,"created":1690205061459,"remoteIdentityKey":"BWsgQqFlHstEGU4t8rFBkXaaogZUZ0KSbTz4oI3OX9tn"},"_chains":{"BR8o2thOAHTMqXUJDNa6qij8GCUu1YJKew14PMXlDIRP":{"chainKey":{"counter":64,"key":"XBvv3XslVz3bxmdphpMC+4B94ppIxPY+y1Q9qxZiADk="},"chainType":1,"messageKeys":{}}},"pendingPreKey":{"signedKeyId":3,"baseKey":"BVeKGb/kTtfXqJmZ7W9YkKGscTRDhU6SytyO5z17nmUR"}}},"version":"v1"}