{"_sessions":{"BZs4PDLOl0sCwYFsjxFweZFhH4fJTFqK40u4yPKzk5El":{"registrationId":796716599,"currentRatchet":{"ephemeralKeyPair":{"pubKey":"BUbixdQy0XqB5sgcp8WoacGItExCnKFjYqfny20GagN6","privKey":"2D/KcXBaHcZRDAzjJjXdAhSEYQVN6R5rthHvcQFMxnE="},"lastRemoteEphemeralKey":"Bfn8MHtb3s9OgMMHn0PE2W79WmXbTRyNH9vs7kY6ZIVF","previousCounter":0,"rootKey":"gJP+c3Wq+v8kLv7NqjkqeEOgOuKMS1Q/EhUJIQ/wxw4="},"indexInfo":{"baseKey":"BZs4PDLOl0sCwYFsjxFweZFhH4fJTFqK40u4yPKzk5El","baseKeyType":2,"closed":-1,"used":1690760592357,"created":1690735833803,"remoteIdentityKey":"BeQQUCYTYQrIR0T5N0d6/pXiW2nx4Y4R64YEqK9TIRwL"},"_chains":{"BXdHePgjT1VAAetwzTYrH91l5pLTDQlVCo2LSIWSoLcs":{"chainKey":{"counter":2},"chainType":2,"messageKeys":{"0":"CPBV7Nd1pei/OTT7edSCuIBl7ZiYc9pBhTohYCEjyyg=","1":"/7lKIj21/jlYLYQa4QMlkaMcVi7XPmaAr8bLMI7Ch/M="}},"BZUsfc7Wr9N6hbQBChK9p46eJQmhZ0FKkZWGj5YBtlUA":{"chainKey":{"counter":0},"chainType":2,"messageKeys":{}},"BRyKtElbuDnqJwWfPV5sJz/nUja0ZLYTkD7NQgAV4LUY":{"chainKey":{"counter":6},"chainType":2,"messageKeys":{}},"Bftv+KxUliVZSUjNaQvsMKp3HP5d9XO7c24IOTSftQl7":{"chainKey":{"counter":6},"chainType":2,"messageKeys":{"0":"JKXu5iXOmW3SAU0o8dIC65ujUDijOUris21WZEcfhkU=","1":"aOG6YPCegv4yVxOnw6V06VixVmQzYwWbzmS1HBZkpSQ="}},"Bfn8MHtb3s9OgMMHn0PE2W79WmXbTRyNH9vs7kY6ZIVF":{"chainKey":{"counter":3,"key":"Wb+b67q91/QLWmY1ywJgurwayex6n6grpZ4X4mZxsq0="},"chainType":2,"messageKeys":{}},"BUbixdQy0XqB5sgcp8WoacGItExCnKFjYqfny20GagN6":{"chainKey":{"counter":-1,"key":"mD8dC7dB6PuRGyNFzyosRUN2NrJDV1b+2yw5tqMM0lA="},"chainType":1,"messageKeys":{}}}}},"version":"v1"}