{"_sessions":{"BRKnXIz6h+n8+Y7UivtBn3h3MOTTfxQCTNdrxHq9CMQS":{"registrationId":733937250,"currentRatchet":{"ephemeralKeyPair":{"pubKey":"BdElOoTohbm+T1fX2V3g21XYdMsOSYixWUhKyap6YhUI","privKey":"WIbSxz2SYdiAnPXcg/KvmEDRaZCgds782ta1p3l3qng="},"lastRemoteEphemeralKey":"BbWQxbu9X52ZCZu6NP5nKmKd7uD6JQDeXHsbLTqHgYdv","previousCounter":0,"rootKey":"/xXUrTtHKh4NZNHaWNisugXurLy6qHE3KgMXToYYGC4="},"indexInfo":{"baseKey":"BRKnXIz6h+n8+Y7UivtBn3h3MOTTfxQCTNdrxHq9CMQS","baseKeyType":1,"closed":-1,"used":1691323489677,"created":1691323489677,"remoteIdentityKey":"BUfQ964gwi4f3cbvWiz3IPPk+P7trd4f8SMcrw8XuMZf"},"_chains":{"BdElOoTohbm+T1fX2V3g21XYdMsOSYixWUhKyap6YhUI":{"chainKey":{"counter":3,"key":"mokgdwecYCzkOLT7pSo/mon52zKe7eVSTX15O3zhaHs="},"chainType":1,"messageKeys":{}}},"pendingPreKey":{"signedKeyId":8,"baseKey":"BRKnXIz6h+n8+Y7UivtBn3h3MOTTfxQCTNdrxHq9CMQS","preKeyId":9217784}}},"version":"v1"}