{"_sessions":{"Be9cN52NH2uaHzPdrqgYW24fY66AvsOP6jIj0RFNz2o5":{"registrationId":267090400,"currentRatchet":{"ephemeralKeyPair":{"pubKey":"BW0TPJq4HXks48RTZeBBvVkRXfhd8I/gYfrNunAxzgRZ","privKey":"uMSOtPVEMVtq3+Kby+0x1wwO05+uElyqzSnPQ7NmIkY="},"lastRemoteEphemeralKey":"Bbqwuji371qGA8I8uu0yVA7MKgophTrxDisxsVX9lXsc","previousCounter":0,"rootKey":"/qbmh7PWkvNxu2kW/rCm40qu2kmbySKpRBnCGR+E/JI="},"indexInfo":{"baseKey":"Be9cN52NH2uaHzPdrqgYW24fY66AvsOP6jIj0RFNz2o5","baseKeyType":1,"closed":-1,"used":1690368708792,"created":1690368668267,"remoteIdentityKey":"BVwlpLse4CGLDZMsexSWjLwx1TgjeHcdVKY49krZPCk8"},"_chains":{"Bbqwuji371qGA8I8uu0yVA7MKgophTrxDisxsVX9lXsc":{"chainKey":{"counter":0,"key":"SdDHIuMNllgl7lzlFlH9N4uTQCu+vEihjVuJMX9sVfs="},"chainType":2,"messageKeys":{}},"BW0TPJq4HXks48RTZeBBvVkRXfhd8I/gYfrNunAxzgRZ":{"chainKey":{"counter":-1,"key":"jlheM/PgVGNHxK8UN7gv5tK3+pUmFXDeAdJ99wNDSXI="},"chainType":1,"messageKeys":{}}}}},"version":"v1"}