{"_sessions":{"BWnY8z5nDTaBK08p8fvj6Q9YeL+H4Gf3ykuI7JPAhL81":{"registrationId":1035445871,"currentRatchet":{"ephemeralKeyPair":{"pubKey":"BTNF6YAJ4DkyVVL1cYRN0uVywYYDL6DQAQk2H07wUFwi","privKey":"6FHR7SGD8Rm2zrOk7WTbBIf52s4ytuq+Qe8luzImMHY="},"lastRemoteEphemeralKey":"BcKyl/IrJWM6OCQjpyOFYggkz8JoRl0hSvG2bwcyDdUC","previousCounter":0,"rootKey":"kzWqZK4mx4k6gHWwkxlDfn+52uFGNcVsL+JpRby32PI="},"indexInfo":{"baseKey":"BWnY8z5nDTaBK08p8fvj6Q9YeL+H4Gf3ykuI7JPAhL81","baseKeyType":2,"closed":-1,"used":1691323486967,"created":1691323486967,"remoteIdentityKey":"BSRjR7rgH4bMSTKWwj/B5/93wGvNh9Jyrvk2lQK1zAkK"},"_chains":{"BcKyl/IrJWM6OCQjpyOFYggkz8JoRl0hSvG2bwcyDdUC":{"chainKey":{"counter":0,"key":"Np+6vO2npYHtvJUluDJzmlsl+ufNE40MfsaLHwwBTrs="},"chainType":2,"messageKeys":{}},"BTNF6YAJ4DkyVVL1cYRN0uVywYYDL6DQAQk2H07wUFwi":{"chainKey":{"counter":3,"key":"Ab+c4RDnSbIgnIsepLIEI0vRukOdfeGPXuf6dcXm4k0="},"chainType":1,"messageKeys":{}}}}},"version":"v1"}