{"_sessions":{"BYk0m9G2K4v2QWj2H/he1w9zBnw73XkNnutZ5aYmRwVB":{"registrationId":222794209,"currentRatchet":{"ephemeralKeyPair":{"pubKey":"BY+wSKhtIMTutLKyWQFSMgzz/MuoChg4fEdjAFn6vTYA","privKey":"cFQv/gGYK5xbinOAKX31q7orIvHU4bXGMClFBArdMGE="},"lastRemoteEphemeralKey":"BUOgHhVMxm91CTfQFUfefLj0ZwvK9gkzezmf5bH1l0pX","previousCounter":0,"rootKey":"Q+BkCZZmhkwI6BWbIJxQZAbw5cCoRhBJyhGgr979T/4="},"indexInfo":{"baseKey":"BYk0m9G2K4v2QWj2H/he1w9zBnw73XkNnutZ5aYmRwVB","baseKeyType":1,"closed":-1,"used":1691323489770,"created":1691323489770,"remoteIdentityKey":"BWHHY6q2v5NshX4eoBWLoHa1plSPSGcy3sB/0V0WGWEH"},"_chains":{"BY+wSKhtIMTutLKyWQFSMgzz/MuoChg4fEdjAFn6vTYA":{"chainKey":{"counter":3,"key":"+d16w819ndUW4wRPe9Q7iWHeBfsopxSa0VKzxG8SY74="},"chainType":1,"messageKeys":{}}},"pendingPreKey":{"signedKeyId":4,"baseKey":"BYk0m9G2K4v2QWj2H/he1w9zBnw73XkNnutZ5aYmRwVB"}}},"version":"v1"}