{"_sessions":{"BWkr2hYhun4qztSQvpz5bTuQPKlW5LZh6w6T/p15klIe":{"registrationId":1520675261,"currentRatchet":{"ephemeralKeyPair":{"pubKey":"BfT43QoDOlj1HTfmsnk5wuoNjpyyQiKUim7gyOMy3AMg","privKey":"oDzBFCXg1fFKHwt0Wx/BDsuGmFBhaPx9I2sODrHaoGw="},"lastRemoteEphemeralKey":"BV39dlSCgoWKaRBwgMYo8dKr/fotBWIv2mmtLSb3iDBM","previousCounter":0,"rootKey":"2xHtsye7u9q0uLry3A7HNQzcL/csxNMQ5k0aIetxAtk="},"indexInfo":{"baseKey":"BWkr2hYhun4qztSQvpz5bTuQPKlW5LZh6w6T/p15klIe","baseKeyType":1,"closed":-1,"used":1691323489785,"created":1691323489785,"remoteIdentityKey":"Bd7P1MYlK0Ebn7j7k7xnHyD+QqwPrEyt10Mk7yeFd9oP"},"_chains":{"BfT43QoDOlj1HTfmsnk5wuoNjpyyQiKUim7gyOMy3AMg":{"chainKey":{"counter":3,"key":"FHJ0qnq0B7f+ElLBNgJxWiFhRKKZRAui+5vPAWIhn2c="},"chainType":1,"messageKeys":{}}},"pendingPreKey":{"signedKeyId":33,"baseKey":"BWkr2hYhun4qztSQvpz5bTuQPKlW5LZh6w6T/p15klIe"}}},"version":"v1"}