{"_sessions":{"BYQpjpfSLgtapDq/EOr5GVxB1pMy4iYo92wDEwzfQg5m":{"registrationId":1489235137,"currentRatchet":{"ephemeralKeyPair":{"pubKey":"BYnGg2GS2EPqGd4aM+zZu/3AKsBH5o3veWJh2/alzw9E","privKey":"IGhrVCd+UcUTo2cNXDbCqXgwBAuZfZLlF6jyzJQcpnI="},"lastRemoteEphemeralKey":"BY/rI/hcyc2eZKMSkRTNXC2NJLSWfHhL+nJoDUMelxJZ","previousCounter":0,"rootKey":"RN3t80wDz17i92XOFzDIi9Nbie2Fkxx0XmeRCPAMfGI="},"indexInfo":{"baseKey":"BYQpjpfSLgtapDq/EOr5GVxB1pMy4iYo92wDEwzfQg5m","baseKeyType":1,"closed":-1,"used":1691323489743,"created":1691323489743,"remoteIdentityKey":"BVxtKmi7cd7HI25DkI0gGcTEtY1jaIl5u9fDZ2IUSkol"},"_chains":{"BYnGg2GS2EPqGd4aM+zZu/3AKsBH5o3veWJh2/alzw9E":{"chainKey":{"counter":3,"key":"hJ6vQ4DQ0N40b0Hjx3jE6iwJg6aXzd4x+QVwnbmEezA="},"chainType":1,"messageKeys":{}}},"pendingPreKey":{"signedKeyId":16,"baseKey":"BYQpjpfSLgtapDq/EOr5GVxB1pMy4iYo92wDEwzfQg5m","preKeyId":13443569}}},"version":"v1"}