{"_sessions":{"BWNYkFXqv+tqNV9lTZeAyjIHPG/+0yq0jfpFUh1Z77Fj":{"registrationId":4284,"currentRatchet":{"ephemeralKeyPair":{"pubKey":"BYmDlxWYN2ESa2/TDxlkhTOHIZu45yNcsPSzjSDCehYZ","privKey":"YBhUs6WERk1o25IAlOF9x/eYkDDe9ZA32f98tucMjmI="},"lastRemoteEphemeralKey":"Bdq1q2jupSyxBMnIvf3XCj8NUZBptz0Od0yhRVjpbjM8","previousCounter":0,"rootKey":"XWQrspgzccXkzH3lIEuieZr2+WpCYd25R+d0rBOkgaE="},"indexInfo":{"baseKey":"BWNYkFXqv+tqNV9lTZeAyjIHPG/+0yq0jfpFUh1Z77Fj","baseKeyType":1,"closed":-1,"used":1690366778182,"created":1690366778182,"remoteIdentityKey":"BfuHg5GH8XnnO2RKPGquznbUsGaBQY6OdGn1dr7yq+B/"},"_chains":{"BYmDlxWYN2ESa2/TDxlkhTOHIZu45yNcsPSzjSDCehYZ":{"chainKey":{"counter":3,"key":"LTkoUJlk0XS6dRviU+POW3CnxeWYdeu677H/YsDbnhE="},"chainType":1,"messageKeys":{}}},"pendingPreKey":{"signedKeyId":1,"baseKey":"BWNYkFXqv+tqNV9lTZeAyjIHPG/+0yq0jfpFUh1Z77Fj"}}},"version":"v1"}