{"_sessions":{"Bf4VNBZ9/nQp736tTXterpph4IDgpVE23JYs5aatYxBP":{"registrationId":643286231,"currentRatchet":{"ephemeralKeyPair":{"pubKey":"BRyPmLvM/+xF3li4HATAJvE1+Af0OZvak6C94iOlf3Ul","privKey":"6HvqqZeJHPo+/hV/FU92BoASt5pPvkF8+oUT1PxNYWw="},"lastRemoteEphemeralKey":"BePDiVby0CZGlzpP56WHv2bSHhriuyDWZHAi6wHp4Hwj","previousCounter":0,"rootKey":"ehc040NG2GTzUxCWB59wy5pCVBl/weuwbzKgB+Ln0Vc="},"indexInfo":{"baseKey":"Bf4VNBZ9/nQp736tTXterpph4IDgpVE23JYs5aatYxBP","baseKeyType":1,"closed":-1,"used":1691404027058,"created":1691323489694,"remoteIdentityKey":"Bf+xLvAnrO43Vb6n2cXgS/AlMCuxi1mcEzTkTkaigRoW"},"_chains":{"Bd/B5bX/8w07GEUx+BqEnsp20mSqZ6euey6JrtX49J0Z":{"chainKey":{"counter":0},"chainType":2,"messageKeys":{}},"BTykzw7aE7XMbUKF1xu/NVpZP779gsC1ECyJjwutOHZb":{"chainKey":{"counter":1},"chainType":2,"messageKeys":{}},"BfEghvTXav4vlaihZ29pQ6VB223jxuxqf/BSvGm5XCkn":{"chainKey":{"counter":0},"chainType":2,"messageKeys":{}},"BfbRupEvtGexuiE4vXBNVoncvqjlpQ1WIUxxIdl8p2Vw":{"chainKey":{"counter":0},"chainType":2,"messageKeys":{}},"Be5tIjAjTA3Uw6iGSl6z6Otn6MlNOtSKwBNX35G7PhcK":{"chainKey":{"counter":0},"chainType":2,"messageKeys":{}},"BePDiVby0CZGlzpP56WHv2bSHhriuyDWZHAi6wHp4Hwj":{"chainKey":{"counter":2,"key":"M2xWEEgR0lGNEH9tsr7Tghs4sasT9Rmh88Jh4P8sWy4="},"chainType":2,"messageKeys":{}},"BRyPmLvM/+xF3li4HATAJvE1+Af0OZvak6C94iOlf3Ul":{"chainKey":{"counter":-1,"key":"nSHg/VcdCGiUNZ9AxhYjTtXQVgRI3iU7066mIERAaC0="},"chainType":1,"messageKeys":{}}}}},"version":"v1"}