{"_sessions":{"BZDPuJlSeB8YJjh37DefAKUFCPCC+hFmY51zJwJWFuV9":{"registrationId":2110028730,"currentRatchet":{"ephemeralKeyPair":{"pubKey":"BZyNer7eMuyz+/Jcr+3p1xE+vEh9GqRkJgelqnRjgCQV","privKey":"eFm3b9ITnpfZ2xItGccTizLd6xSFpVWETqWdh9YhjHI="},"lastRemoteEphemeralKey":"BU5MNigDRciIAWSxCzZ3vx61Tb7u8Qb1yF8p3CK/dkQz","previousCounter":0,"rootKey":"eoXPOIbFNyfHyZYjqjQXpNCngJMqzbYs0YgKyjXXwdg="},"indexInfo":{"baseKey":"BZDPuJlSeB8YJjh37DefAKUFCPCC+hFmY51zJwJWFuV9","baseKeyType":1,"closed":-1,"used":1691323489794,"created":1691323489794,"remoteIdentityKey":"BYPE6FeioFhiF5UU4Ca53WGsx2h8uukSBgCwIX2Iz8oW"},"_chains":{"BZyNer7eMuyz+/Jcr+3p1xE+vEh9GqRkJgelqnRjgCQV":{"chainKey":{"counter":3,"key":"4/gMPQ9teAjWcwbUQddtmgWMa20HE+xauFo3zhzjCFI="},"chainType":1,"messageKeys":{}}},"pendingPreKey":{"signedKeyId":2,"baseKey":"BZDPuJlSeB8YJjh37DefAKUFCPCC+hFmY51zJwJWFuV9","preKeyId":8774529}}},"version":"v1"}