{"_sessions":{"BfQ7GNz7TGa2h2erFwuJnOuUU1qoCk1vTd3VkDpOwOUC":{"registrationId":1845687609,"currentRatchet":{"ephemeralKeyPair":{"pubKey":"BVtdRhOeQwPjdq2bgsEzxNk8wDfvJIttd7E3Tlc81UUy","privKey":"+I0+HRjVE6pR0cHK2eRFjIKS5NIbj6Uhm6xLMzPATmY="},"lastRemoteEphemeralKey":"BQg7blLot8IYCzDrJCVUYRiqBfmkZl4DzcTCCWuLb3Z4","previousCounter":0,"rootKey":"gc3n9G9zjLErnewHYEj0xJO2M+PGQRa3HsYW9yax62A="},"indexInfo":{"baseKey":"BfQ7GNz7TGa2h2erFwuJnOuUU1qoCk1vTd3VkDpOwOUC","baseKeyType":1,"closed":-1,"used":1691323489706,"created":1691323489706,"remoteIdentityKey":"BRacLCm6X1YnIDLPdBnz8MGG5PW7wQmSleo7GkN3Cm90"},"_chains":{"BVtdRhOeQwPjdq2bgsEzxNk8wDfvJIttd7E3Tlc81UUy":{"chainKey":{"counter":3,"key":"YUnB3sLk3Vk84ike9pML12mX2kAZKfJ+8i7NDt+Zq6A="},"chainType":1,"messageKeys":{}}},"pendingPreKey":{"signedKeyId":15,"baseKey":"BfQ7GNz7TGa2h2erFwuJnOuUU1qoCk1vTd3VkDpOwOUC","preKeyId":1122377}}},"version":"v1"}