{"_sessions":{"BQ3yxc9dEp4Lns6hHiKTiUbw9DImO5klaqp9YD3wxphz":{"registrationId":1397724298,"currentRatchet":{"ephemeralKeyPair":{"pubKey":"BSbozbGeTpoKcKyYpH7KDIG/TYaAgCAb56kWoSuzBbNQ","privKey":"AFcRXiOP+VCWWKbfrZtxIXktMnG2/el6To4uV5/h92A="},"lastRemoteEphemeralKey":"BaGDCcC/QveCot7JJGtrLSDLXSiWvLCQ6WtJXBRPwHJR","previousCounter":0,"rootKey":"kiBHKU+EOq7XKrgvmVnMlBwqOg1BkBl2nk58jIBYziY="},"indexInfo":{"baseKey":"BQ3yxc9dEp4Lns6hHiKTiUbw9DImO5klaqp9YD3wxphz","baseKeyType":1,"closed":-1,"used":1691323489699,"created":1691323489699,"remoteIdentityKey":"BZS04iXY6pQFrmKyvvsUa4xL14nUUa1FhViQN3Jj1Z50"},"_chains":{"BSbozbGeTpoKcKyYpH7KDIG/TYaAgCAb56kWoSuzBbNQ":{"chainKey":{"counter":3,"key":"k+hq5LOY7xJcyjCqYKolkXR8eFJhTFSdlq9rS0XUyWw="},"chainType":1,"messageKeys":{}}},"pendingPreKey":{"signedKeyId":2,"baseKey":"BQ3yxc9dEp4Lns6hHiKTiUbw9DImO5klaqp9YD3wxphz","preKeyId":4154296}}},"version":"v1"}