{"_sessions":{"Bcjb0VFH9zfyOslkDOQAzuM3LjI71KPZ3gNAgxmGgPB8":{"registrationId":1515438457,"currentRatchet":{"ephemeralKeyPair":{"pubKey":"BaZM1Q6PPEgQT56nu3nBsjnZHU3dqbZhRAYFsCrY1Nxx","privKey":"ONUbUgufNJ04BRHZbOgleEiJ7KPdBG5nTBla9+pxpGQ="},"lastRemoteEphemeralKey":"BUrg3OuJmAhy+RmsU+YI3/uTyT2nP4ONrT8pRqILLWRd","previousCounter":0,"rootKey":"YxknTPqQ1LfHNtfAh2Nry45umn/mi2oAViHZzyGDFag="},"indexInfo":{"baseKey":"Bcjb0VFH9zfyOslkDOQAzuM3LjI71KPZ3gNAgxmGgPB8","baseKeyType":1,"closed":-1,"used":1691323489789,"created":1691323489789,"remoteIdentityKey":"BRIZPJypWKcnfwiSUR43Stp2SfQepnBoIffvQW6e3ABz"},"_chains":{"BaZM1Q6PPEgQT56nu3nBsjnZHU3dqbZhRAYFsCrY1Nxx":{"chainKey":{"counter":3,"key":"9MEJ3+n25bwIT1idbjWzFyULEg2O6mB4lEq9mGmFEjA="},"chainType":1,"messageKeys":{}}},"pendingPreKey":{"signedKeyId":16,"baseKey":"Bcjb0VFH9zfyOslkDOQAzuM3LjI71KPZ3gNAgxmGgPB8","preKeyId":916836}}},"version":"v1"}